model,mean,lower,upper,prob_positive,y_sd,mean_std,lower_std,upper_std
label_date_rw2,7.735762459999956,5.722197688333641,9.75348425858239,0.9999998173187576,4.904413788621243,1.5773062374850466,1.1667444744588524,1.9887156098475014
