model,mean,lower,upper,prob_positive,y_sd,mean_std,lower_std,upper_std
label_date_rw2_creator,4.386545360210508,3.613644471177751,5.143001150682756,0.999999814534548,2.4452170594993454,1.7939288224615308,1.477842000626987,2.103290229676288
