row_id,id,manual_label,nb_score,nb_prob,score_enet_logit,prob_enet,svm_score,svm_prob,xgb_score,xgb_prob,lgb_score,lgb_prob
1,IT-LAT0261,NA,-0.6075234432919244,0.11329753272258176,-3.69280627535157,0.0038432832926198696,-0.8514356599492278,0.0057182317776413895,-5.502964019775391,0.024791456920753633,-4.977433145880573,0.0038649148587642226
2,IT-LAT0285,NA,-34.538776394910684,0.0031044188035314977,-3.4301067131824303,0.006850323182050713,-0.6605247121554921,0.031999093955001175,-6.258740425109863,0.015418130890572226,-4.824819512564327,0.004627829765463721
3,IT-LAT0262,NA,-21.46066816895683,0.01286612352380051,-3.69280627535157,0.0038432832926198696,-0.88670871698634,0.004145907388496217,-6.337796688079834,0.01466735406766328,-5.039386614952883,0.003592222709238981
4,MQDQ-288,non_christian,-0.39445654036946115,0.11566187087602416,-3.69280627535157,0.0038432832926198696,-0.973151813307259,0.0018823706356963673,-6.063738822937012,0.01743547089460485,-5.039386614952883,0.003592222709238981
5,IT-LAT1006,NA,-3.988589331332804,0.08109177308655385,-3.69280627535157,0.0038432832926198696,-0.8698067297038109,0.004836822176864218,-6.063738822937012,0.01743547089460485,-5.039386614952883,0.003592222709238981
6,MQDQ-168,NA,-5.039422027807518,0.07292280176372803,-3.69280627535157,0.0038432832926198696,-0.9671155651441548,0.001989174775898865,-6.063738822937012,0.01743547089460485,-5.039386614952883,0.003592222709238981
7,MQDQ-169,NA,-0.6146391006373475,0.11321930460749882,-2.4907913689654175,0.05219433620179905,-0.6777298467768901,0.02746128485848052,-3.1008782386779785,0.1060064048843439,-3.82230507622369,0.01502935683701447
8,MQDQ-167,NA,-27.096242470621632,0.006984081907589576,-3.69280627535157,0.0038432832926198696,-0.8184905940708728,0.00771710882094636,-6.541519641876221,0.012894706598849661,-4.45535606294898,0.007152952860642843
9,MQDQ-228,NA,-34.538776394910684,0.0031044188035314977,-3.141301118668109,0.01289601706139707,-0.8945003515915152,0.0038614092946139436,-5.465883731842041,0.025372722901611952,-3.781921025348608,0.015754745382189017
10,MQDQ-229,non_christian,-2.4549422754542434,0.09451414663530848,-3.69280627535157,0.0038432832926198696,-0.9623762377245523,0.002077252517525964,-4.569698333740234,0.04419911091866425,-4.419145728931776,0.0074643385097214535
11,MQDQ-227,NA,-6.528775383671444,0.06263964472731681,-3.671453381676889,0.004028385645217168,-0.8768552476386777,0.004535759819310903,-5.220783710479736,0.029562244100881062,-4.4417044140727615,0.007268804228717496
12,MQDQ-226,NA,-34.538776394910684,0.0031044188035314977,-3.1294903197505812,0.013232795940956254,-1.0015635572292538,0.0014516462280102524,-6.632099628448486,0.012176096140566018,-4.808924412249937,0.004715442275588175
13,MQDQ-237,non_christian,-0.12422882244344902,0.11872208986140123,-3.69280627535157,0.0038432832926198696,-0.9436663069168815,0.002464649851804923,-5.56639289855957,0.02382710678344608,-4.754121279573324,0.005030363060792762
14,MQDQ-323,non_christian,-34.538776394910684,0.0031044188035314977,-3.0932270441789678,0.014321967447394465,-0.995509214969132,0.0015343028861589088,-8.081750869750977,0.004842901263602707,-4.723591298895383,0.005214787261741726
15,MQDQ-321,NA,-34.538776394910684,0.0031044188035314977,-3.242570525250442,0.010335039169073038,-0.8146011534765576,0.007994781792578086,-7.315822124481201,0.007889064335954715,-4.757839816766816,0.005008348289299267
16,IT-LAT0380,NA,-10.744179151557347,0.04042221367273575,-3.7061166945335327,0.003732211337214426,-0.8914319654438464,0.003971047976167383,-6.507358074188232,0.013176461895959344,-4.908239332360241,0.004193914488069131
17,IT-LAT0952,NA,-34.538776394910684,0.0031044188035314977,-3.595263615543137,0.004764199735554963,-0.8314803109111504,0.006857300771452098,-8.065743446350098,0.004892611554171418,-4.9567148105007925,0.0039606332891251135
18,MQDQ-306,NA,-34.538776394910684,0.0031044188035314977,-2.90703165765037,0.021462718298335032,-0.8564114648752823,0.00546483373860882,-7.148313045501709,0.008775572197233173,-3.7330063938802804,0.016679608754089675
19,MQDQ-307,NA,-34.538776394910684,0.0031044188035314977,-2.919317437541536,0.0208994196348313,-0.8498962406374218,0.005798969558461503,-7.514241695404053,0.00695329402022639,-4.489330464233088,0.006872534705407121
20,MQDQ-308,NA,-34.538776394910684,0.0031044188035314977,-3.0377480345966936,0.016161392537052288,-0.854290678015387,0.005571442071238638,-6.536974906921387,0.012931844639454978,-4.586054378504247,0.006132590365265245
21,MQDQ-309,non_christian,-34.538776394910684,0.0031044188035314977,-3.2540039649977524,0.01007958039775387,-0.9576323074676903,0.0021693130026362037,-8.085405349731445,0.00483162310715173,-4.869967775563533,0.004387715044849492
22,MQDQ-310,non_christian,-34.538776394910684,0.0031044188035314977,-2.502122950178389,0.050968380463653457,-0.9481291052726759,0.0023661569851693206,-6.228063583374023,0.01571954097415506,-3.8531047127568905,0.014498326518074206
23,MQDQ-311,non_christian,-34.538776394910684,0.0031044188035314977,-3.120719903581463,0.013488479951442886,-0.9926587520148905,0.0015748297100838012,-9.418378829956055,0.0020614431113656815,-4.725268140028535,0.005204485514231857
24,MQDQ-312,non_christian,-34.538776394910684,0.0031044188035314977,-3.087179983444086,0.014511994963006283,-0.9572354502177565,0.0021771964788995356,-7.128263473510742,0.00888808873084276,-3.9991939027299708,0.012221065384239393
25,MQDQ-313,NA,-34.538776394910684,0.0031044188035314977,-3.495837832132825,0.005928971446224312,-0.9411948617828368,0.0025209427409856587,-5.700751304626465,0.02190371904010131,-4.1883943984472864,0.00978972536527095
26,MQDQ-314,NA,-34.538776394910684,0.0031044188035314977,-3.4294044686636687,0.006860897627666694,-1.014415519800382,0.0012906285632665602,-7.380825042724609,0.007569498933993133,-4.236944080814074,0.009247268982133369
27,MQDQ-327,non_christian,-34.538776394910684,0.0031044188035314977,-3.4460839921411712,0.006614062069320208,-0.9889703624207008,0.001628860093775995,-8.053580284118652,0.0049307228652023085,-4.796676694019071,0.004784075063844606
28,MQDQ-315,non_christian,-34.538776394910684,0.0031044188035314977,-3.224192538369442,0.010759149445220972,-0.9825330408713278,0.0017276298651475092,-7.842183589935303,0.005642315502370249,-4.551874121428566,0.006384558711819161
29,MQDQ-316,non_christian,-34.538776394910684,0.0031044188035314977,-3.218387385419131,0.010896659666485996,-1.0561231678833216,8.811541269592761e-4,-7.292869567871094,0.00800507132944678,-4.568573782059175,0.006260193274484351
30,MQDQ-317,non_christian,-34.538776394910684,0.0031044188035314977,-3.0544238423033816,0.015585328657007045,-0.9977279152918718,0.0015034803375636849,-8.191118240356445,0.004516456066518521,-4.56522413823227,0.006284944170082493
31,MQDQ-318,non_christian,-34.538776394910684,0.0031044188035314977,-3.2240959379547736,0.010761423574658499,-0.9997338754261357,0.0014761457485069776,-7.379508972167969,0.007575839760171563,-3.8043597623336938,0.01534754363310411
32,MQDQ-319,non_christian,-34.538776394910684,0.0031044188035314977,-3.2104397590817944,0.011087742564049654,-1.0087894018697234,0.0013587960233998298,-7.93260383605957,0.005326236225788045,-4.751131033148081,0.005048135968469842
33,MQDQ-322,NA,-34.538776394910684,0.0031044188035314977,-2.8744676347371874,0.02302856089169043,-0.8917225080018738,0.0039605348525726496,-6.546239376068115,0.012856249942390057,-4.902917332441929,0.004220345178598201
34,MQDQ-324,NA,-34.538776394910684,0.0031044188035314977,-3.102171221469964,0.014045386360235501,-0.8883962932854322,0.004082568281385956,-7.379241466522217,0.007577129246455139,-4.247100291260148,0.009137614364730933
35,MQDQ-325,NA,-34.538776394910684,0.0031044188035314977,-3.141768911838667,0.012882853774489098,-0.9211470676908097,0.003027606104394003,-8.326695442199707,0.004142032032369818,-5.076408854948603,0.0034385081693205106
36,MQDQ-326,NA,-34.538776394910684,0.0031044188035314977,-3.4608955214067865,0.006402276782846199,-0.725731442042179,0.017865614473103343,-5.340148448944092,0.027444194848346228,-2.5975580199321318,0.06118362085253056
37,IT-LAT0181,NA,-34.538776394910684,0.0031044188035314977,-3.0919323271448174,0.014362446238325062,-0.9502333022466455,0.0023210898454249624,-7.099473476409912,0.009052160489879345,-4.837893202828056,0.004556984457980302
38,MQDQ-74,non_christian,-2.007566913140721,0.0987893142188133,-3.69280627535157,0.0038432832926198696,-0.9600357599584369,0.002122173915481555,-6.1580729484558105,0.016429093173001137,-5.026326249150696,0.0036480668715361286
39,MQDQ-73,non_christian,-4.054301703296744,0.0805573714289516,-2.771905402880614,0.028723562206817807,-0.9485695083434955,0.0023566528718466585,-3.1762590408325195,0.10151303614519064,-2.645798750363659,0.05798007790669169
40,MQDQ-70,non_christian,-31.41248344635426,0.004365724194558085,-3.2359561118675684,0.01048574038563221,-0.9631114221215575,0.0020633387382372873,-3.9031848907470703,0.06620197620418579,-2.7615110329122183,0.05092677678199977
41,MQDQ-72,non_christian,-34.538776394910684,0.0031044188035314977,-2.97866325057431,0.018375989420800945,-0.9570950723193482,0.0021799918918857953,-5.313108921051025,0.02791068705466497,-3.578927457131909,0.01995543541672764
42,MQDQ-71,NA,-34.538776394910684,0.0031044188035314977,-2.8007699361329124,0.026995178101873303,-0.8724945689160415,0.004719739852344701,-6.924459934234619,0.010116104371563243,-4.509551436978033,0.006710845871502066
43,MQDQ-67,NA,-34.538776394910684,0.0031044188035314977,-1.9909435166779832,0.1426195426245008,-1.0213065497936553,0.0012117713129376664,-7.23469352722168,0.008306739597052708,-3.2210563691937066,0.03018204307879715
44,MQDQ-68,non_christian,-10.859897921754907,0.03993372146534748,-3.69280627535157,0.0038432832926198696,-0.9782542830097267,0.0017965656310507494,-5.964594841003418,0.018558415959829693,-5.037346339385124,0.0036008901495471752
45,MQDQ-69,NA,-34.538776394910684,0.0031044188035314977,-2.9531347043150094,0.019422605032906753,-0.8110555244078989,0.008256533404281886,-4.063151836395264,0.06013732608744286,-1.5921074837379985,0.17670432307379172
46,MQDQ-484,NA,-34.538776394910684,0.0031044188035314977,-3.4614147192352633,0.006394976451292868,-0.963092710532016,0.0020636917095451764,-7.809408664703369,0.005761434022225025,-4.9340185579340465,0.00406820151168073
47,MQDQ-485,NA,-23.57019186993955,0.010240317234727488,-3.578557815491412,0.004942628058893088,-0.8062459576428835,0.008625223858135892,-4.639145851135254,0.04235595796865772,-3.642755446428316,0.018528173624184824
48,MQDQ-629,NA,-34.538776394910684,0.0031044188035314977,-3.1218517192608677,0.013455212242167404,-0.9151740413676164,0.0031973353534414856,-8.82822036743164,0.0030065805891940534,-4.870512617123187,0.004384894454484611
49,MQDQ-488,non_christian,-34.538776394910684,0.0031044188035314977,-3.2356378540768143,0.010493046065864696,-0.9848846056000481,0.0016908744311288824,-6.934781551361084,0.010050056750104633,-4.592700416404072,0.006084757478342169
50,MQDQ-487,non_christian,-34.538776394910684,0.0031044188035314977,-3.4492483728498677,0.006568238696921613,-0.9860622637893864,0.0016727618134812086,-9.389995574951172,0.00209921747502807,-4.907317102021894,0.004198482732348962
51,MQDQ-486,NA,-34.538776394910684,0.0031044188035314977,-3.3504510722638567,0.008159192423988796,-0.9622305031670414,0.002080021725836276,-7.840523719787598,0.005648288902255639,-4.72678293354268,0.005195196719126372
52,MQDQ-489,non_christian,-34.538776394910684,0.0031044188035314977,-3.235464056359799,0.010497037757892737,-0.973331176459362,0.0018792861494011188,-8.366968154907227,0.0040368861566637045,-5.014713969270814,0.0036984452103628195
53,IT-LAT0405,non_christian,-34.538776394910684,0.0031044188035314977,-2.8833416351094683,0.02259112079656194,-0.9670849659076148,0.001989731317403229,-6.890573501586914,0.010335977333568464,-4.586946207821747,0.006126150043638606
54,MQDQ-483,NA,-34.538776394910684,0.0031044188035314977,-3.130688913543092,0.013198226776801946,-0.8389895175236162,0.0064043786011172,-5.62947416305542,0.022904374418659213,-3.296511207320957,0.0276710204106697
55,IT-LAT0988,NA,-6.381713381987765,0.06359155445512256,-3.69280627535157,0.0038432832926198696,-0.7843875881502146,0.010517218333079642,-4.626467704772949,0.04268686760035632,-4.7784513176241035,0.00488804948546598
56,MQDQ-164,NA,-1.444726893127694,0.1044118358739005,-3.69280627535157,0.0038432832926198696,-0.8716096130168894,0.0047579737048892385,-6.063738822937012,0.01743547089460485,-5.039386614952883,0.003592222709238981
57,MQDQ-474,non_christian,-0.34010947559412585,0.11627176971734607,-3.69280627535157,0.0038432832926198696,-0.9721065081576357,0.0019004474204445364,-6.06897497177124,0.01737805628884239,-5.039386614952883,0.003592222709238981
58,MQDQ-503,non_christian,-8.840468641080747,0.04932590854833967,-3.69280627535157,0.0038432832926198696,-0.9903248072898001,0.0016088074073315182,-7.673096656799316,0.0062842636224962126,-5.358152500671941,0.0024645861174564646
59,MQDQ-502,non_christian,-34.538776394910684,0.0031044188035314977,-3.230252465023273,0.010617435248735253,-0.9939120438725183,0.001556880858676693,-5.181521415710449,0.030292962125833562,-3.6904571439245744,0.017527377173795964
60,MQDQ-329,non_christian,-8.482618079153184,0.05119559060304708,-3.69280627535157,0.0038432832926198696,-1.0196912203624113,0.0012298132273872691,-5.959334850311279,0.01861993570893109,-5.005193436363813,0.003740265419806734
61,MQDQ-175,non_christian,-2.0273311456866594,0.0985968634896252,-3.69280627535157,0.0038432832926198696,-0.9787201529781511,0.0017889286455940372,-6.063738822937012,0.01743547089460485,-5.039386614952883,0.003592222709238981
62,IT-LAT0236,NA,-34.538776394910684,0.0031044188035314977,-3.6723466050925504,0.0040204674999001835,-1.1033950758543765,5.716397662116851e-4,-8.751462936401367,0.0031577514186968314,-4.8571430303674665,0.004454631638716176
63,MQDQ-271,NA,-0.7522748502639018,0.11171541272670701,-2.1394807018097444,0.10695686539903833,-0.7100234528796495,0.020573616608104525,-3.383136034011841,0.09003958104588847,-2.265248165443354,0.08812019251790652
64,MQDQ-270,NA,-34.538776394910684,0.0031044188035314977,-2.7304561914706613,0.0313945397164332,-0.8655228195744549,0.005029431876810792,-5.696021556854248,0.021968774859427966,-3.728310973511739,0.016771147367296405
65,IT-LAT0372,non_christian,-28.543096549776806,0.005967185427572452,-3.69280627535157,0.0038432832926198696,-0.9696675739440557,0.0019433012656828823,-7.250871658325195,0.008221735022677206,-4.974944317830956,0.0038762903212525663
66,MQDQ-507,NA,-34.538776394910684,0.0031044188035314977,-2.8706363362406826,0.023219969578425374,-0.7426162281117996,0.015344677594709998,-3.986482620239258,0.06297623619339324,-3.032129158112396,0.03747452844034097
67,MQDQ-172,NA,-34.538776394910684,0.0031044188035314977,-2.4891493143779555,0.05237428437852674,-0.8367293938682074,0.006537479921386133,-7.1978044509887695,0.008503838354395598,-4.836335350574697,0.004565369355865754
68,MQDQ-13,NA,-34.538776394910684,0.0031044188035314977,-2.5479030825322555,0.04628773496753571,-0.8574895564815833,0.005411420183335825,-5.186779975891113,0.03019408847645753,-3.420103248947345,0.023990376572171398
69,MQDQ-139,non_christian,0.38250590500709325,0.12464964108158401,-3.69280627535157,0.0038432832926198696,-0.943193945209596,0.002475311188480516,-5.502964019775391,0.024791456920753633,-4.977433145880573,0.0038649148587642226
70,MQDQ-342,NA,-31.54594660528892,0.00430267831249976,-2.771266192127658,0.028763028415251798,-0.7994595268674732,0.009173370715121084,-2.8782365322113037,0.12031339735594763,-2.1929800213620325,0.09525144983446433
71,MQDQ-337,non_christian,-3.8442791635953775,0.08227672458058984,-3.69280627535157,0.0038432832926198696,-1.1999568739294586,2.361087337795657e-4,-6.980260848999023,0.009764084366648225,-5.268421704958522,0.0027404384619342647
72,IT-LAT0370,NA,-13.37038961920183,0.030632111398310687,-3.69280627535157,0.0038432832926198696,-0.8344191173489887,0.006676375008714867,-8.473776817321777,0.0037707234662402987,-4.9061932021781764,0.004204056640622444
73,MQDQ-339,NA,-34.538776394910684,0.0031044188035314977,-3.229437914262473,0.010636375937627217,-0.9069383567356704,0.0034470198753696053,-4.459319591522217,0.047286822099984915,-4.465468630213352,0.007068318685477727
74,MQDQ-176,NA,-0.8274305200145308,0.11090160893783778,-3.286764316259554,0.009381717569841757,-0.7660261063278341,0.012419764191477037,-5.087911128997803,0.03210642495434914,-4.709264393605691,0.0053036363228158205
75,MQDQ-458,NA,2.5970405643301415,0.15359217181427612,1.2369736082157143,0.9952517984832887,-0.537295518669532,0.09273512790625991,-2.7686758041381836,0.12794774127570355,-2.7118583367804368,0.053848062985418985
76,MQDQ-334,NA,-6.213284205473826,0.06469832738281751,-2.909870909230595,0.021331234478649097,-0.6827571800778625,0.026257749551184692,1.0123322010040283,0.623572344368924,-0.773817053769643,0.36151328184511483
77,MQDQ-333,non_christian,-27.37368186734011,0.006776577861760381,-2.5153770225963727,0.049569012631668345,-0.933332073972577,0.0027087074742950332,-3.4087436199188232,0.08870353692630713,-2.1711454638114307,0.09750555069827109
78,MQDQ-332,non_christian,-34.538776394910684,0.0031044188035314977,-2.5729181048404093,0.04390585277135063,-0.9369469675917712,0.002620710991628129,-5.634864330291748,0.02282716666893378,-3.6908589685101,0.0175191764113843
79,IT-LAT0221,NA,-34.538776394910684,0.0031044188035314977,-3.0905533861803796,0.014405682236952407,-0.7528823224461924,0.01398666767409556,-7.7644195556640625,0.005929025679931417,-5.142945995204497,0.0031785421384130717
80,MQDQ-511,non_christian,8.694077383020215,0.2612888212771816,-3.69280627535157,0.0038432832926198696,-0.9301457931382227,0.002788710233846023,-6.285784721374512,0.015157134846842337,-5.064295161909355,0.003488068164065571
81,IT-LAT0377,NA,-34.538776394910684,0.0031044188035314977,-3.0555000974638604,0.015548851630567467,-0.8609341183470232,0.005244216418190516,-8.107707977294922,0.004763358851590854,-4.014006880336094,0.012010892722889747
82,IT-LAT0093,non_christian,-34.538776394910684,0.0031044188035314977,-3.173921939537367,0.012009183095527577,-0.9683741190808973,0.0019664181956075004,-8.090092658996582,0.0048171957710119485,-4.359641618328136,0.008005510116395302
83,IT-LAT0094,NA,-34.538776394910684,0.0031044188035314977,-2.660743767295793,0.03643725440524128,-0.7624484858598378,0.012828228796668,-5.980439186096191,0.018374306431283786,-3.419696914327585,0.024001657756963966
84,MQDQ-493,non_christian,-23.413512492340487,0.010415619692804986,-3.69280627535157,0.0038432832926198696,-0.9741795924872299,0.0018647642723154086,-7.420501708984375,0.007380790089680174,-4.96189959520689,0.00393646039856621
85,MQDQ-494,non_christian,-0.940784005436015,0.10968400644722273,-3.69280627535157,0.0038432832926198696,-0.9539626615182564,0.0022433091630857,-6.063738822937012,0.01743547089460485,-5.039386614952883,0.003592222709238981
86,IT-LAT0122,NA,-34.538776394910684,0.0031044188035314977,-2.66310906127801,0.036254036157547735,-0.6967851906052309,0.023164694018769357,-5.797287464141846,0.020616328997664118,-3.884024227220513,0.013983833042719848
87,MQDQ-567,non_christian,-23.893538270911677,0.009887716828255913,-3.69280627535157,0.0038432832926198696,-0.961704565389674,0.0020900461246961886,-5.162986755371094,0.030643965639375638,-4.490576934937809,0.006862456858947039
88,MQDQ-635,non_christian,-3.296624520361661,0.08691820673578327,-3.231816090542238,0.010581169834380486,-0.9611229067497986,0.002101188716920686,-5.813323974609375,0.02040976525182227,-4.7833163618807095,0.00486007674955731
89,MQDQ-275,NA,-6.2471899637859565,0.06447409572948802,-3.69280627535157,0.0038432832926198696,-0.9070800903434302,0.0034425627463369295,-6.063738822937012,0.01743547089460485,-4.985437984736693,0.003828552854219546
90,MQDQ-338,non_christian,-4.709785324260011,0.07540017889702746,-3.69280627535157,0.0038432832926198696,-0.9871215555407987,0.0016566352300885618,-6.100847244262695,0.01703256035683496,-4.8812330057573785,0.0043297618294841364
91,MQDQ-442,NA,-4.571687209853771,0.07646085427926316,-3.69280627535157,0.0038432832926198696,-0.9577582334046109,0.0021668174712699334,-6.063738822937012,0.01743547089460485,-5.039386614952883,0.003592222709238981
92,MQDQ-160,NA,-10.422955184667046,0.04180839054431985,-3.69280627535157,0.0038432832926198696,-0.8381884029359454,0.0064512462853509684,-5.501616477966309,0.024812351762496403,-4.740367775074565,0.005112627461511194
93,MQDQ-214,non_christian,-13.70513909975358,0.029562534805776936,-3.69280627535157,0.0038432832926198696,-0.9764137619675871,0.0018270567997277676,-6.320627212524414,0.01482728502680621,-5.0466992035555736,0.0035613280010065268
94,MQDQ-238,non_christian,-34.538776394910684,0.0031044188035314977,-3.121656382748341,0.013460948027508043,-0.9592677221202356,0.0021371252946090786,-4.950376987457275,0.03496238827787921,-2.5940020519636477,0.06142620212222517
95,IT-LAT0127,non_christian,-34.538776394910684,0.0031044188035314977,-3.5252440904434224,0.005557723747285589,-0.9673492697103135,0.001984929258843825,-8.469532012939453,0.003780959866276535,-5.038554085985027,0.003595756921594371
96,IT-LAT0922_11,non_christian,-34.538776394910684,0.0031044188035314977,-3.184202483166652,0.011742385029033185,-0.975081657832662,0.0018494469444911897,-6.998106002807617,0.009654088630698297,-3.883790820619841,0.013987648634848488
97,MQDQ-521,non_christian,-29.608092021709012,0.005314033479326566,-3.69280627535157,0.0038432832926198696,-0.948620988464792,0.002355544394766165,-5.781353950500488,0.02082359249913809,-4.558616476478327,0.006334054380959716
98,IT-LAT0124,NA,-34.538776394910684,0.0031044188035314977,-3.1328911288401966,0.013134943819506226,-0.7688191573235594,0.012109826059371701,-6.82982873916626,0.010742020975695182,-4.808887026740828,0.004715650275270694
99,IT-LAT0922_2,non_christian,-34.538776394910684,0.0031044188035314977,-3.136525243741746,0.013031167797491963,-1.084886394719495,6.771899213609544e-4,-7.467998027801514,0.00716102161928566,-3.9113162397999863,0.013544683019551383
100,IT-LAT0922,NA,-34.538776394910684,0.0031044188035314977,-3.4462417042070537,0.006611770741276304,-1.067892955582107,7.911643630887889e-4,-7.067969799041748,0.009235137328372292,-4.764280093505737,0.0049704466143976975
101,IT-LAT0992,non_christian,-17.335982316447712,0.020061368363918346,-3.69280627535157,0.0038432832926198696,-0.9517651778901566,0.0022888201516191335,-8.175983428955078,0.004560290700985917,-4.518827567794025,0.006637942735964277
102,IT-LAT0125,NA,-34.538776394910684,0.0031044188035314977,-3.183205903184628,0.01176798956437667,-0.947881298359119,0.002371521580663405,-8.770752906799316,0.0031190622699349317,-4.302306386823459,0.00856372072983718
103,IT-LAT0126,NA,-34.538776394910684,0.0031044188035314977,-3.2412456927085542,0.010365051197802313,-1.0426615285011902,9.966822104553249e-4,-7.835937023162842,0.005664827831317649,-5.0284956485594705,0.0036387312987479384
104,IT-LAT0922_5,NA,-34.538776394910684,0.0031044188035314977,-3.274297234388083,0.009641465125598912,-0.9814254810207673,0.0017452164876789222,-8.868165016174316,0.0029307879749356958,-4.501266082165402,0.0067766343690569796
105,IT-LAT0922_10,NA,-34.538776394910684,0.0031044188035314977,-3.39314797690646,0.007429445909637205,-1.049658833242916,9.348585172349841e-4,-7.907728672027588,0.0054113924396650675,-5.049329789581854,0.0035502789993878685
106,IT-LAT0095,NA,-34.538776394910684,0.0031044188035314977,-3.4320333247770307,0.0068213951775316995,-1.0074888525623082,0.0013750586701410448,-8.140572547912598,0.004664512039466792,-4.923595515664356,0.004118571348595412
107,IT-LAT0922_9,NA,-34.538776394910684,0.0031044188035314977,-2.9080084392029115,0.021417395004315748,-0.9654542724118115,0.0020196164159958217,-5.602171897888184,0.02329938059396949,-3.239128875174045,0.02956121483898722
108,IT-LAT0955,non_christian,-16.057723123380583,0.023005050591995993,-3.400239787740878,0.007314674263788706,-0.9648464496765772,0.0020308699961981915,-6.452434539794922,0.013642240069482767,-4.827683105159897,0.0046122190025398285
109,IT-LAT0956,NA,-34.538776394910684,0.0031044188035314977,-2.597621744443753,0.041668677513311846,-0.8303016621814561,0.006931224133126989,-6.2552361488342285,0.01545227169548561,-2.695749978194142,0.054829279643389614
110,IT-LAT0218,NA,-23.13093827011835,0.010739319825068991,-3.1129739833711967,0.01371834506680839,-0.6110591727970696,0.04943502015088286,-4.385058879852295,0.04947841116829006,-2.756939648754278,0.051189338183852934
111,IT-LAT0128,non_christian,-34.538776394910684,0.0031044188035314977,-2.941085884737727,0.019936667857772178,-0.9923485157532272,0.0015793045256178911,-8.690037727355957,0.0032841650918579587,-4.888975316338707,0.004290374550617611
112,IT-LAT0922_7,NA,-34.538776394910684,0.0031044188035314977,-2.923114091129337,0.02072828923571633,-0.948726265832696,0.002353279167197896,-4.426172256469727,0.04825343302196134,-3.087486074013309,0.03517804359257077
113,IT-LAT0922_8,NA,-34.538776394910684,0.0031044188035314977,-3.1018737100489147,0.014054501093016685,-1.005333659328926,0.0014024372044418652,-6.2155609130859375,0.01584404036484734,-4.684462253649457,0.005461021901278747
114,IT-LAT0133,non_christian,-34.538776394910684,0.0031044188035314977,-3.1984554124446776,0.011382160942464841,-0.9812066368461726,0.0017487125383078004,-8.417572021484375,0.003908528183778952,-5.25379599299655,0.002788232632479777
115,IT-LAT0134,non_christian,-34.538776394910684,0.0031044188035314977,-3.2245321957727566,0.010751157135984289,-1.060867436892469,8.437112022224011e-4,-7.082423210144043,0.009150739791133787,-4.925146418996471,0.004111037390186391
116,IT-LAT0135,NA,-34.538776394910684,0.0031044188035314977,-3.0130911663900006,0.017051727397820227,-0.8912510042933782,0.003977609999064653,-4.980828285217285,0.034309661368762547,-3.9725560972294325,0.012608191256279697
117,IT-LAT0220,NA,-34.538776394910684,0.0031044188035314977,-3.2618673046116546,0.009907526236189412,-0.8687742674914045,0.004882560699541195,-7.511910915374756,0.006963619269426309,-5.098110991815268,0.0033514678962779077
118,IT-LAT0922_1,non_christian,-34.538776394910684,0.0031044188035314977,-3.1233211159783227,0.013412142654539654,-0.9479435223256069,0.00237017339850799,-6.48996639251709,0.013322228516073245,-4.082605014073399,0.011083232546384955
119,IT-LAT0922_13,NA,-34.538776394910684,0.0031044188035314977,-3.306432486605029,0.008985963324073191,-1.0299615020043777,0.0011195110764556017,-8.184234619140625,0.004536340708785216,-4.534820313676042,0.0065140949876682785
120,MQDQ-174,NA,-34.538776394910684,0.0031044188035314977,-1.6417875847782355,0.2647352370783053,-0.44687572413098553,0.18963270277613758,-5.423739433288574,0.026049494212064792,-4.595957366707318,0.006061452110541923
121,IT-LAT0137,non_christian,-34.538776394910684,0.0031044188035314977,-2.941366445341878,0.01992454751633002,-0.9600544344993548,0.0021218116812954093,-7.870800495147705,0.00554031354420847,-4.75260485607531,0.005039368321367764
122,IT-LAT0922_4,non_christian,-34.538776394910684,0.0031044188035314977,-2.875749457506956,0.022964866627135976,-1.018247297042089,0.001246167652129441,-7.330710411071777,0.007814709190312727,-4.761000657715837,0.004989710625035681
123,MQDQ-6,NA,-34.538776394910684,0.0031044188035314977,-1.3047356434873354,0.43141775116692216,-0.925774382415139,0.002902317304677062,-5.944836616516113,0.0187905415388075,-3.7420818382631835,0.01650407024598043
124,MQDQ-7,non_christian,-1.437201328744706,0.10448889409308912,-3.69280627535157,0.0038432832926198696,-0.9678981973686691,0.0019749928772595303,-6.0670928955078125,0.01739867192713177,-5.036388804823298,0.003604965101899379
125,IT-LAT0922_12,non_christian,-34.538776394910684,0.0031044188035314977,-3.4272509874359964,0.006893426073468185,-0.9807452985835887,0.001756105368176053,-6.2787652015686035,0.015224457050399993,-4.492974126645028,0.006843116547455879
126,IT-LAT0136,NA,-34.538776394910684,0.0031044188035314977,-3.515990883905415,0.005671980298313685,-1.0663887667581002,8.021325348942312e-4,-8.614809036254883,0.0034458774129555087,-5.085082188598337,0.0034034551932765424
127,IT-LAT0217,NA,-34.538776394910684,0.0031044188035314977,-3.254567824769061,0.010067145009449942,-0.7432128566987942,0.015262317986583252,-6.482534408569336,0.013385003031435092,-4.785890604839531,0.004845340027166837
128,IT-LAT0119,non_christian,-34.538776394910684,0.0031044188035314977,-2.8092442592629343,0.02650723257342083,-0.9702700871433831,0.0019326258018973936,-6.504449844360352,0.013200726894302706,-4.331576517195527,0.008274088985696027
129,IT-LAT0096,non_christian,-34.538776394910684,0.0031044188035314977,-2.7675623067060617,0.028992751920385786,-0.9401712810561503,0.0025446310668219728,-7.694820880889893,0.006197886877182881,-4.922360039103187,0.004124582869026861
130,IT-LAT0257,NA,-34.538776394910684,0.0031044188035314977,-3.030632933220151,0.0164135110452564,-0.7819178292477886,0.01075528542762848,-6.152039527893066,0.016491713364857535,-3.861640609461159,0.014354455766127875
131,MQDQ-153,non_christian,-3.8962045524961866,0.08184855317065406,-3.69280627535157,0.0038432832926198696,-0.9684780062490174,0.0019645514064454057,-6.352593421936035,0.014530889028013355,-5.081580083767713,0.003417565756737893
132,MQDQ-64,NA,-4.550344522406164,0.07662599478206888,-3.69280627535157,0.0038432832926198696,-0.9503383769744578,0.002318861968800521,-6.0529890060424805,0.017553927643793585,-4.767234391985082,0.004953155889833209
133,IT-LAT0384,non_christian,3.3644287192635667,0.1648332095414649,-3.69280627535157,0.0038432832926198696,-0.9295535842653923,0.0028038373305102997,-6.651291370391846,0.012028994779082819,-5.078533765381091,0.003429887284964177
134,MQDQ-230,NA,-4.181371306275224,0.07953309201162313,-3.69280627535157,0.0038432832926198696,-1.0401522619474814,0.001019833726767927,-6.092935562133789,0.017117688102812285,-5.118536719209381,0.0032715540005321016
135,MQDQ-328,NA,-9.633876583655336,0.04540897486531445,-3.69280627535157,0.0038432832926198696,-1.0063001578157567,0.0013900925907348895,-6.0304670333862305,0.017804675171847407,-5.039386614952883,0.003592222709238981
136,MQDQ-272,NA,-4.4943060517440045,0.07706115415772465,-3.69280627535157,0.0038432832926198696,-0.8517488864681481,0.005701941364359159,-6.68595027923584,0.01176777487896237,-5.062422538102088,0.0034957927803104514
137,MQDQ-633,non_christian,-1.1653770510468462,0.10730610003077531,-3.69280627535157,0.0038432832926198696,-0.9228923570980054,0.0029797296586807844,-6.892525672912598,0.010323183222123021,-4.864537431712216,0.0044159263014399595
138,MQDQ-501,non_christian,-2.5887523238304695,0.09326800343621616,-3.69280627535157,0.0038432832926198696,-0.989136067508686,0.001626393479226038,-6.210666656494141,0.015893040297131546,-4.927251065812235,0.004100835409264515
139,IT-LAT0254,non_christian,-34.538776394910684,0.0031044188035314977,-3.316178718932472,0.008796029176996819,-0.9551636538265541,0.0022188187551572132,-9.258557319641113,0.002283350440225259,-4.97358766670436,0.003882505082591419
140,IT-LAT0047,non_christian,-34.538776394910684,0.0031044188035314977,-3.2732667764050722,0.0096632503480805175,-1.1652033714753345,3.2458992955072656e-4,-7.673252582550049,0.006283639410712863,-5.182655105339784,0.003032829410545756
141,IT-LAT0138,NA,-34.538776394910684,0.0031044188035314977,-2.9668435261075,0.018853509360424785,-0.8083380748798183,0.008462882722975037,-6.525501728057861,0.013026069843103023,-3.5189697658796395,0.02139396760058897
142,IT-LAT0139,NA,-34.538776394910684,0.0031044188035314977,-3.5267556437681553,0.00553927813149302,-0.9065520387794219,0.0034591977245772452,-9.00654125213623,0.0026826591666931888,-4.910951809087228,0.0041805069724860765
143,IT-LAT0922_3,non_christian,-34.538776394910684,0.0031044188035314977,-3.6116004747368256,0.004595914255980901,-1.03539632216476,0.0010651981858749143,-7.163506031036377,0.008691251695142515,-4.366299970350577,0.007943070580751613
144,IT-LAT0922_6,NA,-34.538776394910684,0.0031044188035314977,-3.2113120509595356,0.011066609427109308,-0.9181942764375605,0.0031103591900971334,-7.660905361175537,0.006333259807747868,-4.778703638024758,0.004886594777797892
145,IT-LAT0535,non_christian,-34.538776394910684,0.0031044188035314977,-3.3187629711322173,0.008746338297501582,-1.0795697799596322,7.109632239863184e-4,-8.5018157958984375,0.0037037971605800375,-4.686030346233115,0.005450935217976396
146,IT-LAT0922_15,NA,-34.538776394910684,0.0031044188035314977,-2.4476463885627564,0.05712159275756188,-0.89576717366225,0.003817027871209533,-7.14126443862915,0.00881496655917839,-4.7329239440938,0.005157708363617157
147,IT-LAT0922_16,NA,-34.538776394910684,0.0031044188035314977,-3.4082411007538544,0.0071872953779655874,-0.7336106485462102,0.016642262886085557,-7.026397228240967,0.00948221398564615,-4.916189167400992,0.004154739859467082
148,IT-LAT0140,non_christian,-34.538776394910684,0.0031044188035314977,-2.9775298829061296,0.01842125852690117,-0.9954078235203094,0.001535726410200778,-5.353399753570557,0.02721835526241402,-2.6502191126258516,0.057694535157827145
149,IT-LAT0255,non_christian,-34.538776394910684,0.0031044188035314977,-2.994899062394107,0.017739357486390425,-0.9170372737725286,0.003143396087167171,-8.013216972351074,0.005059323967948422,-5.112575682678343,0.003294677744985244
150,IT-LAT0320,non_christian,-34.538776394910684,0.0031044188035314977,-2.3760269022010476,0.06627557425120927,-0.8951026570977685,0.0038402445871706607,-5.981825828552246,0.018358279350548994,-2.9523416240619773,0.0410394707102588
151,MQDQ-631,NA,-7.455459759071971,0.056941167333881736,-3.2954734264875545,0.009204390428534485,-0.7588443680947154,0.013253120756744561,-5.2291483879089355,0.029408790174124764,-3.9074956395455387,0.013605330834213804
152,MQDQ-12,NA,-2.8332009088188386,0.0910295265589734,-3.07097197056427,0.015033665369977538,-0.8438875562961672,0.00612509690713855,-4.7251877784729,0.04017416697240328,-4.388078435957177,0.007742195384286298
153,IT-LAT0922_14,non_christian,-34.538776394910684,0.0031044188035314977,-3.388867531968519,0.007499582418662456,-0.941931212798227,0.002504037815651589,-7.57568359375,0.006686525101157285,-4.908020947841144,0.004194995802707796
154,IT-LAT0102,NA,-34.538776394910684,0.0031044188035314977,-3.0611837152473407,0.015357608501100167,-1.0343843618596225,0.0010751078604865154,-7.766907691955566,0.00591963165616375,-4.731581908068544,0.005165877897468349
155,IT-LAT0097,NA,-34.538776394910684,0.0031044188035314977,-3.155814391045633,0.012493744608936416,-0.880642685875023,0.004381769114134678,-9.4345550537109375,0.00204021894857713,-5.177495046677194,0.003051381143955674
156,IT-LAT0098,NA,-34.538776394910684,0.0031044188035314977,-3.291796040433893,0.009278857410536183,-0.9863343837266869,0.0016686041803858924,-5.843896865844727,0.020021560450016827,-4.408573852724704,0.007557761331796499
157,IT-LAT0101,NA,-34.538776394910684,0.0031044188035314977,-3.1650166185394393,0.01224512594296776,-0.964811865727561,0.002031512181666582,-8.235143661499023,0.004391316521844397,-4.9063690301284675,0.0042031841473507215
158,IT-LAT0155,non_christian,-34.538776394910684,0.0031044188035314977,-3.7714904823637894,0.0032314190464421623,-0.9614734798141693,0.0020944658576976596,-8.9759674072265625,0.0027356142946668854,-5.217409755881463,0.002910773333169712
159,MQDQ-11,NA,-34.538776394910684,0.0031044188035314977,-2.755705459254199,0.029740171034509925,-0.9104109387563913,0.0033394545098908617,-6.307436943054199,0.014951315817655518,-2.5281819077723617,0.06608157909680258
160,MQDQ-156,non_christian,-34.538776394910684,0.0031044188035314977,-3.4529343960212286,0.006515258935164948,-0.992279402512522,0.0015803031356112105,-9.846906661987305,0.0015670215214181084,-5.034576424832535,0.003612690578305203
161,IT-LAT0240,non_christian,-34.538776394910684,0.0031044188035314977,-3.330477559935689,0.008524553210399362,-1.045861838558824,9.679151207634963e-4,-9.012383460998535,0.0026726571805529013,-5.27855510455564,0.0027078043421417393
162,IT-LAT0075,NA,-34.538776394910684,0.0031044188035314977,-3.02586803920308,0.016584509794000186,-1.0023632627142516,0.0014410660510866449,-7.399503707885742,0.007480070934545495,-4.22318752282491,0.009397877186625516
163,MQDQ-47,non_christian,0.9243270522953606,0.13126657363409394,-3.69280627535157,0.0038432832926198696,-0.9736564434401134,0.0018737054364914298,-6.063738822937012,0.01743547089460485,-5.039386614952883,0.003592222709238981
164,IT-LAT0029,non_christian,-34.538776394910684,0.0031044188035314977,-3.0865472960571427,0.014532020008334994,-0.9891580766863374,0.0016260661407625095,-7.667662620544434,0.006306056032274825,-4.8195455331927475,0.0046567184085460085
165,MQDQ-386,non_christian,-13.603457488789104,0.029883536624988837,-3.69280627535157,0.0038432832926198696,-0.9910316332562611,0.0015984408463173548,-6.477124214172363,0.013430883857228303,-4.9410083640858,0.004034767086025083
166,MQDQ-387,NA,-34.538776394910684,0.0031044188035314977,-3.033173329513981,0.016323053078749178,-0.7784994535133369,0.011093609226534414,-6.436574459075928,0.013779737239479676,-4.429578022574642,0.007373272864206511
167,IT-LAT0241,NA,-34.538776394910684,0.0031044188035314977,-3.2396014809877554,0.010402418220620942,-0.9146603119280335,0.003212369048128987,-7.813940525054932,0.005744815468167899,-4.8752648893941455,0.0043603688318335845
168,IT-LAT0242,NA,-34.538776394910684,0.0031044188035314977,-3.2490138269998683,0.010190297888250266,-0.9742169869670162,0.001864126794811942,-8.7586822509765625,0.0031432162176240324,-5.171475178979314,0.003073167136946903
169,MQDQ-162,NA,-0.826335908465353,0.11091342433249539,-3.2437529668973,0.010308325420557322,-0.8106783809339334,0.008284870793969461,-8.12606430053711,0.0047078942813680025,-4.914484491675004,0.004163109231033041
170,IT-LAT0029_2,NA,-34.538776394910684,0.0031044188035314977,-2.7768281529116443,0.02842137724215563,-0.9543574287300034,0.0022352295327419855,-7.943918228149414,0.005287945474730462,-4.6499230815728945,0.005687961315400444
171,MQDQ-538,NA,-34.538776394910684,0.0031044188035314977,-3.119449707723226,0.013525911720179183,-1.0126258618105517,0.0013119336900695162,-8.914117813110352,0.0028459488515250866,-4.263323161173394,0.008965125816589493
172,IT-LAT0056,NA,-34.538776394910684,0.0031044188035314977,-2.6322901812711783,0.03871226429002566,-1.00062293431272,0.001464190068977891,-8.273746490478516,0.004284434340610086,-3.5071477712421677,0.02168935075984222
173,MQDQ-520,NA,-29.03997383407841,0.005653077056950501,-3.683199105983184,0.003925492880562327,-0.8797201257180693,0.004418792441182006,-5.033608913421631,0.033206047930483304,-4.630285267366875,0.005821147545055773
174,IT-LAT0029_3,non_christian,-34.538776394910684,0.0031044188035314977,-3.082789466870175,0.01465152048120221,-0.9952739793366088,0.001537607586416573,-8.048486709594727,0.004946770381884032,-5.120769831420559,0.003262933138799911
175,MQDQ-137,non_christian,-15.261707789323424,0.025047105687855804,-3.69280627535157,0.0038432832926198696,-1.1019177593499039,5.79423793783883e-4,-6.289209842681885,0.01512439197891041,-5.096021928762287,0.003359750045358346
176,MQDQ-132,NA,-34.538776394910684,0.0031044188035314977,-2.7941223892117115,0.027384040716357975,-0.9238761008798576,0.0029530772023956806,-8.472502708435059,0.003773793092932411,-4.828920874059563,0.004605487588737133
177,MQDQ-88,NA,0.3173869521315141,0.12387393293485661,-3.69280627535157,0.0038432832926198696,-0.7412638169987804,0.015532989929224413,-6.513465404510498,0.013125648158095056,-4.596571842655227,0.006057065137224049
178,MQDQ-126,non_christian,-34.538776394910684,0.0031044188035314977,-3.252058807224705,0.010122595801319469,-0.9945562629307735,0.0015477343875697274,-5.649483680725098,0.02261903921698745,-4.832661052480389,0.004585206570994483
179,MQDQ-133,non_christian,-34.538776394910684,0.0031044188035314977,-2.5343052193501747,0.04763358969573934,-0.9437555190901836,0.0024626414564147795,-8.409344673156738,0.003929116849760453,-5.233154862220458,0.002857101701377058
180,MQDQ-518,non_christian,-3.176737931431944,0.0879653975414298,-3.69280627535157,0.0038432832926198696,-0.9605904866374134,0.002111440023159046,-6.0597662925720215,0.01747915413103351,-5.039386614952883,0.003592222709238981
181,MQDQ-539,NA,-34.538776394910684,0.0031044188035314977,-2.824229563789322,0.02566530998831244,-0.9148291139597758,0.0032074214967837042,-7.357717514038086,0.0076816004429707,-4.567051420647625,0.006271430144684467
182,MQDQ-522,non_christian,-1.0676066321225335,0.1083356316543033,-3.69280627535157,0.0038432832926198696,-0.9620333298551929,0.0020837742241195324,-5.272061824798584,0.02863359295891712,-4.908673976076809,0.004191763208002083
183,MQDQ-274,NA,-34.538776394910684,0.0031044188035314977,-3.2859745556231537,0.00939796434621919,-1.0119049014832486,0.0013206153423154206,-11.01049518585205,7.438141394599287e-4,-5.073508888940624,0.0034503083532846346
184,MQDQ-45,NA,-7.5166962388502725,0.05658227340928395,-3.7049246451829028,0.0037420269109642496,-0.9133617101609122,0.003250686023188782,-6.259969711303711,0.015406172032478621,-4.680479974827496,0.005486721231986334
185,MQDQ-419,non_christian,2.6957890815660623,0.15500270940398642,-3.69280627535157,0.0038432832926198696,-0.9485066560106141,0.0023580069225130405,-5.160424709320068,0.030692793651464545,-4.500943543381416,0.006779208347889684
186,MQDQ-568,NA,-0.15977276758879105,0.11831560349029181,-3.69280627535157,0.0038432832926198696,-0.8496964313061074,0.005809531696794423,-6.063738822937012,0.01743547089460485,-5.039386614952883,0.003592222709238981
187,IT-LAT0393,NA,-34.538776394910684,0.0031044188035314977,-3.69280627535157,0.0038432832926198696,-0.9472210872493928,0.0023858733213960744,-5.79921817779541,0.02059135181903897,-4.657166830032669,0.005639601944991938
188,MQDQ-127,NA,-34.538776394910684,0.0031044188035314977,-2.554235691788631,0.04567338081079336,-1.1154255861563498,5.120198729543184e-4,-5.7119574546813965,0.02175033368095844,-4.582888294589478,0.006155508549565734
189,MQDQ-128,NA,-34.538776394910684,0.0031044188035314977,-2.582036290566779,0.04306706606713748,-1.0498709360638654,9.330455780657653e-4,-7.853055953979492,0.005603343984138176,-4.903169724170058,0.004219087985289439
190,MQDQ-129,non_christian,-34.538776394910684,0.0031044188035314977,-2.6511075383530964,0.03719293597249341,-1.031127947292267,0.0011076257417771923,-7.499383449554443,0.007019376749254466,-5.268288456229054,0.0027408701853395335
191,MQDQ-541,NA,-34.538776394910684,0.0031044188035314977,-1.9353133127598285,0.1583351028192818,-0.8063707574304266,0.008615453819378139,-5.577651500701904,0.023659801534524575,-4.880273511119408,0.004334668050389778
192,MQDQ-495,non_christian,-34.538776394910684,0.0031044188035314977,-2.666795632209965,0.03597023709977151,-0.9560664613140007,0.002200584678836336,-5.358007431030273,0.02714025151121707,-2.669216475107255,0.05648232719320466
193,MQDQ-496,NA,-34.538776394910684,0.0031044188035314977,-3.0386991415323292,0.016127980660890363,-0.9480737018703449,0.0023673553222520924,-4.467948913574219,0.04703821671123877,-3.042939823516777,0.037015004221974526
194,MQDQ-497,non_christian,-34.538776394910684,0.0031044188035314977,-2.7827483115964577,0.028062051956866067,-0.9679837823145914,0.001973448146044316,-4.821137428283691,0.037868189467540926,-2.597327572701489,0.061199314342348814
195,MQDQ-134,NA,-34.538776394910684,0.0031044188035314977,-2.693480612886098,0.033978851925276284,-0.8771425095235573,0.004523893780830848,-6.744606971740723,0.011338398137859194,-5.3219471041234545,0.0025723894017276577
196,MQDQ-542,non_christian,-2.346804137520408,0.0955320866055055,-3.69280627535157,0.0038432832926198696,-0.9799494750425658,0.0017689316439007852,-6.0440778732299805,0.01765272205425396,-5.039386614952883,0.003592222709238981
197,MQDQ-131,non_christian,-34.538776394910684,0.0031044188035314977,-3.7531649163772247,0.003364626436318504,-1.060013822157349,8.503288478454185e-4,-8.043755531311035,0.004961722703892648,-4.87550230813843,0.0043591471447956805
198,MQDQ-245,NA,-34.538776394910684,0.0031044188035314977,-2.593421279598736,0.042041226621070134,-1.144094337974961,3.938075069598587e-4,-9.132864952087402,0.0024744852204616136,-5.036134042784117,0.0036060500590485074
199,MQDQ-246,non_christian,-34.538776394910684,0.0031044188035314977,-3.12643840847734,0.013321221256097497,-1.039384138763436,0.0010270275697214222,-9.127837181091309,0.002482454150142709,-4.809500447219707,0.004712238575778613
200,MQDQ-184,non_christian,-5.925470395247686,0.0666311751148419,-3.69280627535157,0.0038432832926198696,-0.990899519890326,0.0016003733872618426,-6.063738822937012,0.01743547089460485,-5.039386614952883,0.003592222709238981
201,MQDQ-519,non_christian,-12.687782358810523,0.03293044276212547,-3.69280627535157,0.0038432832926198696,-0.9737384560623507,0.0018723009319730703,-5.756882190704346,0.021145898953310826,-4.761520309046346,0.0049866531516054805
202,MQDQ-356,non_christian,-34.538776394910684,0.0031044188035314977,-3.1267726345919713,0.013311509119192709,-1.1587687365269883,3.442910088911434e-4,-8.9666748046875,0.002751915086499743,-4.767259737237079,0.004953007810033379
203,MQDQ-357,NA,-34.538776394910684,0.0031044188035314977,-2.697374431313526,0.03369731216111328,-0.9982711027228408,0.0014960289807456487,-8.590801239013672,0.003499136686867581,-4.591420085480966,0.0060939433549020375
204,MQDQ-358,non_christian,-34.538776394910684,0.0031044188035314977,-2.5915776778350996,0.04220574378742878,-0.9936837315495072,0.0015601353193017025,-9.256309509277344,0.0022866357019707332,-4.456821273457552,0.007140628166350411
205,MQDQ-359,non_christian,-34.538776394910684,0.0031044188035314977,-2.815491053676231,0.026153050505717784,-1.0129377332175544,0.0013081958832098927,-9.666886329650879,0.0017583823189465215,-4.618505684318879,0.005902521123269714
206,MQDQ-130,NA,-34.538776394910684,0.0031044188035314977,-2.45787284841197,0.05591559837331353,-1.0867994311854559,6.654338290812003e-4,-5.224108695983887,0.02950115294016865,-3.8269982115085237,0.01494722045167536
207,MQDQ-135,non_christian,-34.538776394910684,0.0031044188035314977,-2.978566827166141,0.018379836523688426,-0.9868895040964492,0.0016601546362552924,-9.761643409729004,0.0016549157119817982,-5.295926992173345,0.0026527582228197746
208,MQDQ-136,NA,-34.538776394910684,0.0031044188035314977,-3.047426788479176,0.015824538571512954,-0.8747229294862868,0.004624814235548643,-6.700459003448486,0.011660095959184805,-5.194552391497891,0.002990483020736256
209,MQDQ-186,non_christian,-7.345242653223437,0.057592521068770205,-3.69280627535157,0.0038432832926198696,-0.9566988197678088,0.002187901998068106,-6.037624835968018,0.017724605147044936,-4.96276955523557,0.0039324188275847455
210,MQDQ-294,non_christian,-1.2121098547832718,0.10681704629297138,-3.69280627535157,0.0038432832926198696,-0.9689464422077682,0.001956155841576955,-6.063738822937012,0.01743547089460485,-5.039386614952883,0.003592222709238981
211,MQDQ-38,NA,-5.776108243492672,0.06765524612697695,-3.69280627535157,0.0038432832926198696,-1.0870441092826317,6.639450061289033e-4,-6.193668365478516,0.01606438331541693,-5.136968299221295,0.0032010735893452068
212,MQDQ-36,non_christian,-34.538776394910684,0.0031044188035314977,-3.66001140028629,0.004131199534192038,-0.9877735427602442,0.0016467866851520825,-5.721092700958252,0.021626071509150017,-4.84426599776418,0.004522843200809769
213,MQDQ-37,non_christian,-1.1977771649046358,0.10696682734762376,-3.69280627535157,0.0038432832926198696,-0.9539039805221683,0.0022445126617405735,-6.063738822937012,0.01743547089460485,-5.039386614952883,0.003592222709238981
214,MQDQ-222,NA,1.1402572702060638,0.1339856149144804,-1.6852898031866579,0.24643613892592314,-0.5931233846753186,0.057752733765017654,-3.0132083892822266,0.11145198334506874,-2.5276266793556537,0.06612221081780899
215,MQDQ-505,non_christian,-34.538776394910684,0.0031044188035314977,-2.980659116518025,0.018296535546492555,-0.9837245902627269,0.001708907097320246,-6.608935356140137,0.012356014239673495,-3.7269870317344282,0.016797047132374735
216,MQDQ-504,non_christian,-5.6002028234568115,0.06888001648736464,-3.69280627535157,0.0038432832926198696,-1.0276610594589257,0.0011433257767143297,-7.272623538970947,0.008108802577083737,-5.275734293561213,0.002716849501305137
217,IT-LAT0849,NA,-20.65058430472385,0.014042413616923335,-3.69280627535157,0.0038432832926198696,-0.914601232200195,0.0032141024588315564,-6.827158451080322,0.010760227894654298,-5.0955007960601755,0.003361819267476465
218,MQDQ-626,non_christian,-26.915786382062947,0.0071224237035151195,-2.74390560338498,0.030502525299878163,-0.9646165823325883,0.0020351421818839135,-4.55344820022583,0.044641312278995274,-2.1741263446013885,0.09719503688220171
219,MQDQ-106,non_christian,-1.9017934763936566,0.09982495831271772,-3.69280627535157,0.0038432832926198696,-0.9849065045016019,0.0016905358416481051,-6.063738822937012,0.01743547089460485,-5.026326249150696,0.0036480668715361286
220,MQDQ-225,non_christian,-4.8622135748136515,0.07424514188278988,-3.69280627535157,0.0038432832926198696,-0.986609900350089,0.0016644051607989816,-6.103875160217285,0.017000090918976026,-4.8824768302345705,0.004323409962366539
221,MQDQ-231,non_christian,1.5730977383419862,0.13957940911452585,-3.69280627535157,0.0038432832926198696,-0.9492650445620018,0.0023417203721074202,-6.039594650268555,0.01770263213293192,-5.039386614952883,0.003592222709238981
222,MQDQ-459,non_christian,-13.671068095894412,0.02966972044439585,-3.69280627535157,0.0038432832926198696,-0.9619304860445304,0.0020857341731975515,-7.3778791427612305,0.007583699582307909,-4.883617863680964,0.004317591180415391
223,MQDQ-509,non_christian,-1.65303561399266,0.10229870121190032,-3.69280627535157,0.0038432832926198696,-0.9850351107948849,0.0016885487632293753,-6.063738822937012,0.01743547089460485,-5.039386614952883,0.003592222709238981
224,MQDQ-390,NA,-2.2658461685980242,0.09630057794152007,-3.69280627535157,0.0038432832926198696,-0.8778636370288373,0.004494241867369701,-5.426741123199463,0.026000716104472323,-4.668124059578609,0.005567227161853768
225,MQDQ-517,non_christian,-17.659463180995942,0.01937694474556962,-3.69280627535157,0.0038432832926198696,-0.9928041302963889,0.00157273714701642,-5.919084548950195,0.01909736332417996,-4.851712375976855,0.0044832728478944196
226,MQDQ-265,non_christian,0.8943102634553098,0.13089232610764043,-3.69280627535157,0.0038432832926198696,-0.9261689812919991,0.002891875478794291,-5.311152935028076,0.02794472932740345,-4.658843869520328,0.005628464413593409
227,MQDQ-248,non_christian,-34.538776394910684,0.0031044188035314977,-2.982606842110658,0.018219323178340165,-1.043760720603221,9.867067013379677e-4,-9.671229362487793,0.0017535018815176932,-4.8516542369700835,0.004483580462047691
228,IT-LAT0378,NA,-7.495878108631189,0.056704044815197814,-3.69280627535157,0.0038432832926198696,-0.7631023686824782,0.012752595899843374,-5.905247688293457,0.01926424538054663,-4.977433145880573,0.0038649148587642226
229,MQDQ-247,non_christian,-34.538776394910684,0.0031044188035314977,-3.000320551039297,0.017531634397767327,-0.9509757023578965,0.002305394538105231,-5.879005432128906,0.01958468084862966,-4.383790722285339,0.007781340864514805
230,MQDQ-249,non_christian,-34.538776394910684,0.0031044188035314977,-3.1424282932996737,0.012864321878945768,-1.1131120846754101,5.229810612437639e-4,-9.636360168457031,0.0017930705039704946,-4.5052727393538365,0.006744740567512535
231,MQDQ-331,non_christian,-2.0557584818245185,0.09832064284920468,-3.69280627535157,0.0038432832926198696,-0.9920036902898848,0.0015842931505827221,-6.063738822937012,0.01743547089460485,-5.039386614952883,0.003592222709238981
232,MQDQ-57,non_christian,-6.249808739382502,0.06445680690649758,-2.286262158179191,0.0796703599855613,-0.928749144665146,0.0028245166929150452,-3.770132303237915,0.07167424841753599,-2.0526453683194164,0.11058511700692417
233,MQDQ-250,NA,-34.538776394910684,0.0031044188035314977,-2.2841225765976074,0.0800180111606111,-0.8837525245871726,0.004259228382280953,-7.132452487945557,0.008864462782479389,-4.825835022367684,0.004622287744461309
234,MQDQ-252,NA,-34.538776394910684,0.0031044188035314977,-1.8421711664312688,0.18775362983989327,-0.8604854200923697,0.005265702294304602,-5.9504714012146,0.018724053644497515,-4.396156463590891,0.007668975603652127
235,MQDQ-251,NA,-34.538776394910684,0.0031044188035314977,-1.8650194600723755,0.1801687137073349,-0.8047185795544842,0.008745689147025372,-5.33998966217041,0.027446912033485905,-4.5352604265077865,0.0065107194095881055
236,MQDQ-262,non_christian,-34.538776394910684,0.0031044188035314977,-2.68933439782235,0.03428113566377006,-0.9361292137075128,0.0026403644664889743,-7.003866195678711,0.0096188460234969,-4.565689449855286,0.006281500123089131
237,MQDQ-253,NA,-34.538776394910684,0.0031044188035314977,-2.054130202600308,0.12636962240799499,-0.9373647972921945,0.0026107254780616423,-5.181750297546387,0.030288652072187654,-3.30310624687625,0.027461448540900976
238,MQDQ-254,NA,-34.538776394910684,0.0031044188035314977,-2.9882209505945756,0.017998551881459074,-0.9902723289671552,0.0016095797445171195,-7.959289073944092,0.005236364969450603,-5.096434730917268,0.0033581118641315562
239,MQDQ-255,NA,-34.538776394910684,0.0031044188035314977,-2.550606165034774,0.04602454111317526,-0.9696923833865805,0.0019428605268264976,-6.115859508514404,0.016872174185501146,-3.604749535256083,0.019365492939055498
240,MQDQ-256,NA,-34.538776394910684,0.0031044188035314977,-2.789494834160534,0.02765794780660251,-0.870758540580914,0.004795034375334005,-8.05191421508789,0.004935966175499102,-4.459064325987223,0.007121801444302965
241,MQDQ-257,non_christian,-34.538776394910684,0.0031044188035314977,-3.0413746917758147,0.01603435399447321,-0.9937431327600896,0.0015592879361261275,-8.172402381896973,0.004570724214230646,-4.634444345786543,0.005792683760624296
242,MQDQ-258,non_christian,-34.538776394910684,0.0031044188035314977,-2.7640887060472052,0.029209809410048023,-0.9369942749898956,0.002619578505013702,-6.758476734161377,0.011239154749582146,-4.473098536759083,0.007005121182941915
243,MQDQ-259,NA,-34.538776394910684,0.0031044188035314977,-2.599363641991028,0.04151511255241152,-0.9047971815887905,0.0035150577901992227,-6.7471747398376465,0.011319959669357251,-5.053978746283859,0.0035308358851890978
244,MQDQ-260,NA,-34.538776394910684,0.0031044188035314977,-2.8632826402268594,0.023591715291019968,-0.8017853515107722,0.008981730139864374,-6.2276082038879395,0.015724058624117656,-5.084264464557929,0.003406744735006446
245,IT-LAT0029_4,NA,-34.538776394910684,0.0031044188035314977,-3.663752796768314,0.00409729622644606,-1.0649658186257875,8.126481295896688e-4,-8.07847785949707,0.004853024395992464,-5.12948673118743,0.003229497962785752
246,IT-LAT0996,NA,-11.332537835954895,0.037996672104715246,-3.69280627535157,0.0038432832926198696,-1.0332198845542424,0.001086625074699513,-6.564067840576172,0.012712001363700286,-5.046526067725586,0.003562056407643666
247,MQDQ-46,non_christian,-34.538776394910684,0.0031044188035314977,-3.7576529032820307,0.0033315059721448874,-0.9745776066709178,0.0018579903300660978,-5.128361701965332,0.03131026317812292,-4.10934828176788,0.010741091572338166
248,MQDQ-239,non_christian,0.6775680968388682,0.1282168287569902,-3.69280627535157,0.0038432832926198696,-0.9755287338237402,0.0018419020756111893,-5.723592758178711,0.021592185650312037,-5.039386614952883,0.003592222709238981
249,MQDQ-385,non_christian,-9.128043964429239,0.04787049906489824,-3.69280627535157,0.0038432832926198696,-0.9897632582900108,0.001617091109856968,-6.214293003082275,0.01585672004237775,-5.039386614952883,0.003592222709238981
250,MQDQ-58,NA,-6.624364914089782,0.062028055905116085,-3.69280627535157,0.0038432832926198696,-0.9490546143264363,0.0023462281220712287,-6.063738822937012,0.01743547089460485,-5.039386614952883,0.003592222709238981
251,MQDQ-112,NA,-2.4817835820265657,0.09426298980018719,-3.69280627535157,0.0038432832926198696,-0.7700874921998728,0.011971616236104295,-6.063738822937012,0.01743547089460485,-4.925681493374533,0.0041084412983848585
252,MQDQ-113,NA,-34.538776394910684,0.0031044188035314977,-2.811298837386252,0.026390229720410593,-0.7130059593430461,0.02003023661485731,-4.094841957092285,0.05899924599492555,-3.557333894773376,0.020462259437780274
253,MQDQ-391,non_christian,-34.538776394910684,0.0031044188035314977,-3.090312596046274,0.01441324523232068,-0.9802365628296481,0.001764293907381099,-8.13082218170166,0.004693623298380869,-4.6344318942376646,0.005792768769341318
254,MQDQ-392,NA,-0.2617210814297977,0.1171563856672315,-3.69280627535157,0.0038432832926198696,-0.9621752022640467,0.002081073502440592,-6.063738822937012,0.01743547089460485,-5.039386614952883,0.003592222709238981
255,MQDQ-108,non_christian,-34.538776394910684,0.0031044188035314977,-3.343160152167832,0.008290724251236932,-0.972986045253211,0.001885225821599385,-7.137495994567871,0.008836100083210577,-4.551153005592809,0.006389983935634542
256,MQDQ-109,non_christian,-34.538776394910684,0.0031044188035314977,-3.3766937261153815,0.007702666390227661,-0.9795084574919151,0.0017760797435251291,-8.042694091796875,0.004965083427705897,-4.761377115983441,0.004987495470768616
257,IT-LAT0278,non_christian,-34.538776394910684,0.0031044188035314977,-3.2610461451529797,0.009925356833865329,-1.0448213872490464,9.771753955131576e-4,-9.354024887084961,0.0021480836557795516,-5.180888236894501,0.0030391690612966023
258,MQDQ-261,NA,-34.538776394910684,0.0031044188035314977,-2.8264340386252402,0.025543672739459976,-0.9834065815059077,0.0017138840491380022,-6.473616123199463,0.013460716880706564,-4.579148402081632,0.006182690011952322
259,IT-LAT0142,NA,-34.538776394910684,0.0031044188035314977,-2.589653378130606,0.04237811852299314,-1.0736677002820771,7.504305286954992e-4,-7.766315937042236,0.005921864500512631,-5.1291677184953555,0.0032307155494600798
260,MQDQ-264,non_christian,-0.40212540237226346,0.1155760328646314,-3.69280627535157,0.0038432832926198696,-0.9403854009693984,0.002539657478727972,-5.585682392120361,0.02354116177057369,-5.0203305341349695,0.0036739925233704564
261,MQDQ-187,NA,-34.538776394910684,0.0031044188035314977,-1.7779496419076923,0.2103795055261449,-0.7195401824115947,0.01888845327442053,-6.570957660675049,0.012656685435075778,-3.629898198707394,0.018807382290033738
262,MQDQ-99,NA,-15.422633744970767,0.024620508576963386,-3.7909829391845085,0.003095494886340029,-0.8088107477383923,0.00842662653829512,-4.967513084411621,0.03459361553722829,-3.950096568610235,0.012943982696971
263,MQDQ-178,non_christian,-34.538776394910684,0.0031044188035314977,-3.2960730137608443,0.00919230506543562,-0.9901307109176283,0.0016116658222272832,-7.826330184936523,0.005699624834990724,-5.142648768253183,0.0031796587180576846
264,IT-LAT0632,non_christian,-34.538776394910684,0.0031044188035314977,-3.54966460706267,0.005267057899441563,-0.9452557256954317,0.0024291114667954737,-8.531813621520996,0.0036335051860274083,-4.951797338482125,0.003983696489237419
265,MQDQ-105,NA,0.7136980939606873,0.12865956004998083,-3.69280627535157,0.0038432832926198696,-0.7738839354191928,0.011567165985618796,-6.0670928955078125,0.01739867192713177,-5.039386614952883,0.003592222709238981
266,IT-LAT0148,NA,-34.538776394910684,0.0031044188035314977,-2.6750530944820823,0.035342302585405376,-1.111125780840281,5.325789458114713e-4,-7.372610569000244,0.007609162582339878,-3.779331655586511,0.01580241422526866
267,IT-LAT0883,NA,-34.538776394910684,0.0031044188035314977,-2.316399184473991,0.07491815351290046,-0.8959298447070745,0.0038113658463225317,-5.915653228759766,0.019138614758014073,-3.964235646379825,0.012731575189001507
268,MQDQ-269,NA,-18.26943929392033,0.018148075219472044,-3.69280627535157,0.0038432832926198696,-1.017386994586682,0.0012560148433566898,-6.050012588500977,0.01758686553002382,-4.732353511772942,0.005161179251764807
269,MQDQ-267,non_christian,-34.538776394910684,0.0031044188035314977,-2.9296907246993555,0.020435094241337146,-0.9896115838712061,0.0016193358334788068,-7.6086649894714355,0.006547545101455864,-4.037855193957204,0.01168000075302417
270,IT-LAT0382,NA,-34.538776394910684,0.0031044188035314977,-2.9697906733273545,0.018733316877593473,-0.8950163726197948,0.0038432694732701933,-5.965333938598633,0.018549787623394983,-4.79752688444964,0.004779278890014082
271,MQDQ-104,non_christian,-8.168145375541599,0.05289379918824037,-3.69280627535157,0.0038432832926198696,-1.034892081899337,0.0010701245271520206,-6.063738822937012,0.01743547089460485,-5.039386614952883,0.003592222709238981
272,IT-LAT0083,non_christian,-34.538776394910684,0.0031044188035314977,-2.693554881562882,0.03397346081034238,-0.9462259884361982,0.00240766876752501,-8.496783256530762,0.003715721584723261,-4.9831348269979,0.003838979893706401
273,IT-LAT0116,NA,-34.538776394910684,0.0031044188035314977,-2.5197269703062104,0.049117734292705405,-1.02204190867062,0.0012036457554896515,-8.128850936889648,0.004699530699226655,-4.517811774106315,0.006645887568618276
274,IT-LAT0112,NA,-34.538776394910684,0.0031044188035314977,-3.1570211303625264,0.012460860065834212,-0.9773830360966383,0.001810935390740166,-7.719951629638672,0.006099436536660154,-4.506339988628889,0.006736270221746836
275,IT-LAT0266,non_christian,-34.538776394910684,0.0031044188035314977,-2.736305685093411,0.031003519485405532,-1.0751211952804491,7.405123388675428e-4,-8.767977714538574,0.003124599127922584,-4.326488776531569,0.008323725987180773
276,MQDQ-224,NA,-2.4954905737174045,0.09413496285985558,-3.69280627535157,0.0038432832926198696,-1.0269892849113886,0.0011503751215645916,-6.108903884887695,0.01694630043291293,-5.039386614952883,0.003592222709238981
277,MQDQ-303,NA,-34.538776394910684,0.0031044188035314977,-2.7705303415977647,0.028808526522395267,-0.774294735392693,0.011524219794121424,-4.696300029754639,0.04089440109085265,-3.3487986620659558,0.02605126722991311
278,MQDQ-298,NA,-34.538776394910684,0.0031044188035314977,-2.484006678514455,0.05294165063746362,-0.647883097311297,0.03578718384448596,-6.642197608947754,0.012098476746076283,-3.3233088588680633,0.02682902187829525
279,MQDQ-299,NA,-34.538776394910684,0.0031044188035314977,-2.384247223732925,0.06515935657761701,-0.7135042479658779,0.019940834727928194,-2.1344356536865234,0.18055047335944696,-1.6939393631553263,0.1598219704004287
280,MQDQ-300,NA,-34.538776394910684,0.0031044188035314977,-2.454136969294785,0.05635336372276856,-0.5183105710488742,0.10843998215445481,-3.4747231006622314,0.08534326620346253,-2.334330854801515,0.08175779983973441
281,MQDQ-301,NA,-34.538776394910684,0.0031044188035314977,-3.0617469363680345,0.015338783729651001,-0.6440952494019063,0.037003983736042106,-4.1712188720703125,0.05633879939761222,-2.592102345022106,0.061556164547372345
282,MQDQ-302,non_christian,-34.538776394910684,0.0031044188035314977,-3.208974245362437,0.011123337643116703,-0.9636411109413963,0.002053371758348897,-5.8509721755981445,0.019932756219259017,-3.7788184073085884,0.015811879676608808
283,MQDQ-341,non_christian,1.4722467445497969,0.13825883246737553,-3.69280627535157,0.0038432832926198696,-0.9731334428930993,0.0018826868346024578,-6.063738822937012,0.01743547089460485,-5.039386614952883,0.003592222709238981
284,MQDQ-340,NA,-2.364933788787013,0.09536074471492476,-3.69280627535157,0.0038432832926198696,-0.729474727618308,0.017273784656514326,-5.259971618652344,0.02884996395745641,-4.498454832621212,0.006799101859048128
285,MQDQ-425,NA,-34.538776394910684,0.0031044188035314977,-2.814133198972455,0.026229644599969407,-0.7249829630448198,0.01798631883490373,-6.353705406188965,0.01452068427412076,-4.137827945324671,0.010388219088704326
286,IT-LAT0228,NA,-34.538776394910684,0.0031044188035314977,-2.6535278016132837,0.037001731704365055,-0.8852252303692263,0.004202394153668474,-7.543118476867676,0.006826625214248103,-4.619624538595014,0.005894743702257764
287,IT-LAT0045,non_christian,-34.538776394910684,0.0031044188035314977,-2.9268448151128514,0.020561466922590425,-0.9706824968879769,0.001925352396995441,-9.065107345581055,0.002584058575356789,-4.746323114085154,0.00507684351599185
288,IT-LAT0425,NA,-34.538776394910684,0.0031044188035314977,-3.230113870810132,0.010620655612499452,-1.0599750373779546,8.506307553815477e-4,-4.59889030456543,0.043415208673803794,-4.558581803976341,0.006334313080900415
289,IT-LAT0079,non_christian,-34.538776394910684,0.0031044188035314977,-3.103698447128545,0.013998689039100318,-0.9498318094555422,0.0023296222965468,-7.141843795776367,0.008811721956405146,-4.404342659134215,0.007595476372031248
290,IT-LAT0239,non_christian,-34.538776394910684,0.0031044188035314977,-3.0612868450766935,0.015354159850249679,-0.9642710494246283,0.0020415809423402157,-7.121389389038086,0.008926993709622112,-4.687924224039403,0.005438777635710014
291,MQDQ-155,NA,-1.2762407776278764,0.10614911791554399,-3.69280627535157,0.0038432832926198696,-0.8841094215949585,0.004245385243556413,-6.063738822937012,0.01743547089460485,-5.039386614952883,0.003592222709238981
292,MQDQ-291,NA,-6.608438196075781,0.06212956763526886,-3.69280627535157,0.0038432832926198696,-0.8681632267919667,0.004909832537104877,-5.246503829956055,0.029092856660165953,-4.247815321869014,0.009129943041923026
293,MQDQ-292,NA,-34.538776394910684,0.0031044188035314977,-2.3467607604493352,0.07039521111095474,-0.6907765873554035,0.024443420541163118,-4.023553848266602,0.06158828054752829,-1.7577247276545305,0.1499278411468264
294,IT-LAT0071,non_christian,-34.538776394910684,0.0031044188035314977,-2.6191393098144813,0.03980925365294393,-0.957023625844943,0.0021814160150205493,-7.413821220397949,0.007412233476437271,-4.156525794247738,0.010162809476318342
295,IT-LAT0078,non_christian,-34.538776394910684,0.0031044188035314977,-3.440150007917906,0.00670084981904048,-0.9388729746440528,0.00257499692349181,-8.150644302368164,0.00463462991151915,-4.32794298034153,0.008309508427395612
296,IT-LAT0072,non_christian,-34.538776394910684,0.0031044188035314977,-3.1405512803699103,0.012917144546128351,-1.0213110155277856,0.0012117218025611406,-8.021284103393555,0.00503335727972012,-4.975362236685585,0.0038743778498931424
297,MQDQ-173,NA,-2.695952278344791,0.09228032941122485,-3.69280627535157,0.0038432832926198696,-0.9176669098415996,0.0031253743960908873,-6.063738822937012,0.01743547089460485,-4.91682086026213,0.004151642721438181
298,MQDQ-430,non_christian,-34.538776394910684,0.0031044188035314977,-2.7171665749401885,0.0323007223536062,-0.9195310228650864,0.0030726206635547622,-4.644676208496094,0.042212380512505046,-3.4585135178827553,0.022947019915347505
299,MQDQ-429,NA,-34.538776394910684,0.0031044188035314977,-2.6050560127829345,0.041017042735709996,-0.8164482508550974,0.007861700272756919,-5.92233943939209,0.019058313513841005,-2.9166688647703753,0.0427364057360727
300,MQDQ-428,NA,-34.538776394910684,0.0031044188035314977,-2.513283891099182,0.04978755916152005,-0.7321981975675688,0.01685533860879666,-8.681300163269043,0.0033025522504942393,-4.1242146150377925,0.010555438265859593
301,IT-LAT0073,NA,-34.538776394910684,0.0031044188035314977,-2.7365718950618714,0.030985836792352707,-0.9396036091286103,0.0025578640507617142,-7.860031604766846,0.005578481140771797,-4.489799216315397,0.006868743072486538
302,IT-LAT0109,NA,-34.538776394910684,0.0031044188035314977,-1.6430730497510682,0.2641822233767954,-0.7969191349382425,0.009387321938066328,-7.551084995269775,0.006792084983735575,-5.016353941248416,0.0036912885962570832
303,MQDQ-171,non_christian,-12.688199493803268,0.032928988633142545,-3.69280627535157,0.0038432832926198696,-0.960992870912628,0.0021036878556795337,-5.041495323181152,0.03304411888121272,-4.483614672814418,0.006918936023695326
304,MQDQ-427,NA,-34.538776394910684,0.0031044188035314977,-3.112143965417881,0.013743204355930327,-0.8787878773761942,0.004456520922286363,-8.758756637573242,0.003143066797045247,-4.440892445469872,0.007275753191877112
305,MQDQ-426,NA,-34.538776394910684,0.0031044188035314977,-2.6468913462887262,0.0375282919277876,-0.8913912867234537,0.003972522129984137,-8.820556640625,0.0030213439429412087,-4.564177298247246,0.0062926993137770075
306,IT-LAT0237,non_christian,-34.538776394910684,0.0031044188035314977,-2.7273118485447596,0.03160669680788248,-0.9833820940149045,0.0017142678866769285,-5.864400386810303,0.019765274820319687,-4.421924486075416,0.007439973659696112
307,MQDQ-29,non_christian,-34.538776394910684,0.0031044188035314977,-3.374093754698502,0.0077467413816724754,-0.9833446961753692,0.0017148542574970782,-8.789586067199707,0.003081745276574816,-4.785331875476574,0.004848534792157771
308,MQDQ-170,non_christian,-34.538776394910684,0.0031044188035314977,-2.6509277405543457,0.037207178099014325,-0.9600373019374959,0.0021221440030367096,-8.24903392791748,0.004352555282999756,-5.137292711925934,0.003199846720203206
309,MQDQ-432,NA,-34.538776394910684,0.0031044188035314977,-2.68386626651909,0.0346837630040022,-0.6351556867422542,0.040035373681109473,-4.902946472167969,0.03600296282894778,-3.9397858848476606,0.013101078664755957
310,MQDQ-435,NA,-10.753820442517622,0.04038129654707028,-3.2877872688122043,0.009360714971526145,-0.8811404281900409,0.004361922611943125,-5.885363578796387,0.019506567384727985,-3.4152005512139305,0.024126837506491305
311,IT-LAT0230,non_christian,-34.538776394910684,0.0031044188035314977,-2.299289011591721,0.0775833084297439,-0.8824935425234048,0.004308421028953797,-7.681879997253418,0.006249197444628042,-4.417790852857081,0.00747624711124143
312,MQDQ-297,non_christian,-34.538776394910684,0.0031044188035314977,-3.134296234382989,0.013094723193432797,-0.939356127205599,0.0025636545585716766,-6.269566535949707,0.01531312465353416,-3.815165305343971,0.015155165864916961
313,MQDQ-295,non_christian,-34.538776394910684,0.0031044188035314977,-3.187122421220375,0.011667681309503629,-0.983355819894426,0.0017146798247860504,-6.839077472686768,0.010679195251113396,-4.4163951064133915,0.007488534658112169
314,MQDQ-296,non_christian,-34.538776394910684,0.0031044188035314977,-3.049338892561149,0.015758812606422295,-0.9737274118100107,0.0018724900087166596,-8.210835456848145,0.004459978087425383,-4.508559936977919,0.006718685177962595
315,LC-10,non_christian,-34.538776394910684,0.0031044188035314977,-3.034237146215828,0.016285318685794803,-0.9398273181874228,0.0025526410000970075,-4.585005760192871,0.04378638626751389,-3.9087472856967436,0.013585432893135359
316,MQDQ-632,NA,-34.538776394910684,0.0031044188035314977,-3.1907326880008102,0.011575965269421003,-0.961160058805923,0.002100475241567504,-9.3586273193359375,0.002141768473681998,-4.47031644597589,0.007028099615471054
317,MQDQ-235,non_christian,-10.28076086013968,0.04243641709664421,-3.69280627535157,0.0038432832926198696,-0.9888748768557716,0.0016302831465316201,-6.063738822937012,0.01743547089460485,-5.039386614952883,0.003592222709238981
318,MQDQ-508,non_christian,-2.799320810723337,0.09133686418224703,-3.69280627535157,0.0038432832926198696,-1.013147935426174,0.0013056825925615602,-6.624650001525879,0.012233673703826971,-5.041162251690631,0.0035846964198951088
319,MQDQ-263,non_christian,-34.538776394910684,0.0031044188035314977,-3.409812163772662,0.0071625443190264735,-0.950996140078167,0.00230496395893805,-5.973738670349121,0.018451945954960525,-4.03139721787481,0.011768704402957688
320,MQDQ-620,NA,-11.314501291410636,0.038068907816095794,-3.69280627535157,0.0038432832926198696,-0.9493510680430167,0.002339880101457656,-6.063738822937012,0.01743547089460485,-4.901420858651217,0.004227806959556652
321,MQDQ-194,NA,-34.538776394910684,0.0031044188035314977,-3.289435065332983,0.009326981375428619,-0.9521290336969495,0.002281221374626838,-5.547939777374268,0.024103823349745358,-3.197849116676247,0.03099780769196041
322,IT-LAT0588,non_christian,-34.538776394910684,0.0031044188035314977,-3.507057919547284,0.0057844974565654074,-0.9528129714072984,0.0022670060526300737,-6.566688060760498,0.012690936477355924,-5.039593093579235,0.0035913467117957994
323,MQDQ-207,non_christian,-34.538776394910684,0.0031044188035314977,-2.9905672100648686,0.01790706671060402,-0.9984716137764621,0.0014932877305903521,-5.347005844116211,0.02732709907930644,-3.7472198335182147,0.016405496997477113
324,MQDQ-208,NA,-34.538776394910684,0.0031044188035314977,-2.460825252581945,0.05557190482138749,-0.9183914976159469,0.003104762393642146,-4.215102672576904,0.05486162618171511,-3.302408629405436,0.027483543717659573
325,MQDQ-195,non_christian,-34.538776394910684,0.0031044188035314977,-3.046802299845163,0.015846062888742816,-0.9818465902569444,0.0017385088569208302,-8.381892204284668,0.00399860049264099,-4.572659815700751,0.0062301322164457825
326,MQDQ-196,NA,-34.538776394910684,0.0031044188035314977,-3.3056996897271254,0.00900040722537358,-0.858229024409667,0.005375084111114314,-8.158136367797852,0.00461252518106758,-4.768894733512592,0.004943464635357276
327,MQDQ-197,NA,-34.538776394910684,0.0031044188035314977,-2.8096643405977093,0.026483269071802554,-0.881131706652463,0.004362269594667282,-7.063196659088135,0.009263178067909977,-3.947899995663974,0.012977293599028265
328,MQDQ-198,non_christian,-34.538776394910684,0.0031044188035314977,-2.9647948549975696,0.01893750488965554,-1.0240839919678524,0.0011813654470333359,-8.61458683013916,0.0034463666354659214,-4.282244832999724,0.008768015335109864
329,MQDQ-199,non_christian,-34.538776394910684,0.0031044188035314977,-3.126998114767401,0.013304960931284419,-0.9996947957787532,0.001476673505473374,-10.179314613342285,0.0012666480616123116,-4.967266642892249,0.003911592531344965
330,MQDQ-450,non_christian,-11.559345519714043,0.03709948112001805,-3.69280627535157,0.0038432832926198696,-0.9712427441924119,0.0019155154234591514,-7.172035217285156,0.008644267518296295,-5.0741572741643814,0.003447666526270182
331,MQDQ-200,NA,-34.538776394910684,0.0031044188035314977,-2.8661989137933843,0.023443601280350945,-0.8827027677398785,0.004300206879393776,-6.765269756317139,0.0111908619009609,-3.6563182018259663,0.018238051870451445
332,MQDQ-448,non_christian,-34.538776394910684,0.0031044188035314977,-1.961902788557766,0.15065485826865826,-0.9138015268972199,0.0032376578967551434,-5.201207160949707,0.02992442556959741,-5.130112194275429,0.003227112063737696
333,MQDQ-201,non_christian,-34.538776394910684,0.0031044188035314977,-2.8562241859749524,0.023953995357050322,-0.9981615813931352,0.0014975284027460745,-7.846045017242432,0.005628443617634718,-4.89862888403267,0.0042417635572320886
334,MQDQ-202,NA,-34.538776394910684,0.0031044188035314977,-2.9506667400343565,0.01952683165123767,-0.9083616088549208,0.00340252238301843,-7.294958591461182,0.007994443346163014,-4.57578077496613,0.006207267901892487
335,MQDQ-203,non_christian,-34.538776394910684,0.0031044188035314977,-2.9230522985450076,0.020731063464581128,-0.9710462231970829,0.0019189602672359236,-5.149847984313965,0.03089516573828938,-2.5159221992601184,0.06698416671472245
336,MQDQ-204,non_christian,-34.538776394910684,0.0031044188035314977,-2.885811158781437,0.02247083729462046,-1.0557471624391894,8.841917098820362e-4,-9.432416915893555,0.002043011755880571,-4.503993043074995,0.006754910970919923
337,IT-LAT0588_1,NA,-34.538776394910684,0.0031044188035314977,-2.9470307928944828,0.01968138368704667,-0.9992812988348821,0.0014822691934456718,-6.652054786682129,0.012023179772199716,-4.514402358494251,0.0066726227671580806
338,MQDQ-421,NA,-2.250054448839812,0.09645112271676937,-3.69280627535157,0.0038432832926198696,-1.0352135777297513,0.0010669809449389406,-6.372900485992432,0.014345638666324689,-5.039386614952883,0.003592222709238981
339,MQDQ-506,NA,-2.809535816550209,0.09124410232094077,-3.69280627535157,0.0038432832926198696,-0.8962955456022048,0.0037986675725727734,-6.063738822937012,0.01743547089460485,-5.039386614952883,0.003592222709238981
340,IT-LAT0332,NA,-34.538776394910684,0.0031044188035314977,-2.3128056744834713,0.07547082145476862,-0.8958640314123318,0.0038136555744577197,-7.483685493469238,0.007089871658059175,-4.466840832214227,0.007056911316453865
341,IT-LAT0563,NA,-34.538776394910684,0.0031044188035314977,-1.7836588077006175,0.20828965951224584,-0.8889638358649175,0.004061484226951198,-4.989630222320557,0.03412319063845918,-4.844469291945059,0.004521758284938059
342,IT-LAT0563_1,NA,-34.538776394910684,0.0031044188035314977,-2.974682577811748,0.018535469242670518,-1.0143372573722678,0.0012915529786095433,-7.490114212036133,0.007060917579929793,-5.1929908364811315,0.002996007326395367
343,MQDQ-205,non_christian,-34.538776394910684,0.0031044188035314977,-3.110753259901402,0.013784956008645467,-0.9845088299724186,0.0016966950386553372,-6.5860276222229,0.012536521000091208,-2.1110515248006068,0.10395659658245615
344,MQDQ-446,non_christian,-34.538776394910684,0.0031044188035314977,-2.3460403831782806,0.07049954119178709,-0.9256102294657979,0.002906672163754653,-5.612707138061523,0.02314617606913842,-5.311358392300205,0.0026047976684907244
345,MQDQ-473,non_christian,-1.5575778315960849,0.10326230435985502,-3.69280627535157,0.0038432832926198696,-0.9660418886880774,0.002008796118005293,-6.063738822937012,0.01743547089460485,-5.039386614952883,0.003592222709238981
346,IT-LAT0588_2,non_christian,-34.538776394910684,0.0031044188035314977,-3.234408209416331,0.010521320187952255,-0.9701225751588011,0.0019352340290290702,-5.410325527191162,0.026268563470783823,-4.19370580741241,0.009728877130146902
347,IT-LAT0534_1,NA,-34.538776394910684,0.0031044188035314977,-2.573682408879544,0.04383494966769952,-0.870780373455425,0.004794080063497393,-6.781796932220459,0.011074222268779167,-4.188424330707602,0.00978938140360978
348,IT-LAT0534_2,non_christian,-34.538776394910684,0.0031044188035314977,-3.2025161409069027,0.011281545780806658,-0.9950867275371353,0.0015402432668498933,-8.070340156555176,0.004878284948755248,-5.183795819687045,0.0030287434510099004
349,LC-19,NA,-34.538776394910684,0.0031044188035314977,-3.238789587070795,0.010420918781066895,-0.9362216304334056,0.002638136023432165,-8.074069023132324,0.004866693832410775,-4.134264111726633,0.010431740415308949
350,IT-LAT0284,NA,-34.538776394910684,0.0031044188035314977,-2.160991222616417,0.10249705014769306,-0.7988728884596775,0.00922234422540108,-6.104475021362305,0.016993665613529246,-4.348533222841941,0.0081107659733154
351,MQDQ-163,non_christian,-34.538776394910684,0.0031044188035314977,-3.065804442049316,0.015203837712551432,-0.9702836003276075,0.001932387044575356,-6.633596897125244,0.01216455621565622,-4.176787856879936,0.00992400592388034
352,MQDQ-434,NA,-34.538776394910684,0.0031044188035314977,-2.170511306606476,0.10057633352362803,-0.6624701901306044,0.0314516504516896,-5.853583335876465,0.01990008037796408,-3.0996916640581116,0.03469024653142834
353,MQDQ-510,NA,-34.538776394910684,0.0031044188035314977,-2.4787724115564522,0.05352508155191759,-0.8761307619593199,0.0045658242144555015,-6.471901893615723,0.013475318559211637,-5.152700734296797,0.0031421130400864465
354,IT-LAT0111,non_christian,-34.538776394910684,0.0031044188035314977,-2.885257662920189,0.02249774198862011,-0.9084371786669818,0.003400175788934685,-7.750113487243652,0.005983326872947185,-4.62958795100218,0.005825933411209536
355,MQDQ-206,NA,-34.538776394910684,0.0031044188035314977,-2.210364945006631,0.09287899165764535,-0.8958039510116433,0.0038157470443698108,-7.457885265350342,0.007207263015583299,-4.422834019869011,0.0074320157952889225
356,MQDQ-556,non_christian,-17.01823321621586,0.020756697874712637,-3.69280627535157,0.0038432832926198696,-1.1029265240189776,5.740971963840868e-4,-6.4023237228393555,0.014081348617789338,-4.91664805552687,0.00415248974029311
357,IT-LAT0342,NA,-34.538776394910684,0.0031044188035314977,-3.616911437466237,0.004542490965874377,-0.7899850281519486,0.009996793053541836,-7.484894752502441,0.007084416332169083,-5.02235751509302,0.0036652073223507452
358,IT-LAT0534_3,non_christian,-34.538776394910684,0.0031044188035314977,-3.300167166667032,0.009110201893866453,-1.0399060384338275,0.0010221342296335672,-8.081196784973145,0.004844613520241997,-5.1329273026900095,0.0032163952483710585
359,MQDQ-554,non_christian,-2.1700473898230683,0.09721707620143542,-3.69280627535157,0.0038432832926198696,-1.0312236083609487,0.0011066566269010503,-6.217184543609619,0.015827817886044572,-5.039386614952883,0.003592222709238981
360,IT-LAT0534_4,NA,-34.538776394910684,0.0031044188035314977,-2.137531850635302,0.10736925363065426,-0.8155567934463617,0.007925652241021649,-6.998885154724121,0.009649314075048843,-4.547012853332901,0.006421220603728139
361,MQDQ-330,NA,-22.07812528340071,0.012035351744357981,-3.69280627535157,0.0038432832926198696,-0.9159564398191938,0.0031745740028656724,-6.515623569488525,0.0131077382347384,-3.952783310313073,0.012903353126308777
362,IT-LAT0345,NA,-34.538776394910684,0.0031044188035314977,-3.69280627535157,0.0038432832926198696,-0.8290650355578854,0.0070096345748652126,-8.6096038818359375,0.003457355595706878,-5.035232333710727,0.0036098927890744295
363,IT-LAT0346,non_christian,-34.538776394910684,0.0031044188035314977,-3.0171911320176314,0.01690040980841495,-0.9943409716811376,0.001550785057750636,-5.464615345001221,0.0253928390104866,-3.905475503055382,0.013637506432376646
364,IT-LAT0349,non_christian,-34.538776394910684,0.0031044188035314977,-3.352381103149117,0.008124721513857291,-0.9725020645259888,0.0018935866539529639,-6.282533168792725,0.015188283037413677,-4.2615032106726085,0.008984314501089677
365,IT-LAT0120,non_christian,-34.538776394910684,0.0031044188035314977,-3.374998062861656,0.007731383144924422,-0.9757779731514886,0.001837709250705344,-7.8129072189331055,0.0057486004529859695,-4.87290062951568,0.004372553232724441
366,IT-LAT0720,NA,-34.538776394910684,0.0031044188035314977,-3.1112249132579293,0.013770782071561752,-0.9172702999363265,0.003136714277610896,-5.225147247314453,0.029482096361709176,-2.5544059931675647,0.06418872917703422
367,IT-LAT0325,NA,-34.538776394910684,0.0031044188035314977,-2.217497759401706,0.0915584101144957,-0.7421469827443166,0.015409760237123548,-6.379746437072754,0.01428371282450273,-4.713086301413147,0.005279788343819112
368,MQDQ-433,non_christian,-34.538776394910684,0.0031044188035314977,-2.978144435628535,0.018396698425048496,-0.9473958473724116,0.002382065956216327,-9.098784446716309,0.002529006140063384,-4.408368305063201,0.0075595891929653375
369,IT-LAT0054,non_christian,-34.538776394910684,0.0031044188035314977,-2.2962972088034124,0.07805815488031517,-0.9123298832516022,0.0032814559636219027,-8.101007461547852,0.0047837664121128136,-4.923778571232989,0.0041176813884024905
370,MQDQ-150,NA,-34.538776394910684,0.0031044188035314977,-2.065656293665144,0.1235820690877526,-0.8656869912929662,0.00502191179767255,-7.412603855133057,0.007417977614542321,-4.763254440397254,0.004976463523559635
371,IT-LAT0534,NA,-34.538776394910684,0.0031044188035314977,-1.7959918874315197,0.2038274723581303,-0.8352767274724978,0.006624476198230767,-5.137725830078125,0.031128696473635496,-2.3103099399534632,0.08392116462222243
372,IT-LAT0339,NA,-34.538776394910684,0.0031044188035314977,-2.9911312919404756,0.01788514023544676,-0.7970440319391576,0.009376688541944053,-3.1506104469299316,0.10302263413836278,-3.3983689768447753,0.024601109465610328
373,IT-LAT0340,NA,-34.538776394910684,0.0031044188035314977,-3.050457625637175,0.015720482319336638,-0.8478628637128953,0.005907353450347915,-1.1167912483215332,0.29729321552978466,-2.3774002161844945,0.07800576875731416
374,IT-LAT0341,non_christian,-34.538776394910684,0.0031044188035314977,-3.6962850432720606,0.0038139399537655124,-0.9861542730522277,0.0016713548775375562,-6.253671646118164,0.015467538055556857,-4.7573724072406725,0.005011110207289807
375,MQDQ-115,non_christian,-3.083689217774406,0.08878600712351388,-3.69280627535157,0.0038432832926198696,-0.9810552382660968,0.0017511352313307827,-6.108093738555908,0.016954954964473933,-5.144054190592127,0.0031743824729135108
376,MQDQ-96,NA,-25.901496459946884,0.007952151903675963,-3.4313072795847144,0.006832282447674248,-0.795233801243433,0.009531980102843474,-7.303681373596191,0.007950216907376174,-3.9131872070531033,0.013515080812138971
377,MQDQ-470,NA,-1.2054721552467527,0.10688638934285,-3.69280627535157,0.0038432832926198696,-0.8462833423987061,0.005992933353932065,-5.964514255523682,0.01855935696486531,-4.928359393498364,0.004095473084668398
378,MQDQ-465,non_christian,-11.815807059253927,0.03610952452869136,-3.69280627535157,0.0038432832926198696,-0.971121798624073,0.0019176347639904387,-6.262427806854248,0.015382286331586791,-4.605182339431067,0.005995922499418653
379,MQDQ-471,non_christian,-13.639880233273317,0.029768166071486815,-3.69280627535157,0.0038432832926198696,-0.9846074416815828,0.0016951656514441807,-5.997164249420166,0.018181907562018342,-4.842998744509555,0.004529611969691604
380,MQDQ-467,non_christian,-7.246409728441904,0.058182540300949395,-3.69280627535157,0.0038432832926198696,-0.9616482841752051,0.0020911216987574673,-5.790743827819824,0.020701203250761337,-4.949141758553463,0.003996206869786995
381,MQDQ-466,NA,-18.517398593010512,0.017670691476301282,-3.69280627535157,0.0038432832926198696,-0.9787196032049219,0.0017889376388762846,-6.228390693664551,0.015716296623294462,-4.926455757089825,0.004104687589997285
382,MQDQ-469,NA,-17.32897823672289,0.020076446602703624,-3.4275578539286533,0.006888781499015925,-0.7872711842070724,0.010245851076114112,-6.381992816925049,0.014263450397088985,-4.931603160030872,0.004079819146602655
383,MQDQ-472,non_christian,-34.538776394910684,0.0031044188035314977,-3.5322417259720442,0.005472840991354839,-0.9543659838604928,0.002235054758215544,-7.155338764190674,0.00873647941102243,-3.911739973310116,0.013537973165109076
384,MQDQ-468,NA,-25.9768829371734,0.007887314042474301,-3.69280627535157,0.0038432832926198696,-0.9906508730225657,0.0016040168973716737,-5.805759906768799,0.020506943083194368,-5.005252471048187,0.003740004656004805
385,MQDQ-223,non_christian,-9.712491125580385,0.045037402091559924,-3.69280627535157,0.0038432832926198696,-0.9754172057061362,0.0018437813467268905,-6.331161022186279,0.014728961779446954,-5.125355079315184,0.0032453028409850544
386,MQDQ-336,NA,-6.515543183824121,0.06272474742872775,-3.69280627535157,0.0038432832926198696,-1.0450721887526557,9.749351356576369e-4,-6.071384429931641,0.017351698904664068,-5.038228197751271,0.003597141310158795
387,IT-LAT0407,NA,-34.538776394910684,0.0031044188035314977,-2.6567150117443843,0.0367513790473706,-0.5333521191902373,0.09581942413459597,-5.223618984222412,0.02951014289872162,-3.026646176365009,0.03770968191623524
388,MQDQ-213,non_christian,-3.669418818999347,0.08373363707265175,-3.69280627535157,0.0038432832926198696,-1.0199603047757848,0.0012267892566333787,-6.063738822937012,0.01743547089460485,-5.039386614952883,0.003592222709238981
389,IT-LAT0044,NA,34.53957599234088,0.8569186314043734,1.0215609336024616,0.9923761334338634,-0.05881173412109553,0.89114138590834,3.5300729274749756,0.8927206245377498,2.1695671898468496,0.948846098936348
390,MQDQ-335,non_christian,-13.601993042387676,0.029888184370787805,-3.238979450483713,0.010416589464583596,-0.9485895052016055,0.002356222234938726,-6.56031608581543,0.012742223162950324,-4.636385502379339,0.005779446330462789
391,IT-LAT0043,NA,-34.538776394910684,0.0031044188035314977,-1.2348770546461443,0.46964529021070817,-0.34283164780523423,0.37770399884150174,-5.5478997230529785,0.02410442738630688,-3.8454479930544756,0.014628587147701363
392,IT-LAT0360,non_christian,-34.538776394910684,0.0031044188035314977,-2.463631641545442,0.05524705311631837,-0.9455040981199737,0.0024236043895484666,-7.708914279937744,0.0061424827607466015,-4.770868630135199,0.004931967735751074
393,IT-LAT0062,christian,34.53957599234088,0.8569186314043734,1.8176752052080931,0.9986809479419363,0.8339113339622632,0.9999656963114554,5.495701313018799,0.9670411721148472,3.798286929089318,0.9922413643796769
394,IT-LAT0246,christian,34.53957599234088,0.8569186314043734,1.8882828794406452,0.9988714353457702,0.8309677194106764,0.9999647587643097,5.9678120613098145,0.9754370735507794,3.9415303725898863,0.9934451044307386
395,IT-LAT0448,NA,34.53957599234088,0.8569186314043734,-0.03566723623754977,0.9262613903824011,0.2974364412401638,0.9953482853362287,-3.465956449508667,0.08578300243666659,-1.2075294485260695,0.25294952680906335
396,IT-LAT0737,NA,34.53957599234088,0.8569186314043734,4.824887732925402,0.9999982922600843,1.2789632592026237,0.9999994181844726,6.112168312072754,0.9775595208052766,4.106996647487358,0.9946063098767686
397,IT-LAT0058,christian,34.53957599234088,0.8569186314043734,2.200773637509365,0.9994342490952491,0.8616347308300225,0.9999733896295219,6.845017910003662,0.9858531480060364,3.7399114056033134,0.991690067344224
398,IT-LAT0248,NA,34.53957599234088,0.8569186314043734,-0.0756786298767032,0.9199847517499341,0.22914553278584937,0.9913394556673787,-3.6775460243225098,0.07572543775459734,-2.4463830920908762,0.07232367517738883
399,MQDQ-345,NA,-34.538776394910684,0.0031044188035314977,-2.909985099108191,0.021325962937042538,-0.9511026701249519,0.002302720896823881,-7.408195495605469,0.007438815451649971,-3.9564325787660044,0.012848369501802636
400,IT-LAT0051,non_christian,-34.538776394910684,0.0031044188035314977,-2.9251708087295314,0.020636158265683623,-0.9541005015249304,0.00224048471055502,-7.19258451461792,0.008532100473866325,-3.8885448804557363,0.01391013416132599
401,IT-LAT0355,NA,-34.538776394910684,0.0031044188035314977,-2.8796246477699907,0.02277335138206722,-0.942603861503964,0.0024886941955031315,-7.361173152923584,0.007664731941287704,-3.942218060815233,0.013063852755425438
402,IT-LAT0784,NA,-34.538776394910684,0.0031044188035314977,-2.917291266886253,0.020991312339136908,-0.5326567498410992,0.09637272394399354,-4.501357555389404,0.04608740462137411,-3.5589498061817966,0.020423899882655795
403,IT-LAT0348,NA,-34.538776394910684,0.0031044188035314977,-3.281442830526097,0.009491730140286099,-0.896499270397597,0.003791611901308827,-6.321383476257324,0.014820204523649072,-3.9451701663582885,0.013018809219127856
404,MQDQ-436,NA,-34.538776394910684,0.0031044188035314977,-3.040614813618189,0.016060890238061516,-0.9854579530634374,0.0016820319061122207,-7.039642333984375,0.009402792370922725,-4.716905196184853,0.005256065706224169
405,MQDQ-394,non_christian,-7.8290209909635,0.054784665615846204,-3.100946500576812,0.01408294503940099,-0.9677076927904754,0.0019784356473593855,-3.8329203128814697,0.069041692354594425,-2.98273552139427,0.039644709525622594
406,MQDQ-395,non_christian,-7.735980002038929,0.05531446856703513,-3.69280627535157,0.0038432832926198696,-0.9816234159970629,0.0017420604723694453,-6.9052734375,0.010240021565967667,-5.069223637405092,0.003467819285003059
407,MQDQ-396,NA,-11.800265216794969,0.03616878635522429,-3.69280627535157,0.0038432832926198696,-0.8596595897766823,0.005305476246720904,-6.8694987297058105,0.010475099806713697,-4.342669619289272,0.008166877937911918
408,MQDQ-397,non_christian,-0.9695408386821215,0.10937698042305118,-2.7958009027332125,0.027285341706350476,-0.8991060510918389,0.003702474380216064,-4.445835113525391,0.047677803145142354,-2.7652663122003824,0.05071204306749375
409,MQDQ-398,NA,-4.675285389901518,0.07566388561009571,-2.781507044775353,0.028137023538567837,-0.6296043848329629,0.04203613506903355,-2.638721227645874,0.13753515096007962,-2.6093231565292245,0.0603873952881148
410,MQDQ-399,non_christian,-16.3911838006253,0.022198751172147667,-3.69280627535157,0.0038432832926198696,-0.9901483903194909,0.0016114052517832982,-6.6147141456604,0.012310885800658948,-4.891883799663929,0.0042756706495130385
411,MQDQ-400,NA,-9.890946504978217,0.04420465496772782,-3.69280627535157,0.0038432832926198696,-0.7686109063886414,0.012132669206981033,-5.8106369972229,0.020444233902818333,-4.532715042873108,0.006530266062193325
412,MQDQ-401,NA,-10.790784299255591,0.040224791262405545,-3.69280627535157,0.0038432832926198696,-0.8176816834427079,0.007774058849286057,-6.066288948059082,0.01740748542136672,-4.712965794353079,0.0052805386538995695
413,MQDQ-402,NA,-11.119823597580591,0.03885702474808637,-3.69280627535157,0.0038432832926198696,-0.7794631573616728,0.010997178248932605,-7.138763427734375,0.00882898668947685,-4.747736453564578,0.005068387809985701
414,MQDQ-403,non_christian,-31.291176146023417,0.004423825342991692,-3.69280627535157,0.0038432832926198696,-0.997970347840989,0.0015001501194500011,-6.659854412078857,0.011963928246839006,-4.9226358555651695,0.004123240057815603
415,MQDQ-404,non_christian,-34.538776394910684,0.0031044188035314977,-2.9996915365759054,0.017555611900185838,-0.9912893180065178,0.0015946781615058573,-3.861056089401245,0.06789130270808354,-2.834859757219388,0.046884555196887855
416,MQDQ-405,non_christian,-16.174903632389373,0.022718503438798332,-3.69280627535157,0.0038432832926198696,-0.9760960441237811,0.0018323723402114385,-5.635980606079102,0.02281120914176233,-4.706492139830884,0.0053210016762019995
417,MQDQ-408,non_christian,-29.413824745674788,0.005427630407635122,-3.69280627535157,0.0038432832926198696,-0.9822672403362691,0.0017318342334294058,-5.73414421081543,0.021449742052075314,-5.0086000834860895,0.003725247416023094
418,MQDQ-409,NA,-1.1770606329960742,0.10718364823728731,-2.81264785688313,0.026313680005812645,-0.7346794902029637,0.01648278462747495,-3.001951217651367,0.11216867872484057,-2.5991213858756264,0.06107725469979609
419,MQDQ-410,NA,-6.623202468728351,0.06203545971158257,-3.69280627535157,0.0038432832926198696,-0.8676112747885225,0.004934597412974597,-6.279658317565918,0.015215875112153126,-5.113035925970197,0.0032928866045407582
420,MQDQ-411,non_christian,-7.719342811490321,0.05540971265530477,-3.69280627535157,0.0038432832926198696,-0.969504944095035,0.0019461928511402373,-6.060176372528076,0.017474639787274076,-4.917049295158636,0.004150523290099622
421,MQDQ-412,NA,-10.22533571082289,0.04268364613793718,-2.965398457681148,0.018912719113023904,-0.7576162378048575,0.01340105429443309,-2.8727316856384277,0.12068741152076576,-2.454349538648978,0.07169261902211418
422,IT-LAT0934,non_christian,-34.538776394910684,0.0031044188035314977,-2.105511663996581,0.11434750033189502,-0.7967363366180823,0.009402906434544202,-6.304835796356201,0.014975895273719177,-4.204857069289437,0.009602342577097486
423,IT-LAT0916,NA,-34.538776394910684,0.0031044188035314977,-3.6074746117941396,0.004637847802321061,-0.8837796122980331,0.004258176143640893,-7.0299906730651855,0.009460601171132772,-4.829449705093949,0.004602614605679214
424,MQDQ-490,non_christian,-18.432379942850616,0.017832968067042106,-3.69280627535157,0.0038432832926198696,-0.9669694472847895,0.0019918337809998834,-6.31821870803833,0.014849856808628163,-5.027773395046771,0.003641836724901873
425,MQDQ-240,non_christian,-6.813017977101254,0.06083737195898639,-3.001417785990065,0.017489885689469922,-0.9602697363548384,0.0021176398772882756,-5.6275224685668945,0.022932392965095413,-4.125961896205858,0.010533827484993506
426,MQDQ-138,non_christian,-34.538776394910684,0.0031044188035314977,-2.4328172602149962,0.05891383722649665,-0.8121592981419182,0.008174150401241618,-5.675388336181641,0.022254792673257737,-3.74590715783914,0.01643062569137899
427,IT-LAT0749,NA,34.53957599234088,0.8569186314043734,2.6771906852974925,0.9998026718185368,0.6455141863205491,0.9998073447199761,6.869531154632568,0.9860706581885442,3.9411357382804693,0.9934420573434937
428,IT-LAT0256,christian,34.53957599234088,0.8569186314043734,3.361081070345686,0.9999565106802968,1.1267016873325861,0.9999976528890289,8.728669166564941,0.9957289068189423,4.279629491348553,0.9956000978201606
429,IT-LAT0350,NA,34.53957599234088,0.8569186314043734,4.2239067407774655,0.9999935485263479,1.174438331354496,0.9999984842724677,7.055346965789795,0.9876155901452062,4.2783241469025395,0.9955933141250778
430,IT-LAT0750,christian,34.53957599234088,0.8569186314043734,2.3441836350533363,0.9995879523403575,0.890026708814754,0.999979483632001,7.07846212387085,0.9877955370268808,4.059498031266098,0.9942956773814684
431,IT-LAT0606,NA,34.53957599234088,0.8569186314043734,3.4044900818087607,0.9999604915307713,1.2098966289247326,0.9999989046422723,6.777852535247803,0.9852398805357248,3.9504900494837742,0.9935139075139806
432,IT-LAT0733,NA,34.53957599234088,0.8569186314043734,-1.0170715817145863,0.5890730985499832,-0.4769089991530252,0.1509053684611306,-5.82101583480835,0.02031140806883055,-4.144563989709959,0.010306449066665951
433,IT-LAT0744,NA,34.53957599234088,0.8569186314043734,2.090522432816511,0.999278139711642,0.6715538055261183,0.9998482236584141,2.408930540084839,0.802197235506895,1.484392013422166,0.8916949919120815
434,IT-LAT0736,NA,34.53957599234088,0.8569186314043734,1.7346521824585457,0.9984155093133993,0.5331100559261281,0.9994607219433357,5.118525505065918,0.9584005277593202,3.8607256969097588,0.9927909103778888
435,IT-LAT0747,christian,34.53957599234088,0.8569186314043734,2.879353154918091,0.9998738044726374,0.9495914049533472,0.9999881112742552,8.069598197937012,0.9934977364887865,4.15544857495861,0.9949058442029904
436,IT-LAT0755,NA,34.53957599234088,0.8569186314043734,3.4980697921468944,0.9999678774093205,0.9593687772605495,0.999989129788617,4.890801906585693,0.9521743922387018,1.9136837194602134,0.9319523164062291
437,IT-LAT0788,NA,34.53957599234088,0.8569186314043734,4.047522710393585,0.9999904704240336,1.2269605063674034,0.9999990631500204,7.054816246032715,0.9876114279777192,3.8661359686320433,0.9928366682172397
438,MQDQ-491,NA,-1.0049743789187673,0.10899970664939132,-3.69280627535157,0.0038432832926198696,-0.8178278003799885,0.007763740956679308,-6.063738822937012,0.01743547089460485,-4.794684012755771,0.0047953351422533414
439,IT-LAT0471,christian,34.53957599234088,0.8569186314043734,1.898354465641897,0.998896268257553,0.87117942341209,0.9999756174116088,6.297371864318848,0.9800216384827022,3.964114160784673,0.9936171570735802
440,IT-LAT0746,christian,34.53957599234088,0.8569186314043734,2.124524064598081,0.9993303968886206,0.885167569240765,0.9999785497968807,7.146642208099365,0.9883113973912381,4.040818324942766,0.9941686984503628
441,IT-LAT0347,non_christian,-34.538776394910684,0.0031044188035314977,-3.448361574533666,0.006581048515902855,-0.9767446677507997,0.0018215369826735308,-6.166715621948242,0.01633979898548336,-3.9617161778431047,0.012769170929229263
442,LC-1,NA,-34.538776394910684,0.0031044188035314977,-1.840002207778564,0.1884862660088685,-0.6515655574372662,0.03464122766150313,-5.181163311004639,0.030299706755987976,-4.339604196076929,0.00819636569016671
443,MQDQ-152,NA,-1.8664826083519728,0.10017283597128196,-3.69280627535157,0.0038432832926198696,-0.6125056895673053,0.0488160543546302,-6.062934875488281,0.017444302698837438,-4.731805199478881,0.005164517737200815
444,IT-LAT0201,non_christian,-34.538776394910684,0.0031044188035314977,-2.549220661668164,0.04615926645200113,-0.9190377288096495,0.0030864937173431966,-6.651867389678955,0.012024606933919102,-4.388115883276445,0.007741854364140893
445,IT-LAT0267,NA,34.53957599234088,0.8569186314043734,-0.27511638382015396,0.88090822576166,-9.23910179842391e-4,0.9329387596654888,-4.746921539306641,0.039640325135879256,-3.7715481378404547,0.015946560467194268
446,IT-LAT0865,christian,34.53957599234088,0.8569186314043734,2.968796006418531,0.9998964513634768,1.0771282946519758,0.9999963038200842,8.41687297821045,0.9947887767728758,4.200630460710823,0.9951702283992829
447,IT-LAT0059,christian,34.53957599234088,0.8569186314043734,3.926796177522412,0.9999875540072066,1.1917961049077321,0.9999987070967645,8.927275657653809,0.9962376042348081,4.14616240328247,0.9948497472641539
448,IT-LAT0893,non_christian,-34.538776394910684,0.0031044188035314977,-3.7856679080459172,0.0031319819916890276,-0.9763439525450182,0.001828223416983679,-7.030942440032959,0.00945488493549362,-4.9160110423134045,0.004155613607882894
449,IT-LAT0895,non_christian,-34.538776394910684,0.0031044188035314977,-3.4264874103684813,0.006904996686419567,-0.9594770844322003,0.002133039252036724,-6.352359294891357,0.01453303852787495,-4.517524175002177,0.006648138684254437
450,IT-LAT0896,non_christian,-16.799508066755266,0.021248985629961546,-3.067748326158599,0.015139602099871485,-0.9453630676168404,0.0024267298808786325,-5.735685348510742,0.021429013912872576,-4.633012218013774,0.0058024692626708705
451,MQDQ-439,non_christian,-6.739392669073368,0.06129949346527692,-3.0739878189586194,0.01493521838017102,-0.9373000660143432,0.002612269972404969,-2.7052438259124756,0.1325541512765047,-2.5474231394856792,0.06468775981793456
452,MQDQ-41,christian,34.53957599234088,0.8569186314043734,4.762733675089949,0.9999980406127211,1.1469042908781109,0.9999980494330277,7.457200050354004,0.9904012674495457,4.135163718003392,0.9947825097102209
453,MQDQ-39,christian,34.53957599234088,0.8569186314043734,2.862380299311992,0.999868978004366,0.8895495948675949,0.9999793937689424,6.179071426391602,0.9784813907712488,2.6078571349465602,0.9689307621739573
454,MQDQ-40,christian,34.53957599234088,0.8569186314043734,2.117791855690836,0.999320359338351,0.9346637484755451,0.9999863691819253,7.99201774597168,0.9931684275086082,3.7614157606876457,0.991897533417262
455,IT-LAT0846,NA,-34.538776394910684,0.0031044188035314977,-3.1691051130619052,0.012136239820385438,-0.6819246920283918,0.026453438993767002,-3.2562241554260254,0.09693185533732712,-2.1362464794681624,0.10120720923704338
456,MQDQ-232,non_christian,-34.538776394910684,0.0031044188035314977,-3.5343916831383253,0.005447021405592902,-0.9712909161893146,0.0019146719521774078,-4.9774885177612305,0.034380671876066395,-4.514469119028666,0.006672098235181992
457,MQDQ-233,non_christian,-34.538776394910684,0.0031044188035314977,-2.626455248431733,0.03919536265131347,-0.9664108149894793,0.002002032335582601,-6.682845115661621,0.011790947704756015,-4.6805409118019625,0.005486327075210711
458,MQDQ-377,NA,-6.262051040359722,0.064376042037969,-3.69280627535157,0.0038432832926198696,-0.8895280861282506,0.0040406299853598966,-7.636613845825195,0.006432020590069223,-5.112590970508547,0.003294618233361185
459,MQDQ-558,NA,-34.538776394910684,0.0031044188035314977,-2.6041757120776197,0.041093691509987276,-0.7145630351400682,0.019752165255858718,-7.461582660675049,0.007190322109505958,-4.971083090282483,0.0038940045279031933
460,IT-LAT0204,non_christian,-34.538776394910684,0.0031044188035314977,-3.0302926023869463,0.016425666864729384,-0.8950345882967456,0.0038426306863493832,-4.317492485046387,0.051555797166911124,-3.7701420899210367,0.0159727372582795
461,IT-LAT0913,NA,-34.538776394910684,0.0031044188035314977,-2.7686045056428314,0.02892793298072935,-0.6793582231484507,0.02706569767714664,-6.477679252624512,0.013426169755165184,-5.027164091126024,0.0036444585624535557
462,IT-LAT0914,non_christian,-34.538776394910684,0.0031044188035314977,-3.662513710681388,0.004108493618623943,-0.98441930497539,0.0016980846912647883,-7.24235200881958,0.008266391636981802,-4.4666516958958065,0.007058482554873397
463,MQDQ-107,non_christian,-5.564133810660991,0.0691336769366989,-3.69280627535157,0.0038432832926198696,-0.9622495994867127,0.002079658653146892,-5.528468132019043,0.024399211592248962,-5.019166153141909,0.003679048587156534
464,IT-LAT0621,NA,-34.538776394910684,0.0031044188035314977,-2.728371416807172,0.03153505046682631,-0.37261522320240587,0.31601704593411345,-5.028256416320801,0.03331638522165857,-4.202265978987183,0.009631597827460385
465,MQDQ-234,non_christian,-16.898737829517813,0.021024248002207552,-3.69280627535157,0.0038432832926198696,-0.9708782300453694,0.0019219099440721163,-6.721350193023682,0.011506756843689266,-5.014874725830459,0.0036977430799780262
466,IT-LAT0264,christian,34.53957599234088,0.8569186314043734,0.7462742815214091,0.9860742037859426,0.5927671880727856,0.99968769804383,5.539210319519043,0.9679187101516142,2.499731736840394,0.9648313624662296
467,MQDQ-157,NA,-34.538776394910684,0.0031044188035314977,-2.8058341620392335,0.026702543378782206,-0.5779444136417257,0.06580124774669072,-4.684344291687012,0.041196086609739224,-1.7377577037180185,0.15296959958813197
468,MQDQ-289,non_christian,-1.7144625677226912,0.10168284438424087,-3.69280627535157,0.0038432832926198696,-0.9722621468941546,0.0018977449734704826,-6.063738822937012,0.01743547089460485,-5.039386614952883,0.003592222709238981
469,MQDQ-158,non_christian,-0.7628577136464898,0.11160050391294575,-3.69280627535157,0.0038432832926198696,-0.9366496182178519,0.0026278403945249264,-6.063738822937012,0.01743547089460485,-5.039386614952883,0.003592222709238981
470,IT-LAT0268,christian,34.53957599234088,0.8569186314043734,0.9311703483261589,0.9907047106792783,0.6920455975815913,0.9998741967268231,6.190269947052002,0.9786320359542429,3.1872215670760062,0.9841214102482218
471,MQDQ-1,christian,34.53957599234088,0.8569186314043734,0.9252840017643881,0.9905840569204405,0.7947828205815362,0.9999509090847803,5.499900817871094,0.9671268734920982,3.8573693166249066,0.9927623777804988
472,IT-LAT0665,non_christian,-34.538776394910684,0.0031044188035314977,-2.252899593417305,0.08525107354849218,-0.9102331504049361,0.0033448794579177413,-6.020391464233398,0.017917986615897514,-3.892054541380378,0.013853181362534916
473,MQDQ-499,non_christian,-23.337540803578122,0.010501687227003243,-3.05482223053294,0.015571816458896524,-0.9205096093534083,0.003045283300784463,-4.492379665374756,0.046341103768213564,-3.442210881561829,0.02338433178915778
474,MQDQ-500,non_christian,0.22925868323852686,0.12283073743027194,-3.6701946961914866,0.004039569867279285,-0.9806798480446929,0.0017571567206629067,-5.525014400482178,0.024451972577932798,-4.581316251213595,0.006166919630471416
475,MQDQ-151,christian,34.53957599234088,0.8569186314043734,1.679519407664584,0.9982104030941799,0.9228565519449281,0.9999848122182352,7.718053817749023,0.9918674088844136,4.069853368754325,0.9943648814074176
476,MQDQ-241,non_christian,-34.538776394910684,0.0031044188035314977,-1.6486369236890284,0.26179717004786374,-0.828090397657957,0.00707205327469382,-2.8980348110198975,0.11897651041072353,-1.7606741965412436,0.14948276907079647
477,IT-LAT0886,NA,-29.938437881044592,0.005126269341079962,-3.252851257384971,0.010105049593936632,-0.7430110055687101,0.015290133027048156,-3.750502109527588,0.07251612551212958,-4.193016521369235,0.009736752490786555
478,LC-11,non_christian,-34.538776394910684,0.0031044188035314977,-1.9628010663486624,0.15040082688548256,-0.7611327430673253,0.012981761496789548,-4.995104789733887,0.03400770441053635,-4.535432890131033,0.006509397121772992
479,MQDQ-166,non_christian,-1.0774038752522015,0.10823207584253286,-3.69280627535157,0.0038432832926198696,-0.9712944002363989,0.0019146109623641664,-6.379632949829102,0.01428473723596244,-5.0191457235553125,0.0036791373599173592
480,MQDQ-540,non_christian,-6.4674259579389854,0.0630351228796058,-3.69280627535157,0.0038432832926198696,-1.0020633753744714,0.0014450245343030734,-6.130677700042725,0.016715317404950407,-4.842998744509555,0.004529611969691604
481,MQDQ-580,NA,-5.073127700492705,0.0726737565293624,-3.7734131886786493,0.0032177513824597696,-0.9654616694857626,0.002019479846298208,-6.888004302978516,0.01035283922578733,-4.363266171960323,0.007971460269198281
482,IT-LAT0233,non_christian,-34.538776394910684,0.0031044188035314977,-3.2427751921998125,0.01033041043112495,-0.9870264867905718,0.0016580761878591747,-6.925610065460205,0.010108723509621338,-4.945370147270184,0.00401404213113602
483,MQDQ-569,non_christian,-34.538776394910684,0.0031044188035314977,-2.5319175541565757,0.04787371574845132,-0.8567486467532281,0.00544807210871702,-7.679167747497559,0.00626000489659427,-4.39602173211275,0.0076701911661472165
484,MQDQ-570,NA,-34.538776394910684,0.0031044188035314977,-3.506815484370312,0.005787581835299063,-0.9255465300969813,0.0029083638160953265,-6.280636310577393,0.015206483055207087,-4.413864047438855,0.007510868153852035
485,MQDQ-571,NA,-1.130688366372681,0.10767038617942666,-2.6304449816346525,0.03886441495606144,-0.6913430469468759,0.02431998785823599,-5.517728805541992,0.024563636141357516,-3.83914275411298,0.014736720694237268
486,MQDQ-573,non_christian,-34.538776394910684,0.0031044188035314977,-3.0813180323624927,0.014698575982101914,-0.9494228830813165,0.002338344892197443,-7.219583988189697,0.008386916293935585,-4.0078941316030825,0.012097186735036009
487,MQDQ-350,NA,-34.538776394910684,0.0031044188035314977,-1.1121606811746807,0.5373885372527007,0.04018491821527259,0.9529929470514547,2.5588245391845703,0.8170039935483939,1.4052113572120384,0.8822912332029381
488,MQDQ-617,NA,34.53957599234088,0.8569186314043734,3.4565136830553236,0.9999647853272153,0.8246413650643794,0.9999626561890468,8.044218063354492,0.9933917779354662,3.8180228419324007,0.9924194166625488
489,MQDQ-592,NA,-34.538776394910684,0.0031044188035314977,-3.7734243110763273,0.0032176724861472795,-0.8227000587729857,0.007427364125155072,-7.799324035644531,0.005798586564257492,-4.888794204555567,0.004291291828628867
490,MQDQ-581,NA,34.53957599234088,0.8569186314043734,1.6590577157686246,0.9981277122508554,0.3586073232302609,0.9973385291659955,5.327366828918457,0.9634226982690713,2.23279377915244,0.9523640338264748
491,MQDQ-595,NA,-34.538776394910684,0.0031044188035314977,-3.292398131916879,0.009266624340273023,-0.895197210576331,0.003836932536989481,-6.865192413330078,0.010503754572810263,-4.633417158931996,0.005799700700318376
492,IT-LAT0115,NA,-34.538776394910684,0.0031044188035314977,-3.0223240554492086,0.016712828109128643,-1.0230947668610124,0.001192106546314349,-7.332574844360352,0.007805446951498058,-4.5844736810792845,0.006144021866228908
493,MQDQ-593,NA,-34.538776394910684,0.0031044188035314977,-2.9728424662442294,0.0186096488184986,-0.8485428818690083,0.0058708845698563555,-7.217200756072998,0.008399632458352443,-4.2406274594712,0.009207350413350798
494,IT-LAT0574,NA,-34.538776394910684,0.0031044188035314977,-3.3440441036538773,0.008274665984226253,-0.9761737193184756,0.001831071380733314,-3.8043601512908936,0.07022786950976309,-3.89089506499743,0.013871971215106273
495,IT-LAT0286,non_christian,-34.538776394910684,0.0031044188035314977,-3.1425016282419573,0.0128622624291864,-0.943843697173874,0.0024606579453351693,-4.797533988952637,0.03842338084956807,-2.801351166003637,0.048691901948760614
496,MQDQ-149,NA,21.59070393948127,0.5920544436869442,-2.8023887725383134,0.026901296680580195,-0.5656387826577345,0.07307915889063804,-8.553388595581055,0.003583773195995228,-4.713548695402293,0.0052769103357234075
497,MQDQ-476,NA,-34.538776394910684,0.0031044188035314977,-3.292191144033029,0.00927082803969322,-0.9329814588081671,0.002717397615041126,-4.333740234375,0.05104883719740727,-3.454655820664916,0.02304977431312937
498,MQDQ-477,NA,-4.029684574872022,0.08075719121716081,-3.69280627535157,0.0038432832926198696,-0.867302087899383,0.004948524223296172,-7.375442028045654,0.007595467622388772,-5.26200246985234,0.002761313921885666
499,MQDQ-479,non_christian,-0.963325770847973,0.10944327246875617,-3.69280627535157,0.0038432832926198696,-0.9707769271897487,0.0019236908383484246,-7.023235321044922,0.009501271753367378,-4.953619791308981,0.003975133531154118
500,MQDQ-480,non_christian,-8.463460458603521,0.05129755296667105,-3.560033931902995,0.0051482576303933545,-0.9971610513356035,0.0015112960032705547,-4.526950836181641,0.045371420084669836,-3.8834915179569984,0.013992542958482264
501,MQDQ-478,NA,0.37714106556583726,0.12458557705546797,-3.69280627535157,0.0038432832926198696,-0.7366291140248575,0.01619574895086688,-5.306631565093994,0.028023574343681516,-4.8549861003135595,0.004465985391899486
502,MQDQ-481,non_christian,-4.351786690456777,0.07817809152672968,-3.69280627535157,0.0038432832926198696,-0.9643261749754778,0.002040552355568941,-6.509274005889893,0.013160500250609376,-4.965484830155725,0.003919831044681836
503,IT-LAT0574_1,non_christian,-14.01886180231486,0.028593067511678887,-3.723456153217886,0.0035923012494351787,-0.9218137600822411,0.0030092276636089,-7.771797180175781,0.005901214349097295,-4.629168953074536,0.00582881098564785
504,MQDQ-597,non_christian,-34.538776394910684,0.0031044188035314977,-3.2988420214091647,0.009136696202975431,-0.9858265871747496,0.0016763709971031838,-4.883076190948486,0.03644770225741182,-3.5804615954534027,0.019919899085538078
505,IT-LAT0574_3,non_christian,-34.538776394910684,0.0031044188035314977,-2.9594400828484546,0.01915878757134074,-0.8879359529123108,0.004099749838775509,-4.880659103393555,0.036502161149296615,-4.158049381494645,0.0101446567922145
506,IT-LAT0574_7,non_christian,-34.538776394910684,0.0031044188035314977,-3.1947344884536246,0.01147513507204425,-0.9340061209797815,0.00269207872451381,-5.673253536224365,0.02228459220287072,-5.0702911507823725,0.003463448812502595
507,IT-LAT0574_8,NA,-26.1928715830162,0.007704437756736471,-3.69280627535157,0.0038432832926198696,-0.9779145154640764,0.0018021559396698024,-6.278196811676025,0.015229921181651566,-5.116269372859571,0.003280330248998
508,MQDQ-579,NA,34.53957599234088,0.8569186314043734,-0.8820454912621828,0.6589821329883758,-0.04838428916533044,0.9000673880140685,0.15098842978477478,0.48813723825240657,0.605399420632557,0.743869475765024
509,MQDQ-583,NA,-17.305995097592245,0.020126002249080576,-3.251147511466502,0.010142810734948616,-0.779345498430732,0.011008906972554649,-2.518348217010498,0.14694759759157208,-2.374067348885489,0.07829039648856266
510,IT-LAT0878,NA,34.53957599234088,0.8569186314043734,1.8559412342334545,0.9987878563420127,0.3211524560140506,0.9962532281864425,6.904925346374512,0.9863789112668622,3.894956122089521,0.993075601241528
511,IT-LAT0574_6,non_christian,-34.538776394910684,0.0031044188035314977,-2.5294515498986714,0.048122926898173414,-0.937760072760478,0.0026013139103280955,-5.610349655151367,0.02318037317882146,-3.5571564099417583,0.020466476985088435
512,MQDQ-599,NA,-34.538776394910684,0.0031044188035314977,-3.0052249150023154,0.01734578401808433,-0.7482979436925268,0.014577802119415716,-5.5430908203125,0.02417705511323383,-3.7915324094884397,0.01557903939967785
513,MQDQ-596,NA,-34.538776394910684,0.0031044188035314977,-3.329675481186102,0.00853955904284141,-0.7230908386054148,0.01829503567007011,-8.19426155090332,0.004507404899185495,-4.5726206516302375,0.006230419665582573
514,MQDQ-598,NA,-7.12875985422329,0.058892286932425125,-3.2961667966233765,0.009190416187530288,-0.7092960563708709,0.020708314186374477,-6.84981107711792,0.010606738530667802,-4.517865719175742,0.006645465410369063
515,IT-LAT0574_4,NA,-34.538776394910684,0.0031044188035314977,-3.6999460961810122,0.0037833000454337838,-1.087691892629867,6.600194121415358e-4,-9.313459396362305,0.0022045549614759597,-5.325108539418622,0.0025627915691956065
516,MQDQ-56,NA,34.53957599234088,0.8569186314043734,3.811623312812163,0.9999839434978507,1.0258374812700777,0.9999940870433145,5.66947603225708,0.9704130138429168,3.5828516727191886,0.9900064739092815
517,IT-LAT0719,NA,34.53957599234088,0.8569186314043734,2.654414477068973,0.9997924794446102,0.6952807968097339,0.9998778698762476,5.487171649932861,0.9668664382534496,4.041675637968408,0.994174587253754
518,MQDQ-588,non_christian,-34.538776394910684,0.0031044188035314977,-3.0424075104833532,0.015998355338550853,-0.9181423629443349,0.0031118340767747193,-6.671173095703125,0.011878456152203086,-5.1352431019120415,0.0032076058492377184
519,MQDQ-589,NA,-34.538776394910684,0.0031044188035314977,-3.698710674063436,0.003793611970208212,-0.7840127948912905,0.010553007293247079,-9.561302185058594,0.0018812943999466532,-4.698337869899825,0.005372408390775919
520,IT-LAT0263,NA,34.53957599234088,0.8569186314043734,2.539291700086399,0.9997323237464575,0.4657993271930827,0.9990013842359615,7.375285625457764,0.9898889572149709,3.9294381385352404,0.9933510949436839
521,IT-LAT0574_2,non_christian,-15.911806185778914,0.02336680495160657,-3.674109620585768,0.004004884384128441,-0.9559371227993617,0.002203187734847238,-4.485342979431152,0.046540876203013226,-4.135763090008296,0.010413413040961895
522,IT-LAT0061,NA,-34.538776394910684,0.0031044188035314977,-2.456779874104392,0.05604333951744954,-0.41805354181438037,0.23354994804768042,-5.300086498260498,0.028138092046337066,-3.6657772232594676,0.018038357096635108
523,MQDQ-584,NA,-10.19357484426314,0.04282593806022079,-3.786151397045846,0.00312864524214673,-0.7862249536034068,0.010343498520390812,-5.065114498138428,0.032563704092407206,-4.350774501372632,0.008089419135321256
524,IT-LAT0574_5,NA,-34.538776394910684,0.0031044188035314977,-3.519283277011057,0.005631061341304129,-0.9588410742755451,0.00214547620586766,-10.673628807067871,9.229486209314072e-4,-5.170853816245562,0.0030754246682697757
525,MQDQ-591,non_christian,-34.538776394910684,0.0031044188035314977,-2.9813360934417883,0.018269662266478793,-0.9498236110039093,0.0023297968541651616,-9.55677318572998,0.001886754347446075,-4.8398486276137165,0.004546481381415572
526,MQDQ-601,non_christian,-34.538776394910684,0.0031044188035314977,-2.423790116942847,0.0600305325080564,-0.9214148756794399,0.0030202101403332786,-7.993803024291992,0.005122361681042035,-3.973906500450498,0.01258827777889216
527,IT-LAT0793,christian,34.53957599234088,0.8569186314043734,0.4741773827636361,0.9748693018970708,0.6710503369736349,0.9998475221543044,4.453053951263428,0.9376463798147581,3.025675206050983,0.9808341599269446
528,MQDQ-602,NA,-34.538776394910684,0.0031044188035314977,-3.3542506362778246,0.008091468841123306,-0.877980533891298,0.004489453463215157,-7.028705596923828,0.009468324665992917,-4.650926914893935,0.005681235179437751
529,IT-LAT0121,NA,-34.538776394910684,0.0031044188035314977,-1.3475977585917234,0.4083322951541412,-0.5595306184593416,0.07696110262403179,-6.846986770629883,0.01062575660368441,-4.224893250885781,0.009379071543378486
530,IT-LAT0397,NA,34.53957599234088,0.8569186314043734,4.725680793255339,0.9999978732848716,1.1072527890572947,0.9999971951615364,8.18246078491211,0.9939488445791629,3.943761584680414,0.993462305836681
531,MQDQ-590,NA,-34.538776394910684,0.0031044188035314977,-2.4835623206314716,0.052990946302471274,-0.7298440616785528,0.017216445879596445,-6.875158786773682,0.0104375546889211,-4.0861088909331205,0.011037799330851528
532,MQDQ-603,non_christian,-34.538776394910684,0.0031044188035314977,-2.1082232045663094,0.11374158435132416,-0.9351004470519543,0.002665298229980819,-7.444507122039795,0.007268891367102206,-4.293837216975203,0.008649383611452413
533,MQDQ-578,non_christian,-34.538776394910684,0.0031044188035314977,-3.400292170377585,0.00731383310115473,-0.9875049846116248,0.0016508362709305971,-8.637516021728516,0.003396247491501422,-4.414506655818215,0.007505191668767825
534,MQDQ-512,NA,34.53957599234088,0.8569186314043734,3.7926309395394617,0.9999832547080852,0.6476480257336952,0.999811073279452,4.152957916259766,0.9254053169330286,3.316784633858376,0.9863512834369561
535,MQDQ-609,NA,15.757572947972237,0.43387309763043586,-2.6230627857670084,0.0394788918106189,-0.32396649004768063,0.41909461662195885,0.877705991268158,0.6031078354855481,0.6847084873618461,0.7613680857707728
536,LC-9,NA,-34.538776394910684,0.0031044188035314977,-2.5537971420111485,0.04571567505680976,-0.8916674731551357,0.003962524127931963,-7.22778844833374,0.008343285711047352,-4.645798607517432,0.005715680348527816
537,MQDQ-16,non_christian,-34.538776394910684,0.0031044188035314977,-3.421607547794239,0.006979398888028749,-1.0010803360540166,0.001458076846726017,-9.576335906982422,0.0018632832633565682,-4.976657058879171,0.0038684584773103826
538,MQDQ-165,non_christian,-34.538776394910684,0.0031044188035314977,-2.322538685602312,0.07398252165471325,-0.8679659813679311,0.004918668273570537,-4.326714992523193,0.051267456386703804,-3.5484951887234137,0.020673329776008328
539,MQDQ-281,NA,34.53957599234088,0.8569186314043734,1.6314145077281126,0.9980099109952246,0.21948488923873355,0.9905456717574752,3.675124406814575,0.9013066801349219,2.4588140953187083,0.9631478565602897
540,IT-LAT0410,christian,34.53957599234088,0.8569186314043734,2.477033391410325,0.9996928210293439,0.9379251792742667,0.9999867703913183,8.059372901916504,0.993455251842598,3.9896114231805604,0.9938060182188733
541,MQDQ-179,NA,0.6158962951250898,0.12746411453826026,-3.69280627535157,0.0038432832926198696,-0.8046634756135826,0.008750066258715985,-5.921752452850342,0.0190653499604061,-4.931603160030872,0.004079819146602655
542,MQDQ-180,christian,34.53957599234088,0.8569186314043734,3.904929760336841,0.9999869373327972,1.0194749185713703,0.999993732172813,7.433840274810791,0.990257848732236,3.49671384009912,0.9889439801546255
543,IT-LAT0847,NA,34.53957599234088,0.8569186314043734,4.672296631139223,0.9999976067700602,1.2308827934591304,0.9999990962134909,9.689196586608887,0.9976881432024949,3.969346162048808,0.9936563720771883
544,IT-LAT0843,christian,34.53957599234088,0.8569186314043734,3.9618169625112674,0.9999884815866932,1.1027293358385801,0.9999970764962117,7.658218860626221,0.9915520720204007,4.085550499021137,0.9944681955904475
545,MQDQ-27,NA,-34.538776394910684,0.0031044188035314977,-2.502005927545522,0.05098090070398497,-0.78301720380042,0.010648662328859547,-4.936522483825684,0.035263307530699665,-4.361374496220513,0.007989213122053083
546,MQDQ-15,NA,-34.538776394910684,0.0031044188035314977,-2.5707578575146792,0.04410684715525907,-0.8436928055622392,0.006135966784314366,-7.518346309661865,0.006935147712869949,-4.294457209389554,0.008643083878625194
547,MQDQ-17,NA,-34.538776394910684,0.0031044188035314977,-2.630539589393502,0.038856599893562924,-0.9125648914287562,0.0032744223919954807,-6.105185508728027,0.016986058442312334,-4.27572544087539,0.008835439190660788
548,IT-LAT0726,NA,34.53957599234088,0.8569186314043734,0.6902224125843195,0.9842652398342923,0.2635663947514464,0.9936667665917632,4.306601524353027,0.9319262476766699,3.6475777282662554,0.9907377507065808
549,LC-8,NA,-34.538776394910684,0.0031044188035314977,-3.099480690794338,0.014128027392338665,-0.9172730004606481,0.003136636925626101,-7.288742542266846,0.008026108932413322,-4.684583285739945,0.005460242707299618
550,IT-LAT0373,NA,-34.538776394910684,0.0031044188035314977,-3.2422086760087665,0.010343227756609705,-0.9994035607790243,0.0014806124706453062,-4.86155366897583,0.036935384953115394,-3.224611907123565,0.030058912897186388
551,LC-4,non_christian,-34.538776394910684,0.0031044188035314977,-2.8496120325801977,0.02429828828393579,-0.9828468591404531,0.0017226790787812241,-8.176827430725098,0.004557835124764812,-4.229517261554185,0.009328279131490952
552,MQDQ-21,NA,-34.538776394910684,0.0031044188035314977,-2.2856497572177714,0.07976972513963956,-0.7205130991536116,0.01872399810336523,-7.3434906005859375,0.007751437176633835,-4.867254694471908,0.004401787310187406
553,IT-LAT0403,christian,34.53957599234088,0.8569186314043734,4.4974388753015475,0.9999964768272133,1.1346784736850684,0.9999978182786269,7.282995223999023,0.9892792777577984,4.145052533348663,0.9948430016569669
554,MQDQ-22,non_christian,-34.538776394910684,0.0031044188035314977,-2.6303343503007515,0.0388735555571071,-0.8795576615478825,0.004425344478849907,-6.572220802307129,0.012646569923911187,-4.68539015487934,0.005455050979360037
555,LC-3,NA,-34.538776394910684,0.0031044188035314977,-3.5395204697902862,0.005385916176887514,-0.7548743583873501,0.013737227883280342,-8.346100807189941,0.004091031434871959,-5.0427486795907095,0.0035779854101446024
556,IT-LAT0337,NA,-34.538776394910684,0.0031044188035314977,-3.520541651949579,0.005615499489099811,-0.8974236388251999,0.0037597615831949506,-7.145964622497559,0.0087886780106457,-5.084791342827157,0.0034046248452833075
557,IT-LAT0351,NA,-34.538776394910684,0.0031044188035314977,-3.369476109828702,0.007825637911219473,-1.2379274421207453,1.667562624567223e-4,-8.488648414611816,0.0037350777384912307,-4.994248370682882,0.0037889254949404418
558,MQDQ-440,NA,-34.538776394910684,0.0031044188035314977,-2.987782209132301,0.01801571010480374,-0.6107705390618521,0.04955941408187095,-7.08390474319458,0.009142132000933133,-4.886273455637126,0.004304078972444369
559,MQDQ-290,NA,-34.538776394910684,0.0031044188035314977,-3.2117448736013765,0.01105613816186603,-0.8580446808538891,0.005384119638397264,-5.463818550109863,0.02540548380222486,-3.960082397047869,0.01279360890416575
560,MQDQ-563,NA,-34.538776394910684,0.0031044188035314977,-3.3796473697778446,0.00765289773586061,-0.7825642043072591,0.010692469341435864,-6.828670024871826,0.010749917732465458,-4.2331872152130146,0.009288160579648387
561,MQDQ-449,non_christian,-34.538776394910684,0.0031044188035314977,-3.419032026373937,0.007018987695310042,-0.965048220118432,0.0020271273803246182,-6.6343793869018555,0.012158529617151751,-4.8513277062131355,0.004485308530472277
562,MQDQ-293,NA,-34.538776394910684,0.0031044188035314977,-3.1834817609153445,0.01176089659952749,-0.9232489887931462,0.002970039878019799,-4.45596170425415,0.04738389783481395,-2.7625721099728326,0.05086601539595102
563,MQDQ-492,NA,34.53957599234088,0.8569186314043734,4.650251016190497,0.9999974871933133,1.338566176591118,0.9999996629731993,7.094559669494629,0.9879193253793562,3.858110120143346,0.9927686849786866
564,IT-LAT0361,NA,-24.272385464549643,0.009489861555506412,-3.69280627535157,0.0038432832926198696,-0.7791211093901483,0.01103130929047086,-7.482076168060303,0.007097138271354592,-4.866062649915252,0.00440798443119007
565,IT-LAT0362,NA,-34.538776394910684,0.0031044188035314977,-3.4054681678066903,0.0072311884698215,-0.8690488647389949,0.004870354076489186,-7.390252590179443,0.007524230757002664,-4.287116532321016,0.008717965147826993
566,IT-LAT0364,non_christian,-34.538776394910684,0.0031044188035314977,-3.2884676372481723,0.009346771884238166,-0.9467140860027108,0.0023969533587159934,-4.8607563972473145,0.03695357049317708,-2.6984063349289986,0.05466631979830238
567,IT-LAT0365,NA,-11.38879730946428,0.03777219978529519,-3.0559362232481866,0.01553409415257337,-0.7390785530997157,0.015842087792878507,-7.457559108734131,0.0072087593163414005,-4.51508066857766,0.0066672952466979695
568,IT-LAT0366,NA,-34.538776394910684,0.0031044188035314977,-3.69280627535157,0.0038432832926198696,-0.8787988599205768,0.004456074592734881,-5.924704551696777,0.019029987742304435,-4.559590676256174,0.006326789930162145
569,IT-LAT0367,NA,-34.538776394910684,0.0031044188035314977,-3.269175898254024,0.009750218743658374,-0.7329298470680263,0.016744632784913453,-7.965047359466553,0.005217170814125117,-3.673168879468058,0.017883803036704417
570,IT-LAT0850,NA,-34.538776394910684,0.0031044188035314977,-3.1264389766931178,0.013321204738622233,-1.0282694855008028,0.0011369784307891212,-7.221105575561523,0.00837880757608393,-4.518747797676685,0.006638566300924391
571,IT-LAT0329,non_christian,-34.538776394910684,0.0031044188035314977,-3.5020571580270383,0.005848451646319887,-0.9693597128330673,0.0019487787163396829,-6.018102645874023,0.017943825545828497,-3.632166266347487,0.01875783076840723
572,IT-LAT0238,non_christian,-34.538776394910684,0.0031044188035314977,-3.440561370204377,0.0066947971024393284,-0.9762110642922995,0.0018304462287484563,-9.889104843139648,0.0015252612261545102,-5.375177120962931,0.0024154640933932285
573,MQDQ-114,non_christian,-32.22359564990893,0.003996286890279937,-3.4189628167267045,0.007020054600050759,-0.9100399464562998,0.003350784749089754,-5.1750078201293945,0.030415868413317348,-2.5147383987517293,0.06707192411511834
574,MQDQ-10,non_christian,17.739546262677123,0.48772572576115947,-3.0556318522636223,0.015544391901852946,-0.8944025272936651,0.0038648577418672466,-4.171496868133545,0.05632932510086354,-3.5820807187832178,0.019882461429829034
575,IT-LAT1004,NA,34.53957599234088,0.8569186314043734,-0.37616646069354165,0.8553971091379877,0.2833517745033862,0.9947110604060271,6.9452314376831055,0.9867217558045888,3.5758352111702516,0.9899238461026466
576,MQDQ-379,NA,29.733735110890517,0.7796885044444757,-2.3304848471897484,0.07278752671986347,-0.24842375461645783,0.5903751393926637,-3.999234914779663,0.06249552600590326,-3.41666908409767,0.024085883362913264
577,IT-LAT0015,NA,34.53957599234088,0.8569186314043734,-0.3146683475299678,0.8714213759928598,0.16944125789415554,0.9851290020576815,5.061971664428711,0.9569307687458803,2.543247362381792,0.9665403837916039
578,MQDQ-26,NA,-34.538776394910684,0.0031044188035314977,-1.4153382136406667,0.37269321120892707,-0.6541529105006516,0.033857307449644415,-2.468264579772949,0.151018273514837,-2.6807087051551415,0.055760681212016036
579,MQDQ-23,NA,-34.538776394910684,0.0031044188035314977,-2.570429399204867,0.04413748443928891,-0.9609151608037476,0.002105182770051623,-6.391481876373291,0.014178170852377617,-4.887865941440377,0.004295996274864212
580,LC-5,non_christian,-34.538776394910684,0.0031044188035314977,-2.982440367833859,0.01822591008799503,-0.972740741086932,0.001889458869030956,-8.58675479888916,0.0035081938080499388,-3.9551569699107505,0.01286756279556586
581,MQDQ-25,NA,-34.538776394910684,0.0031044188035314977,-3.204963991751395,0.011221319170040007,-0.8627815119293429,0.005156669014324459,-8.009401321411133,0.005071652268443973,-5.139544375163967,0.003191344250939925
582,MQDQ-116,non_christian,0.9002654212448532,0.13096650252039543,-1.494146721011752,0.3329273374148518,-0.8371230161689059,0.006514103008016359,-3.2210285663604736,0.09892502150594054,-0.3499830658508862,0.48341316940715057
583,MQDQ-28,NA,-10.071677298964687,0.04337626914598604,-3.69280627535157,0.0038432832926198696,-0.9206561535816643,0.003041210433098687,-5.834296703338623,0.02014267476407345,-4.814275594752894,0.004685764195364676
584,IT-LAT0612,christian,34.53957599234088,0.8569186314043734,2.421033486329554,0.999652334558952,0.8991257880816959,0.9999811243500281,6.213626861572266,0.978942926487643,3.6312952363012223,0.9905589390171
585,MQDQ-282,NA,34.53957599234088,0.8569186314043734,4.7729719491312,0.9999980844808779,1.1757520831537522,0.9999985024042836,8.314493179321289,0.9944372319937459,4.031719327116421,0.9941058324034975
586,MQDQ-368,NA,34.53957599234088,0.8569186314043734,2.0970314511543178,0.9992884494616822,0.8984587010606855,0.9999810086530727,5.686981201171875,0.9707335311047416,2.7159383941046595,0.9725645100463045
587,MQDQ-367,NA,34.53957599234088,0.8569186314043734,2.190053540985431,0.9994206834151963,0.7864972122576022,0.9999470382341124,8.098466873168945,0.9936162086855203,2.895432087541916,0.977705712961472
588,MQDQ-371,NA,34.53957599234088,0.8569186314043734,5.396136439227075e-4,0.9315474157070067,-0.029088236229978803,0.9148802917078763,4.072650909423828,0.9217725990486967,1.3576820574664032,0.8763126037015094
589,MQDQ-374,NA,34.53957599234088,0.8569186314043734,2.255569120742576,0.9994987867874949,0.6761175268598147,0.9998544370928218,4.805750846862793,0.9496292787851855,3.3874454590994283,0.9874342040146699
590,MQDQ-375,christian,12.00884444086763,0.3370595673358027,0.8369610591368037,0.988576049233715,0.7372060177225508,0.999916814675703,4.187566757202148,0.9269225361635086,2.685397163477299,0.9715817573426738
591,MQDQ-369,NA,34.53957599234088,0.8569186314043734,1.0293721954326143,0.992505730263959,0.5076707745047602,0.9993192972063972,4.974647045135498,0.9545635363042457,3.9065572936369874,0.9931695312908579
592,MQDQ-373,NA,34.53957599234088,0.8569186314043734,1.8989678189522259,0.9988977628114153,0.5831347314260538,0.9996588986564733,5.866503715515137,0.9738319521015097,3.595337000728679,0.9901518492348007
593,MQDQ-366,christian,34.53957599234088,0.8569186314043734,1.4413613954431588,0.9969733217649529,0.7994586619995376,0.9999529672998998,6.975162029266357,0.9869708245621354,3.718729645582831,0.9914805655173463
594,MQDQ-372,christian,34.53957599234088,0.8569186314043734,1.4205471777393441,0.9968311893620727,0.6288728841430982,0.9997756262835691,5.124886512756348,0.9585628089126528,3.6052977020469608,0.9902663254451158
595,IT-LAT0270,NA,34.53957599234088,0.8569186314043734,1.0111370109336943,0.9921997198346952,0.3078466169154044,0.9957695985163776,4.38440465927124,0.9350231829486934,3.154461032680384,0.9835029965642386
596,MQDQ-284,NA,3.323305972682871,0.16421444581975153,-2.2315762403403605,0.08900136160085975,-0.4735850462140064,0.15484849725319436,-5.816523551940918,0.0203687951652773,-4.447400777787773,0.007220238687416506
597,MQDQ-280,christian,34.53957599234088,0.8569186314043734,2.2912990632401753,0.9995368511205059,0.8858079430248507,0.999978675255541,5.725931167602539,0.9714346618663212,3.892618326003293,0.9930565183259724
598,MQDQ-279,NA,34.53957599234088,0.8569186314043734,3.6337707163746025,0.99997620563513,0.9375567510238181,0.9999867256668304,6.534026622772217,0.9827855515600624,4.026522600446508,0.9940696258067608
599,MQDQ-192,NA,-29.941386733265517,0.005124623327909555,-2.9888481562077667,0.017974051090898717,-0.5460315449659835,0.08621798299949134,-6.164244651794434,0.016365279669406253,-3.9202470943004024,0.013403953741050885
600,IT-LAT0001,NA,34.53957599234088,0.8569186314043734,1.903755682675314,0.9989093600984146,0.654959145721387,0.9998233097673282,2.0295186042785645,0.7607593119546411,1.5857588549660782,0.9027654967340655
601,MQDQ-278,christian,34.53957599234088,0.8569186314043734,1.0426798966758786,0.99272150236394,0.7642273953881957,0.9999350537216454,5.656728267669678,0.9701774651098377,3.7550837619362065,0.9918369840676957
602,MQDQ-365,christian,34.53957599234088,0.8569186314043734,2.1741560658609824,0.9993999652471932,0.9310939549135804,0.999985916078508,7.279222011566162,0.9892535923003203,3.8005355820832616,0.9922618587947429
603,MQDQ-418,non_christian,-34.538776394910684,0.0031044188035314977,-3.677315122157793,0.003976705242429454,-1.0505720642410907,9.270776758992025e-4,-7.512419700622559,0.006961364075786229,-4.433046821703258,0.007343237971267013
604,MQDQ-417,non_christian,-34.538776394910684,0.0031044188035314977,-2.3143434924880584,0.07523385414968753,-0.9143630450942257,0.0032211003764743558,-7.851329803466797,0.0056095133740316685,-3.9988021610966626,0.012226672597548623
605,IT-LAT0880,christian,34.53957599234088,0.8569186314043734,2.0015530421853525,0.9991213019952416,0.8498636153899928,0.9999703599340976,7.344969272613525,0.989692567200306,4.067970774700376,0.9943523625442354
606,MQDQ-87,NA,-34.538776394910684,0.0031044188035314977,-2.2419082413813625,0.08716595933977957,-0.6247071821543165,0.043880212302545345,-7.155144214630127,0.008737559604215865,-4.296283030455512,0.00862455814865406
607,IT-LAT0353,non_christian,-13.34920778918854,0.03070103723426732,-3.6977175500132846,0.0038019217583399054,-0.9498131578533863,0.0023300194367090244,-7.4420952796936035,0.007280057392952557,-4.832429769943888,0.0045864581116758256
608,MQDQ-562,non_christian,-34.538776394910684,0.0031044188035314977,-2.2814845049699928,0.08044856624067237,-0.8563344137511991,0.0054686712159382036,-4.014683723449707,0.06191775604285614,-2.2414936172104647,0.09040935949160685
609,IT-LAT0333,NA,-34.538776394910684,0.0031044188035314977,-3.69280627535157,0.0038432832926198696,-0.8428785066905863,0.006181624353756635,-7.68504524230957,0.00623660839320485,-4.769173587746299,0.004941838841410557
610,IT-LAT0334,NA,-34.538776394910684,0.0031044188035314977,-2.563063982318208,0.04482985483124427,-0.8831594599511953,0.004282331338571506,-7.360313415527344,0.007668925261817948,-4.446278728785695,0.007229779406882995
611,IT-LAT0336,non_christian,-34.538776394910684,0.0031044188035314977,-3.505539591984768,0.005803841327279571,-0.9390051297878566,0.0025718895197675523,-9.116229057312012,0.0025009507425519267,-5.1671540830019485,0.0030889007859374036
612,MQDQ-630,NA,3.722901581217537,0.1703064918275706,-3.69280627535157,0.0038432832926198696,-0.7150252949760263,0.019670342902341487,-6.900675296783447,0.010269941397780896,-5.136968299221295,0.0032010735893452068
613,MQDQ-52,christian,34.53957599234088,0.8569186314043734,1.2528112330966343,0.995414484484421,0.7736542096670305,0.9999404264497508,4.152296543121338,0.9253760428203185,2.591246399805431,0.9683324787536864
614,MQDQ-49,christian,34.53957599234088,0.8569186314043734,1.6060066301898768,0.9978951231752295,0.8396030150435458,0.9999674389721517,6.974949836730957,0.9869690751219073,3.604979914347101,0.9902626936087694
615,MQDQ-55,christian,17.213241967289836,0.473345411063288,1.1724632728250073,0.9945276371683718,0.7159488931828824,0.999898933523402,4.781222820281982,0.9488717723301145,2.742924550147736,0.9734053231544567
616,MQDQ-48,christian,34.53957599234088,0.8569186314043734,1.1542795449259764,0.994304357119144,0.8231733340680205,0.9999621506217101,4.741898536682129,0.9476347788524365,2.6775269141813887,0.9713230212418198
617,MQDQ-53,christian,34.53957599234088,0.8569186314043734,1.183621882662426,0.994660322437585,0.8057221228455194,0.9999555897884546,5.33167028427124,0.9635197961267995,2.5824906866444453,0.9680126462681774
618,MQDQ-54,NA,34.53957599234088,0.8569186314043734,0.42879945439000333,0.9722898308744289,0.4830743060305238,0.9991474181753948,2.8374505043029785,0.842215264255074,1.5820659527550547,0.9023805425646955
619,MQDQ-50,NA,34.53957599234088,0.8569186314043734,0.11950350971682493,0.946536426460794,0.4058843835692707,0.9982723979342079,1.1249020099639893,0.640355232431731,1.0131990071149841,0.8248560932441522
620,MQDQ-51,NA,34.53957599234088,0.8569186314043734,1.7988875615117141,0.9986250621401871,0.6105971092375229,0.9997347462311951,6.896761417388916,0.986308412783898,3.3897752476819503,0.9874684264011295
621,MQDQ-243,NA,34.53957599234088,0.8569186314043734,4.819745538028649,0.999998272727838,1.207792053843878,0.9999988833201147,8.484477043151855,0.9950087050759179,4.116872121582203,0.9946687498836579
622,MQDQ-242,christian,34.53957599234088,0.8569186314043734,1.6454478474921406,0.9980706102800806,0.8559347929797698,0.99997196331763,7.120406150817871,0.9881154924782414,3.5884020352224892,0.9900713610703871
623,MQDQ-381,christian,34.53957599234088,0.8569186314043734,1.2747928184385502,0.9956311264669322,0.7248979764399841,0.9999068874890372,5.552886486053467,0.9681898499296875,2.9977863653572165,0.9802026893103658
624,MQDQ-380,NA,34.53957599234088,0.8569186314043734,-1.5976638468034003,0.28416077161689657,-0.23988291999821187,0.6091532947959105,-2.440704584121704,0.1532975695936363,-1.9372836409475926,0.1247690120084126
625,MQDQ-514,NA,-3.3465175019848914,0.08648573233398306,-3.69280627535157,0.0038432832926198696,-0.8921811595935977,0.00394399519059368,-6.615975379943848,0.012301058073682725,-5.039386614952883,0.003592222709238981
626,IT-LAT0016,NA,34.53957599234088,0.8569186314043734,-0.3038801671819872,0.8740711196408105,0.1493272804011503,0.9821739240382201,7.803654193878174,0.9922983360282871,3.1582590676373017,0.9835758877024154
627,MQDQ-516,NA,34.43421547668306,0.8554986996489963,-0.43716276166786705,0.8378984309784621,-0.1335971745793505,0.8049277908627992,2.9528305530548096,0.851797969649505,1.5058443454230952,0.8941265897194619
628,IT-LAT0768,christian,34.53957599234088,0.8569186314043734,0.7358524464351861,0.98575412394586015,0.7198759982447056,0.999902504336959,4.644027233123779,0.9444323157456123,2.469403034491356,0.9635908171575985
629,IT-LAT0608,NA,34.53957599234088,0.8569186314043734,2.0160508363465928,0.9991490057552692,0.7012858556975994,0.9998844059608601,6.76274299621582,0.9850983517499926,4.098341288447423,0.9945509865610356
630,MQDQ-360,christian,14.208265835100816,0.3927748660626442,0.48895602155902196,0.975657742937633,0.733851921989656,0.9999142193491185,4.1141862869262695,0.9236712456217019,2.604262798887728,0.9688022364321242
631,MQDQ-361,christian,34.53957599234088,0.8569186314043734,2.3067840270247792,0.9995524370179575,0.9980917357890704,0.9999923759435037,8.347259521484375,0.9945522357565912,3.6170597497132535,0.9903998085291006
632,MQDQ-362,NA,3.289636617718205,0.16370922217750644,-2.6650155080035294,0.036107006336470564,-0.537512174418738,0.09256828194469063,-7.262486934661865,0.00816123756568682,-3.085277035305908,0.0352670315082725
633,MQDQ-189,christian,34.53957599234088,0.8569186314043734,1.4665717764723882,0.9971369884673547,0.8330767264882604,0.9999654330498905,7.3548431396484375,0.989756941350324,3.8869185140673714,0.9930097728561117
634,MQDQ-422,NA,34.53957599234088,0.8569186314043734,2.9840571315424307,0.9998998876531472,1.0096088603668434,0.9999931393171914,6.455848693847656,0.9819167919424004,3.830488367028654,0.9925297818299098
635,MQDQ-364,christian,14.909026326359639,0.4112129420667901,0.7321423911352216,0.9856384379067087,0.7569553641231717,0.9999305802609563,6.06866455078125,0.9769394862965058,2.8547203693190473,0.9766291366812985
636,IT-LAT0904,christian,34.53957599234088,0.8569186314043734,2.9243771132452,0.9998857637682186,0.958328742087128,0.9999890257319651,6.956616401672363,0.9868170450740902,4.14152361413299,0.9948214950090695
637,IT-LAT0383,NA,34.53957599234088,0.8569186314043734,-0.47185798078535113,0.8272042080354589,-0.11597374680482309,0.8290375921129238,-3.320357084274292,0.09339197375559843,-2.508057898143058,0.06756916558276145
638,MQDQ-66,christian,34.53957599234088,0.8569186314043734,2.2707055667730542,0.999515279713704,0.8326006768226382,0.9999652819849503,5.712616443634033,0.9711968395194343,3.92956747972205,0.9933521075416204
639,MQDQ-220,non_christian,-34.538776394910684,0.0031044188035314977,-3.1993738301631085,0.011359327401357118,-0.9718001822969048,0.0019057775612888706,-6.196581840515137,0.01603488694858003,-3.33512837736067,0.02646561169797462
640,MQDQ-121,NA,0.2416836110132298,0.12297735546837679,-3.69280627535157,0.0038432832926198696,-0.876477205391524,0.004551422985963942,-6.069093227386475,0.01737676175761939,-4.985437984736693,0.003828552854219546
641,LC-16,non_christian,-34.538776394910684,0.0031044188035314977,-1.8912479224803822,0.17175893603251677,-0.8837091945714702,0.004260912101497664,-5.61277961730957,0.023145125482484447,-2.5109561126201494,0.0673530278099163
642,MQDQ-185,NA,-2.1845131274831004,0.09707818658990332,-3.925413524692678,0.0023012090238787295,-1.065900802923347,8.057231830912628e-4,-7.14267110824585,0.008807090768888914,-4.821535214698595,0.004645798744891009
643,MQDQ-423,christian,34.53957599234088,0.8569186314043734,2.798158188663795,0.9998489848410033,0.9995636976129918,0.9999924780545754,10.829584121704102,0.9988857743571298,3.8794064889117785,0.9929476873855002
644,IT-LAT0189,non_christian,-34.538776394910684,0.0031044188035314977,-2.6225178109022123,0.03952462170766304,-0.8798863468872842,0.004412098882275185,-4.304041385650635,0.05197909503185293,-2.924901969127788,0.04233890677722506
645,MQDQ-218,NA,29.851290899642176,0.781891006609949,-1.9625507229498007,0.1504715881069987,-0.15342058010076043,0.7748305107499769,-6.057494640350342,0.017504182251308772,-3.9173118261815754,0.013450046820263448
646,IT-LAT0610,NA,34.53957599234088,0.8569186314043734,3.504826547339552,0.9999683538457292,1.1074276852271456,0.999997199651649,7.204747200012207,0.988733979151668,4.003701188324445,0.9939079895590397
647,MQDQ-363,NA,34.53957599234088,0.8569186314043734,2.3281827858887447,0.999573116133099,0.8893524813420246,0.9999793565283722,8.6149320602417,0.9954073255861983,3.9681095886405213,0.9936471253450118
648,LC-16_1,NA,34.53957599234088,0.8569186314043734,-0.6449685528611594,0.7655022238019569,0.0859366192450195,0.9685809391538643,4.843052387237549,0.9507609305864532,2.7117821064133305,0.972432736460162
649,MQDQ-219,NA,-34.538776394910684,0.0031044188035314977,-3.0659811985897845,0.015197985722558599,-0.6445196771266928,0.03686568658265055,-0.5786988735198975,0.3739624005965895,-2.525580237522797,0.06627217036053133
650,IT-LAT0776,christian,34.53957599234088,0.8569186314043734,0.9140872613612362,0.9903502575334335,0.7131694145453213,0.9998963274647977,4.781962871551514,0.9488947844472921,3.1572051965870656,0.9835556938215614
651,MQDQ-444,non_christian,-34.538776394910684,0.0031044188035314977,-1.7983967269562078,0.20296572050383388,-0.8635040172618257,0.005122826585068902,-4.262082099914551,0.05332072559904659,-2.7149738645834702,0.05366020605441304
652,MQDQ-285,christian,34.53957599234088,0.8569186314043734,2.062081053007629,0.9992313111135578,0.869872951269087,0.9999753238570834,8.066122055053711,0.9934833244386616,4.028418500790316,0.994082860454533
653,IT-LAT0919,non_christian,-34.538776394910684,0.0031044188035314977,-2.530796931640509,0.04798681208714863,-0.8902088629162543,0.004015610923585794,-7.183470249176025,0.008581670938607584,-5.00803156183811,0.0037277495275183908
654,MQDQ-273,NA,-34.538776394910684,0.0031044188035314977,-3.3277167643843213,0.00857631419336629,-0.9719084710339566,0.001903891609363887,-6.845277309417725,0.010637284011080472,-4.8374006172416975,0.0045596340648526
655,MQDQ-608,christian,34.53957599234088,0.8569186314043734,0.8754061214511978,0.9894974531465137,0.7751982394534573,0.999941263080977,8.32512092590332,0.9944747955109952,3.713977538231079,0.9914328494881263
656,MQDQ-125,non_christian,7.285991573523378,0.23264809436839454,-3.5954366849339343,0.004762385203241921,-0.9364478564537329,0.002632688951757978,-3.744323253631592,0.07278299780280321,-2.2381133404524367,0.09073942837049477
657,MQDQ-445,christian,34.53957599234088,0.8569186314043734,0.9110235315284575,0.990285288035952,0.6639881665088603,0.999837333518377,6.403441905975342,0.9813104683521395,3.3633268403055734,0.9870744581681562
658,MQDQ-120,christian,34.53957599234088,0.8569186314043734,0.959615194231705,0.9912665068672954,0.7822815236600202,0.9999449530810688,7.007083415985107,0.9872313801524336,3.8186314937244368,0.99242484282302
659,MQDQ-118,NA,34.53957599234088,0.8569186314043734,-0.2863146534086108,0.8782854074678461,0.2120939597759306,0.9898901009000997,3.120351552963257,0.8648497880860575,1.7122076292050228,0.9151524724209217
660,MQDQ-59,christian,34.53957599234088,0.8569186314043734,2.295202355829362,0.9995408302665457,0.7880513792172952,0.9999477868650302,5.722761631011963,0.9713782222827807,2.701240775919783,0.9720957638470495
661,MQDQ-60,NA,34.53957599234088,0.8569186314043734,0.4014455921612168,0.9706125052735248,0.12714046295392967,0.9782438866558928,2.0759623050689697,0.7661362799509983,0.5936157039326568,0.7411989583553139
662,IT-LAT0251,NA,34.53957599234088,0.8569186314043734,0.3964315813330201,0.9702945453193695,0.0579563744573528,0.9597709344063897,-2.529601812362671,0.1460455243240581,-2.3025149086464984,0.08463430043690362
663,MQDQ-268,NA,-34.538776394910684,0.0031044188035314977,-3.7954699659446183,0.003065022020796503,-1.034012955531966,0.0010787679333014058,-8.868042945861816,0.002931016669397398,-5.243792590428606,0.002821399726173557
664,MQDQ-343,NA,7.521253703529181,0.2372772604051506,-3.5383648886154515,0.005399624191639335,-0.6779186240478359,0.027415138147751515,-4.892139911651611,0.036244184872966004,-2.43375027987822,0.0733348806769185
665,MQDQ-344,NA,8.300091482859134,0.2530504461153119,-2.1300476509674406,0.10896597679418375,-0.5327297928984764,0.09631447027770831,1.2285600900650024,0.6555126975978408,-0.13619188345270172,0.546630417363833
666,MQDQ-305,NA,-7.350280103537955,0.05756259911625377,-3.69280627535157,0.0038432832926198696,-0.8791426160781405,0.004442126848221196,-7.291431427001953,0.008012396067359151,-4.7114351924351245,0.0052900778358076685
667,MQDQ-304,non_christian,-34.538776394910684,0.0031044188035314977,-3.379045964592108,0.007663005426210446,-0.9403197405378811,0.0025411816108487175,-8.1050872802734375,0.004771330293118419,-4.013703847380853,0.012015156294685072
668,MQDQ-482,NA,-34.538776394910684,0.0031044188035314977,-2.1919763228126032,0.09636262707752924,-0.30997520083821506,0.4505808049846504,-3.5737688541412354,0.08051542178343041,-2.3458273548742716,0.08074048095945308
669,MQDQ-414,NA,-34.538776394910684,0.0031044188035314977,-3.69280627535157,0.0038432832926198696,-0.9834188399868268,0.0017136919316197723,-7.749711036682129,0.005984861572201868,-4.2243159586001395,0.009385432011304453
670,MQDQ-413,NA,-22.710819808468386,0.011239060550531539,-3.69280627535157,0.0038432832926198696,-0.8901296607909055,0.004018513712324407,-5.634305000305176,0.02283516657336984,-4.349523535259837,0.008101326958899641
671,MQDQ-123,non_christian,-24.426839304380337,0.009332245425440247,-3.7528337007817685,0.00336708370556309,-0.9484321460153446,0.0023596131239135535,-5.890260696411133,0.019446611741343517,-4.359725605869335,0.008004719488732256
672,LC-12,non_christian,-34.538776394910684,0.0031044188035314977,-3.3153219938570246,0.008812564254911344,-0.96626211398619,0.0020047558358894015,-5.451207160949707,0.025606439635846745,-3.893756756046335,0.013825641637930871
673,LC-12_1,NA,-34.538776394910684,0.0031044188035314977,-3.4679838295478547,0.006303320815126957,-0.8302343438790881,0.00693547006115057,-8.655450820922852,0.0033575520423809787,-5.01012485967199,0.003718545006367113
674,MQDQ-382,christian,29.604303018016918,0.777245086962223,0.5396162490647725,0.9781815488048616,0.6925432817201156,0.9998747688899832,4.5052995681762695,0.9395761680634975,2.0545545562207694,0.9418087431418992
675,MQDQ-441,non_christian,-4.374721083790064,0.07799735758082196,-3.69280627535157,0.0038432832926198696,-0.9498684676619786,0.0023288419466603507,-7.500275135040283,0.007015393406938004,-5.268421704958522,0.0027404384619342647
676,MQDQ-615,NA,13.095220527726013,0.36412519642410013,-1.9740717618866803,0.14724338495945272,-0.3699293477189549,0.3213590988257525,-5.438117027282715,0.025816660845423136,-4.896807075650856,0.004250895186351788
677,MQDQ-2,non_christian,-34.538776394910684,0.0031044188035314977,-3.005375797091768,0.017340097149228725,-0.9043202932499903,0.0035303926684740953,-5.554495334625244,0.024005161381350726,-3.776787117933498,0.01584939597595766
678,MQDQ-349,NA,-1.2668845122673247,0.10624633429964779,-3.69280627535157,0.0038432832926198696,-1.001367670925138,0.0014542496267170967,-6.063738822937012,0.01743547089460485,-5.039386614952883,0.003592222709238981
679,MQDQ-287,christian,34.53957599234088,0.8569186314043734,1.0830897998021083,0.9933396267775727,0.7491333505187008,0.9999254239448124,4.197769641876221,0.9273643672413256,2.1374865987254776,0.946968421588621
680,MQDQ-286,NA,34.53957599234088,0.8569186314043734,-1.0374900971693661,0.5780996012496344,-0.1444303203376469,0.7888730811777609,4.401937961578369,0.9357027628328451,1.1424590321532588,0.8459041418552166
681,MQDQ-212,NA,-34.538776394910684,0.0031044188035314977,-2.5520811520799858,0.04588152577271311,-0.5740474511730633,0.06802996633931756,-5.643709182739258,0.022701025074258047,-4.092212484918578,0.010959096144817111
682,MQDQ-98,non_christian,-18.394261529432242,0.017906199596681233,-2.5089564909696542,0.05024228686298247,-0.8651619654031132,0.005046000629131984,-3.9446802139282227,0.0645763014283911,-2.2345491172365834,0.0910886333425157
683,MQDQ-383,NA,34.53957599234088,0.8569186314043734,0.3405046644054166,0.9665143713763354,0.23243234971836024,0.9915941687031962,4.170228004455566,0.9261660079529028,3.0179552081491976,0.9806613641952285
684,MQDQ-277,non_christian,-4.332299976355898,0.07833195721421747,-3.326953070869159,0.008590687292007645,-0.9348225091222406,0.0026720746877687556,-4.6617231369018555,0.041772735107951264,-4.196277118208678,0.009699554516314324
685,MQDQ-111,NA,26.02340554596734,0.7021790884886542,1.1163794995289367,0.9938094485788593,-0.0669780823903785,0.8836692609063317,6.535060882568359,0.9827967655843276,3.3597647505175288,0.9870204726615229
686,MQDQ-62,non_christian,-0.9807348705810597,0.10925766988885974,-3.69280627535157,0.0038432832926198696,-0.9463875394489952,0.0024041168906384965,-6.088564872741699,0.017164894764877432,-5.039386614952883,0.003592222709238981
687,MQDQ-63,NA,-34.538776394910684,0.0031044188035314977,-1.7052955959325031,0.2383120295393874,-0.3262268406036192,0.414062287837442,-4.5377960205078125,0.04507122720559649,-2.021355623370738,0.1142863934223119
688,MQDQ-61,NA,-34.538776394910684,0.0031044188035314977,-2.168158906297962,0.10104794524826069,-0.43704560870954295,0.20385863401624768,-4.744278907775879,0.03970487056191035,-3.560987052020786,0.02037563874919571
689,MQDQ-75,non_christian,34.53957599234088,0.8569186314043734,-0.5020992994305313,0.8174340478705128,-0.656439280645917,0.03317884908905845,-2.576094150543213,0.14236733755880218,-1.5290954013469653,0.18783487564046084
690,MQDQ-76,non_christian,12.754131111917626,0.35552471103019306,-0.8337875746282302,0.6825444399582932,-0.7319688852255422,0.016890183676330193,-3.27406907081604,0.09593503288764056,-1.2344071267958454,0.24697623004109998
691,MQDQ-83,non_christian,4.996198713741771,0.19091532367737898,-3.69280627535157,0.0038432832926198696,-0.9000390936735003,0.003671079433717922,-5.2884721755981445,0.02834242509164558,-4.663750715357253,0.005596002594303812
692,MQDQ-77,NA,-4.883121612608306,0.07408798462956631,-3.69280627535157,0.0038432832926198696,-0.985104419876894,0.0016874788450756285,-6.831639289855957,0.010729693373147182,-4.942316773810258,0.004028539030053237
693,MQDQ-78,non_christian,-1.1509019177213986,0.10745797984804065,-3.69280627535157,0.0038432832926198696,-0.9358225530696934,0.002647772428809791,-4.727904319763184,0.04010706630218866,-4.371231320084997,0.00789713784815958
694,MQDQ-79,christian,25.968147172777694,0.7009125698385632,0.922607774078102,0.9905286899652238,0.7688374341627768,0.9999377391406656,5.084990501403809,0.957534889229715,2.7307270144490214,0.973028431862089
695,MQDQ-84,NA,2.5104683239492838,0.15236422068476746,-3.4223488614458146,0.0069680451704003605,-0.6353384145366145,0.03997109195536605,-4.979584693908691,0.03433608620077812,-4.1286175071131614,0.010501066066184448
696,MQDQ-85,non_christian,-1.4037299306999103,0.1048322342296934,-3.69280627535157,0.0038432832926198696,-0.9337886631552748,0.0026974322578312785,-5.6577606201171875,0.022502028119499144,-4.509011289274581,0.006715115428504285
697,MQDQ-81,NA,-1.7284627307947176,0.1015429418288738,-1.7748834014809942,0.2115082379344182,-0.5220583196966745,0.10516516293234711,1.7038004398345947,0.7207192793180965,0.9122869365179801,0.8068975167492385
698,MQDQ-80,non_christian,-1.9295629515791008,0.09955213231670183,-2.328434515758228,0.07309415520963432,-0.9327636851384182,0.0027228092170832724,-3.7126121520996094,0.07416693045835962,-2.3192414314406102,0.08311077209420373
699,MQDQ-86,non_christian,-1.5350424812903045,0.10349095734181282,-2.3904487849774165,0.06432886163918926,-0.9247388490154305,0.0029298985787374098,-3.8520350456237793,0.0682581978284777,-2.216637002351975,0.09286193898115207
700,MQDQ-82,NA,1.4208458371539057,0.13758981633168882,-3.5648408012134007,0.005094093850296053,-0.8469014010380946,0.005959300587176608,-6.063120365142822,0.017442264603227252,-5.039386614952883,0.003592222709238981
701,MQDQ-347,non_christian,-34.538776394910684,0.0031044188035314977,-1.9872496312183348,0.1436214192863467,-0.8173215282709962,0.007799548955913609,-3.562918186187744,0.08103191708003228,-2.331099670785845,0.08204582077363852
702,MQDQ-623,christian,34.53957599234088,0.8569186314043734,1.0918912106869239,0.9934671811059481,0.8227270873692702,0.9999619955889888,6.230547904968262,0.9791653838223198,3.676141770437897,0.9910433672479608
703,MQDQ-622,christian,34.53957599234088,0.8569186314043734,1.930110032096,0.9989710483213027,0.8897647940543212,0.9999794343497239,7.3790507316589355,0.9899130876524942,3.913594169394364,0.9932258883627862
704,MQDQ-94,NA,2.8491344980111513,0.15721406111743566,-2.199840165321077,0.09485879456519175,-0.47333581156392696,0.15514752418620387,-4.087446212768555,0.059263028220376636,-3.3102036359676386,0.027237636596108023
705,IT-LAT0917,non_christian,34.53957599234088,0.8569186314043734,-3.680364470142096,0.00395008213850278,-0.90937395973055,0.0033712204297804355,-5.525885581970215,0.024438653479130334,-4.537492087281853,0.006493629741839918
706,MQDQ-627,NA,-34.538776394910684,0.0031044188035314977,-1.8087764033743472,0.19927743858328054,-0.4730182856945257,0.1555291682649781,-4.5173821449279785,0.04563786034765374,-2.6607716761415166,0.057018199093783015
707,MQDQ-393,NA,-34.538776394910684,0.0031044188035314977,-3.177238477388965,0.011922465250532725,-1.0977260177004446,6.020917409716788e-4,-0.9655246138572693,0.31794209591893746,-1.5233528834979178,0.18887557492746287
708,MQDQ-122,NA,-21.533393089017864,0.01276540622366299,-3.4557248755229777,0.006475433501983145,-0.7523808278488083,0.01405016441280178,-4.511895656585693,0.04579130300084127,-3.810314397502045,0.015241234122539974
709,MQDQ-348,non_christian,0.16932159940966324,0.1221255713546608,-3.69280627535157,0.0038432832926198696,-0.9426309821042079,0.002488077525070653,-5.301719665527344,0.02810947437336878,-4.977433145880573,0.0038649148587642226
710,MQDQ-346,NA,-34.538776394910684,0.0031044188035314977,-3.0359937020742778,0.016223199993108717,-1.036082422048421,0.001058531470797768,-7.89843225479126,0.00544356368448251,-4.14755362673152,0.0102703617251003
711,MQDQ-415,christian,34.53957599234088,0.8569186314043734,0.9545624500255374,0.9911692315294189,0.844289197384096,0.9999688071218124,7.364748001098633,0.9898211177921152,2.8253331439028475,0.9758206550232081
712,MQDQ-416,christian,34.53957599234088,0.8569186314043734,1.4699694406115142,0.9971583605966752,0.846144314229333,0.9999693327112423,5.033720016479492,0.9561780936277375,3.071215179186716,0.9818230865274129
713,MQDQ-618,christian,9.744032489686683,0.28407320187787477,1.499273405371882,0.99733620925613,0.8608555529842368,0.9999731990198809,3.9709420204162598,0.9169396360616826,2.582250506331028,0.9680038289854977
714,IT-LAT0987,NA,-34.538776394910684,0.0031044188035314977,-2.9452104036675095,0.019759212068282767,-0.6438317105454059,0.03709010715491881,-0.18019522726535797,0.43541816401192035,-0.949446592287758,0.3149666760492684
715,IT-LAT0202,NA,-34.538776394910684,0.0031044188035314977,-1.6853155367168817,0.2464255700603965,-0.3775641154165272,0.30630074707725125,-5.969571590423584,0.018500392560892333,-4.021304389581961,0.011908669390272329
716,MQDQ-611,NA,-0.31041359020268533,0.11660620436502422,-3.69280627535157,0.0038432832926198696,-0.9131314937555287,0.0032575262487492757,-6.063738822937012,0.01743547089460485,-5.039386614952883,0.003592222709238981
717,MQDQ-177,NA,-34.538776394910684,0.0031044188035314977,-2.282616603751059,0.08026354002227234,-0.5135005845122349,0.11277398045954419,-4.79823637008667,0.038406747449429936,-3.0210948222994496,0.03794921181187078
718,IT-LAT0791,NA,34.53957599234088,0.8569186314043734,0.7962036608547781,0.9875119145638953,0.3409064773096353,0.99687148413682,4.714131832122803,0.9467443685745736,3.411651552651451,0.9877853124770983
719,IT-LAT0867,NA,34.53957599234088,0.8569186314043734,-0.1859169684539367,0.9000998389064777,0.05128915331321782,0.9573454338902416,-0.02642294578254223,0.459787883898413,-1.2504644172170722,0.2434531985623613
720,IT-LAT0250,NA,34.53957599234088,0.8569186314043734,1.2022453750993658,0.9948746816551592,0.7475169612844306,0.9999243115732613,7.482983589172363,0.9905571403197431,3.916850843029538,0.9932518139169306
721,MQDQ-353,NA,34.53957599234088,0.8569186314043734,4.201907394850274,0.9999932268756228,1.1031625567462235,0.9999970880751432,6.666611671447754,0.9841660899710795,3.8014687007164283,0.9922703475397898
722,MQDQ-621,NA,15.967099386754438,0.4395151323967734,-2.0073042630477915,0.13825197392193944,-0.298131506009482,0.4775574959221667,-1.4837043285369873,0.25059431733981646,-1.7384331799501436,0.1528658769264625
723,MQDQ-183,christian,34.53957599234088,0.8569186314043734,1.5247045250344289,0.997481529216843,0.8633363525376629,0.999973801196273,6.934946537017822,0.9866350897837117,3.8803590309766673,0.9929555901767374
724,IT-LAT1001,NA,34.53957599234088,0.8569186314043734,0.06657756951108172,0.9402938134707737,-0.06757072833696864,0.8831100158297566,2.953232765197754,0.8518305177407915,0.7165697771394605,0.7681624578401668
725,IT-LAT0252,non_christian,2.62360992464619,0.15397065588701536,-2.24771369436856,0.08614974854530369,-0.8708773303094663,0.004789844376179871,-4.442716598510742,0.04776866042697561,-2.5947907898333655,0.061372318492932794
726,MQDQ-42,non_christian,-34.538776394910684,0.0031044188035314977,-1.9395284156745358,0.15709673053961484,-0.8080071280956719,0.00848835987780984,-3.6990480422973633,0.07476625449600263,-2.6036360630178828,0.06077106104682393
727,MQDQ-351,NA,-12.484554976029244,0.03364631565711169,-2.7256842147245623,0.031717061666027044,-0.680372660049848,0.02682206342948091,-6.042995452880859,0.017664759574737114,-3.017977404948545,0.03808436227964508
728,MQDQ-354,NA,21.73098620354959,0.5957580506887958,-4.154560280098978e-4,0.931412601216264,-0.1595862573018143,0.7648237809099404,1.3273946046829224,0.6696764948292255,1.2167106451876122,0.8570317181148998
729,MQDQ-355,NA,11.270046248249725,0.3192329815469179,-2.4753242081561013,0.05391274000990229,-0.6157200694860453,0.04746684339664958,-2.4794297218322754,0.15010284225518158,-2.3476124053229617,0.08058356221892361
730,MQDQ-352,christian,34.53957599234088,0.8569186314043734,0.8699210940154802,0.9893706353816648,0.7047731223359175,0.9998880398510865,3.7100565433502197,0.9032809243596589,2.0664134823149474,0.9425744275454292
731,IT-LAT0196,NA,34.53957599234088,0.8569186314043734,-1.6677651975318313,0.25370418711524356,-0.26908723193334627,0.5439435963872311,-0.15479011833667755,0.4394261014568496,-1.6687317296720852,0.16387541908397393
732,IT-LAT0906,NA,-34.538776394910684,0.0031044188035314977,-0.7446221771239393,0.7236600470972694,-0.34426222158821884,0.37462878495960356,-1.1190773248672485,0.29698713209746364,-0.7494807874856654,0.368198545784684
733,IT-LAT0990_6,christian,34.53957599234088,0.8569186314043734,1.316527721654686,0.9960147953338035,0.8655509457827144,0.9999743273160975,6.935495376586914,0.9866397286584656,3.6879462790796205,0.9911667301054863
734,MQDQ-537,NA,34.53957599234088,0.8569186314043734,-1.0376049058555772,0.5780376704374517,-0.027135193010006886,0.9162632250066534,2.174403429031372,0.7772533151335701,1.2160834731937322,0.8569405970749068
735,MQDQ-65,NA,-7.002262037955006,0.05966446052589367,-3.69280627535157,0.0038432832926198696,-0.805357684452279,0.008695080943730926,-5.614522457122803,0.023119877035206945,-4.777134675270958,0.004895647343079219
736,MQDQ-209,NA,34.53957599234088,0.8569186314043734,-0.6274624085299041,0.772380685026329,0.03889891582594984,0.9524623908773083,6.7047553062438965,0.9845426763386892,2.833089641480799,0.9760366588036087
737,MQDQ-210,christian,0.13045226902772836,0.12167013468314364,0.2903021724061346,0.9627288022518683,0.6094551502952845,0.9997319576242385,2.8760757446289062,0.84547807257022,1.4131080443139306,0.8832599375989582
738,IT-LAT0482,christian,34.53957599234088,0.8569186314043734,2.7433517182927836,0.999829527851206,0.9089320954982509,0.9999827460019672,6.850896835327148,0.9859056159360305,4.162920360556369,0.9949505389336746
739,IT-LAT0990,christian,34.53957599234088,0.8569186314043734,3.232535723956183,0.9999422112140792,0.9694711155676496,0.9999900905895266,8.760404586791992,0.9958145652937311,4.0695265910973495,0.9943627103840099
740,MQDQ-43,non_christian,-4.705854714695306,0.0754301805869377,-2.4736748180830728,0.05409910468065875,-0.8494697136271866,0.00582153940333459,-3.0845134258270264,0.10700477466788189,-0.8746840389434603,0.3343948812797019
741,MQDQ-44,non_christian,-34.538776394910684,0.0031044188035314977,-0.7830082119560227,0.7063649853400025,-0.6899103907442738,0.024633348395298595,-2.764214515686035,0.12826720129402694,-1.3147484334775756,0.2296931561888666
742,IT-LAT0990_1,NA,34.53957599234088,0.8569186314043734,2.6496253235267164,0.999790270211163,0.6503022323294481,0.9998156105762712,10.912813186645508,0.9989436070278691,3.9014477966871457,0.9931283186841654
743,IT-LAT0990_9,NA,34.53957599234088,0.8569186314043734,1.5668231411173743,0.9977050169147541,0.7512978879519492,0.9999268879829004,6.505931854248047,0.9824781702629828,2.463642034948237,0.9633504600125229
744,IT-LAT0990_2,NA,34.53957599234088,0.8569186314043734,7.154063978781746,0.9999999901085435,1.252126461878296,0.9999992560370995,6.9426140785217285,0.9866997532858934,2.64712781216742,0.9703020114260633
745,IT-LAT0011,christian,34.53957599234088,0.8569186314043734,2.477151930790863,0.9996929015254047,0.9462025526287376,0.9999877364227818,7.650060176849365,0.9915081460006144,4.180915464004079,0.9950565871368615
746,IT-LAT0990_3,NA,-34.538776394910684,0.0031044188035314977,-2.621045091379285,0.039648454675067064,-0.527641005213989,0.10044886247410752,2.051025152206421,0.7632596950962102,-0.03674742562810568,0.5756523480267974
747,MQDQ-523,christian,34.53957599234088,0.8569186314043734,2.207954912047677,0.99944315855714,0.8159698761393792,0.9999595689080567,7.078788757324219,0.9877980612109759,3.8698225226204177,0.9928676822721327
748,MQDQ-524,NA,34.53957599234088,0.8569186314043734,1.7702155230313015,0.9985351831339403,0.607041490473214,0.9997259667711533,6.676385402679443,0.984263436172041,3.249706136314587,0.9852383273469532
749,MQDQ-525,NA,34.53957599234088,0.8569186314043734,3.1339959711989795,0.999928140465018,0.8548281660806121,0.9999716776659255,6.480322360992432,0.982193287356609,3.7156952298386203,0.9914501273707664
750,MQDQ-526,NA,34.53957599234088,0.8569186314043734,1.2382888345729202,0.9952655246079276,0.49270476091956494,0.999219354134846,5.085288047790527,0.957542644958895,2.7719349003354044,0.9742812460217382
751,MQDQ-527,NA,34.53957599234088,0.8569186314043734,2.0872987873141655,0.9992729785857591,0.7034473863138959,0.9998866720301871,5.525942325592041,0.9676535279827269,3.4149237047661622,0.987832025401803
752,MQDQ-528,NA,34.53957599234088,0.8569186314043734,1.3907084801633,0.9966157507849799,0.7685438877287232,0.9999375715047787,8.115034103393555,0.9936832266510605,3.6162055726151787,0.9903901761363958
753,MQDQ-529,NA,34.53957599234088,0.8569186314043734,-0.3547053570141626,0.8611695919783137,-0.12479281044223756,0.8172812152735077,1.410254716873169,0.6813196566359149,-0.3310030237315433,0.48903377229500294
754,MQDQ-530,NA,-34.538776394910684,0.0031044188035314977,-1.1817443261904979,0.4989852885928552,-0.20170123964945563,0.6885859943920356,2.6156005859375,0.8223832236532274,0.6673234958823978,0.7576035795765885
755,IT-LAT0990_4,christian,34.53957599234088,0.8569186314043734,1.236486065091499,0.9952467002711839,0.8161522438169646,0.9999596363921229,6.512341499328613,0.982548768613901,2.978381042995504,0.979751324325916
756,IT-LAT0990_5,christian,34.53957599234088,0.8569186314043734,1.4642729417989282,0.9971224374078949,0.8207777649866099,0.9999613108858378,5.142185688018799,0.9590010850110278,2.5774983457282765,0.9678288879493072
757,IT-LAT0433,NA,34.53957599234088,0.8569186314043734,-2.6642371071251953,0.03616696905255205,-0.18195300343545628,0.7259996728554292,-0.6103746891021729,0.3692205252772304,-1.0842219582342918,0.28155345948395266
758,IT-LAT0990_7,NA,34.53957599234088,0.8569186314043734,2.7874735911527013,0.9998453743711645,0.566244647057365,0.9996018440343798,8.473282814025879,0.9949729368851618,3.7062534489292847,0.9913547258027964
759,MQDQ-211,NA,27.806703341054863,0.7413327491493535,-1.302225019106118,0.4327802877123883,-0.009489526835392614,0.9278597319520636,0.19685491919517517,0.4954862709801795,0.9280277170166974,0.8097883308148357
760,IT-LAT0435,christian,34.53957599234088,0.8569186314043734,1.910693080636513,0.998925948123736,0.928375258473372,0.9999855609256058,8.644380569458008,0.9954928308782708,3.92553348912674,0.9933204536426947
761,IT-LAT0990_8,NA,34.53957599234088,0.8569186314043734,-2.3396924494404705,0.07142508840969841,-0.4000953383445336,0.2642746778659267,-4.151800632476807,0.057004305708525875,-1.4099405631082316,0.21033798692014102
762,MQDQ-531,NA,34.53957599234088,0.8569186314043734,1.1312865225926252,0.9940090124874097,0.32956428399290716,0.9965301333606236,4.760917663574219,0.9482365400976356,3.2691166314945437,0.9855692698151254
763,MQDQ-532,NA,34.53957599234088,0.8569186314043734,0.9028068126898346,0.9901088979525372,0.40890713440682247,0.9983194994479874,1.6279963254928589,0.7108333833457192,0.9162850597666707,0.8076349292566976
764,IT-LAT0783,christian,34.53957599234088,0.8569186314043734,2.941511048567514,0.9998900111518452,0.9927034124728296,0.9999919901838433,6.655712604522705,0.9840568366071908,3.9639570806653053,0.9936159760066149
765,MQDQ-619,christian,34.53957599234088,0.8569186314043734,2.1632372163048994,0.9993853080354247,0.8762053990898526,0.9999767145187597,8.260022163391113,0.9942406824816312,3.9128670938026375,0.993220086803638
766,MQDQ-110,NA,-34.538776394910684,0.0031044188035314977,-1.268308141608262,0.4512787750219422,-0.49107133522662777,0.13502373707190324,-3.7423503398895264,0.07286840079571343,-2.569772128707062,0.06310318909400989
767,MQDQ-119,NA,34.53957599234088,0.8569186314043734,-1.69317501140884,0.24321194396175777,-0.10206341667854357,0.8463488795138082,1.2536311149597168,0.6591330588264354,0.7626040172457003,0.7777384196151867
768,MQDQ-159,NA,28.949418543192134,0.764587260959773,-1.202987805531665,0.4872424226088874,-0.1482672456406815,0.7829596554749055,0.5780583620071411,0.5563422674978195,-1.9355592091395055,0.12499241484915798
769,IT-LAT0978,christian,34.53957599234088,0.8569186314043734,1.0282110945559257,0.9924866056588979,0.804863982104985,0.9999552393206113,5.327274799346924,0.9634206191143762,2.574403177358417,0.9677144487774716
770,MQDQ-182,christian,-34.538776394910684,0.0031044188035314977,0.6675865214709149,0.9834708270964021,0.40745942788230005,0.9982971029524771,4.182932376861572,0.9267210299397259,2.0294813464942316,0.9401582300248897
771,MQDQ-216,NA,-34.538776394910684,0.0031044188035314977,-3.4367981118744533,0.006750372070749102,-0.9199462692770034,0.0030609907674455142,-6.7790608406066895,0.011093448717074163,-3.870726767445612,0.014202856222188451
772,MQDQ-215,non_christian,-34.538776394910684,0.0031044188035314977,-2.4657435136723036,0.055003774579121756,-0.8538214962269954,0.005595304997239882,-4.430477142333984,0.04812684611818808,-1.6136193233227332,0.17302496925315916
773,MQDQ-95,christian,34.53957599234088,0.8569186314043734,1.9936944995267283,0.9991059104044775,0.8038328619399384,0.9999548145473596,8.669779777526855,0.9955653047935553,3.28547606525821,0.9858425070563483
774,MQDQ-475,NA,27.609189845298893,0.7371651425718969,-0.7215849963696065,0.7337317888278877,-0.08254179242916593,0.8681929067467243,2.9641523361206055,0.8527119042849202,0.6135739611654515,0.7457114055213369
775,MQDQ-191,NA,34.53957599234088,0.8569186314043734,0.4803095622391705,0.9751994296423728,0.35946701750372045,0.9973593513651541,6.347757816314697,0.980644375201549,3.748984395440797,0.9917782349829295
776,MQDQ-188,christian,34.53957599234088,0.8569186314043734,0.8818559073507304,0.9896446627740721,0.7410169975123495,0.9999196683734523,3.6820592880249023,0.9017014495413894,1.9317263666188642,0.9332962477627258
777,MQDQ-535,NA,34.53957599234088,0.8569186314043734,0.6383214766988442,0.9823850937945178,0.3892710949253744,0.9979889919990055,3.422398328781128,0.8859282326792097,1.3140275670070438,0.8705933985121259
778,MQDQ-536,NA,34.53957599234088,0.8569186314043734,3.3029520255164586,0.9999505447180783,0.9310077289812928,0.9999859049497923,6.21088171005249,0.9789066181137066,3.666049517474191,0.9909365455756398
779,MQDQ-533,NA,34.53957599234088,0.8569186314043734,2.579439065736646,0.999755060753828,0.7009775922593258,0.999884079118311,6.400025367736816,0.9812702552076117,2.888767534279591,0.9775328536323468
780,MQDQ-534,NA,34.53957599234088,0.8569186314043734,0.7351604570631305,0.9857326163982002,0.23065816037963183,0.9914576139314945,6.311131954193115,0.9801936263676431,2.8877844533714967,0.9775072447639946
