row_id,id,manual_label,outer_fold,nb_oof,nb_score_oof,nb_pred_youden_oof,nb_pred_f1_oof,prob_enet,score_enet_logit,label_enet_youden,label_enet_f1,svm_oof,svm_score_oof,svm_pred_youden_oof,svm_pred_f1_oof,xgb_oof,xgb_score_oof,xgb_pred_youden_oof,xgb_pred_f1_oof,lgb_oof,lgb_score_oof,lgb_pred_youden_oof,lgb_pred_f1_oof
4,MQDQ-288,non_christian,5,0.12552848728207736,0.45078856466390954,non_christian,non_christian,0.005721589128152651,-3.048537233907532,non_christian,non_christian,0.012682216281976895,-0.8254768291156601,non_christian,non_christian,0.022442698594084574,-5.73257303237915,non_christian,non_christian,0.014686766762369343,-4.760857206398891,non_christian,non_christian
10,MQDQ-229,non_christian,5,0.09874729369592714,-2.133369310747412,non_christian,non_christian,0.005721589128152651,-3.048537233907532,non_christian,non_christian,0.016298456218144464,-0.7922118719619662,non_christian,non_christian,0.059400069532739755,-4.1938042640686035,non_christian,non_christian,0.08040674089350641,-2.7607201628005282,non_christian,non_christian
13,MQDQ-237,non_christian,4,0.18038152097517218,-0.19904260369613508,non_christian,non_christian,0.011192239991633459,-3.4348135117401317,non_christian,non_christian,0.011247214166655741,-0.7621154656795815,non_christian,non_christian,0.008212345821387261,-6.181906700134277,non_christian,non_christian,0.007274165158531292,-5.924390167875715,non_christian,non_christian
14,MQDQ-323,non_christian,5,0.003688949245595157,-34.538776394910684,non_christian,non_christian,0.011478066602439137,-2.7786121691762626,non_christian,non_christian,0.0033708057524116752,-0.999870269670471,non_christian,non_christian,0.004439427554643321,-8.22455883026123,non_christian,non_christian,0.014001980836831898,-4.815623992186834,non_christian,non_christian
21,MQDQ-309,non_christian,4,0.00563928538494361,-34.538776394910684,non_christian,non_christian,0.015855488121400987,-3.225124178352371,non_christian,non_christian,0.003280717068227915,-0.8879976233400997,non_christian,non_christian,0.0011510147087732093,-8.851353645324707,non_christian,non_christian,0.011436787465918686,-5.389241428041059,non_christian,non_christian
22,MQDQ-310,non_christian,3,0.002740747088667918,-34.538776394910684,non_christian,non_christian,0.027455149500717275,-2.4957006000423574,non_christian,non_christian,0.005620670771798573,-0.8392336425142086,non_christian,non_christian,0.020155217387370413,-5.241003036499023,non_christian,non_christian,0.005474371617240277,-5.844496992599612,non_christian,non_christian
23,MQDQ-311,non_christian,1,0.0016394870721028547,-34.538776394910684,non_christian,non_christian,0.010073911920428662,-2.96728092768262,non_christian,non_christian,2.410442366699792e-4,-1.039303706490133,non_christian,non_christian,0.004815721755083814,-5.024961948394775,non_christian,non_christian,0.008859996946083115,-6.7832176453131545,non_christian,non_christian
24,MQDQ-312,non_christian,4,0.00563928538494361,-34.538776394910684,non_christian,non_christian,0.024286813551932962,-2.966728366615023,non_christian,non_christian,0.00599942503356919,-0.8264481227858652,non_christian,non_christian,0.004086455617464968,-7.13229513168335,non_christian,non_christian,0.014112783337027575,-5.139709126330102,non_christian,non_christian
27,MQDQ-327,non_christian,5,0.003688949245595157,-34.538776394910684,non_christian,non_christian,0.012496743545944487,-2.7455208029596765,non_christian,non_christian,0.007415342277598891,-0.8963052694435296,non_christian,non_christian,0.006114946765206819,-7.735046863555908,non_christian,non_christian,0.01991171516634831,-4.410751871595097,non_christian,non_christian
28,MQDQ-315,non_christian,3,0.002740747088667918,-34.538776394910684,non_christian,non_christian,0.007025624251695001,-3.0721191708578948,non_christian,non_christian,0.002113783990030464,-0.9376265038658187,non_christian,non_christian,0.0027022048404479722,-7.897857666015625,non_christian,non_christian,0.0037927884834370058,-6.233227871538232,non_christian,non_christian
29,MQDQ-316,non_christian,2,0.007767695472409407,-34.538776394910684,non_christian,non_christian,0.02472255572819773,-2.904661400736001,non_christian,non_christian,0.0010510170320932972,-1.0499067115061855,non_christian,non_christian,0.02961503473267618,-5.308779239654541,non_christian,non_christian,0.01781670978528638,-4.382548601961906,non_christian,non_christian
30,MQDQ-317,non_christian,2,0.007767695472409407,-34.538776394910684,non_christian,non_christian,0.02623630639128013,-2.8669976076208887,non_christian,non_christian,0.0014513630531923583,-1.0141520514242843,non_christian,non_christian,0.01954049787788083,-5.987367630004883,non_christian,non_christian,0.007236513897413352,-5.378963243917221,non_christian,non_christian
31,MQDQ-318,non_christian,3,0.002740747088667918,-34.538776394910684,non_christian,non_christian,0.00704026156288608,-3.0712460769344543,non_christian,non_christian,0.001011335697492262,-1.0116410028049754,non_christian,non_christian,0.008903020996977389,-6.326905727386475,non_christian,non_christian,0.002626797832055627,-6.621790337545933,non_christian,non_christian
32,MQDQ-319,non_christian,3,0.002740747088667918,-34.538776394910684,non_christian,non_christian,0.007423420236048014,-3.0490101989120566,non_christian,non_christian,9.428032655457266e-4,-1.018682258551772,non_christian,non_christian,0.001622699535962951,-8.567702293395996,non_christian,non_christian,8.761664870778971e-4,-7.781363460606208,non_christian,non_christian
38,MQDQ-74,non_christian,5,0.09934003095847385,-2.0698257372418283,non_christian,non_christian,0.005721589128152651,-3.048537233907532,non_christian,non_christian,0.00705828260317029,-0.9028015952130228,non_christian,non_christian,0.01962221867053614,-5.94119119644165,non_christian,non_christian,0.016006560296214493,-4.662056432695646,non_christian,non_christian
39,MQDQ-73,non_christian,1,0.05357265979425157,-4.881590635863176,non_christian,non_christian,0.06833743820908268,-2.077528040429661,non_christian,non_christian,0.002784222721660935,-0.8208243784868525,non_christian,non_christian,0.09415075398378236,-2.056849241256714,non_christian,non_christian,0.04163174333209459,-4.678533511533852,non_christian,non_christian
40,MQDQ-70,non_christian,5,0.010724958837497231,-24.261643786248897,non_christian,non_christian,0.011864796851972536,-2.765719899040416,non_christian,non_christian,0.02192324835346217,-0.7527167298630925,non_christian,non_christian,0.12634959404180307,-2.933744192123413,non_christian,non_christian,0.08046736323478114,-2.7597935825830375,non_christian,non_christian
41,MQDQ-72,non_christian,2,0.007767695472409407,-34.538776394910684,non_christian,non_christian,0.04554074223482421,-2.5140321834517882,non_christian,non_christian,0.007853918424421326,-0.8266141327410451,non_christian,non_christian,0.10368870250357165,-3.186779022216797,non_christian,non_christian,0.05209048404440685,-3.171211153020615,non_christian,non_christian
44,MQDQ-68,non_christian,1,0.03445525695409627,-8.746790345871261,non_christian,non_christian,0.003930824042925154,-3.3940045005746695,non_christian,non_christian,0.0014859391948508303,-0.8769517200476543,non_christian,non_christian,0.006919949688237877,-4.6720871925354,non_christian,non_christian,0.012700719967316525,-6.298636273058265,non_christian,non_christian
49,MQDQ-488,non_christian,5,0.003688949245595157,-34.538776394910684,non_christian,non_christian,0.014535977671544024,-2.686603945368559,non_christian,non_christian,0.004517775789104595,-0.9614457359803098,non_christian,non_christian,0.016787889418110366,-6.182820796966553,non_christian,non_christian,0.036740487660118164,-3.698631786032323,non_christian,non_christian
50,MQDQ-487,non_christian,4,0.00563928538494361,-34.538776394910684,non_christian,non_christian,0.012554730500942683,-3.365759548153459,non_christian,non_christian,0.0016827121675981839,-0.9559346171654569,non_christian,non_christian,0.001570356802239531,-8.430273056030273,non_christian,non_christian,0.008812640233521482,-5.6977627219828175,non_christian,non_christian
52,MQDQ-489,non_christian,2,0.007767695472409407,-34.538776394910684,non_christian,non_christian,0.022679118109407856,-2.9592376346629576,non_christian,non_christian,0.004070146128405108,-0.8997664005225058,non_christian,non_christian,0.006845467179232109,-7.678206920623779,non_christian,non_christian,0.006318443085881061,-5.528244383764428,non_christian,non_christian
53,IT-LAT0405,non_christian,2,0.007767695472409407,-34.538776394910684,non_christian,non_christian,0.030014242261112475,-2.7815087822680726,non_christian,non_christian,0.0058044462968199675,-0.8603004062345672,non_christian,non_christian,0.046801274419970756,-4.551560401916504,non_christian,non_christian,0.028177897509610254,-3.86996908125109,non_christian,non_christian
57,MQDQ-474,non_christian,2,0.14324190409872256,-0.031145375658063076,non_christian,non_christian,0.008978786700122907,-3.5401157961756615,non_christian,non_christian,0.010261215793327299,-0.7967632622003779,non_christian,non_christian,0.022396430165893023,-5.765488624572754,non_christian,non_christian,0.008863614942871384,-5.15551282146866,non_christian,non_christian
58,MQDQ-503,non_christian,1,0.032574658803600984,-9.233298088091175,non_christian,non_christian,0.003930824042925154,-3.3940045005746695,non_christian,non_christian,4.828058001871959e-4,-0.9773200379661539,non_christian,non_christian,0.0030293226174951805,-5.4752888679504395,non_christian,non_christian,0.002101166831970866,-8.708057622817568,non_christian,non_christian
59,MQDQ-502,non_christian,3,0.002740747088667918,-34.538776394910684,non_christian,non_christian,0.02200465580932079,-2.59021189977983,non_christian,non_christian,0.0016727478921009303,-0.961130098467226,non_christian,non_christian,0.0268636713674206,-4.855419158935547,non_christian,non_christian,0.04767219545529276,-3.516714379463237,non_christian,non_christian
60,MQDQ-329,non_christian,3,0.07977704664349475,-6.9805025970411805,non_christian,non_christian,0.004226571871453339,-3.2849732166762675,non_christian,non_christian,8.862967653679202e-4,-1.0248838523069934,non_christian,non_christian,0.011981533492217929,-5.933581829071045,non_christian,non_christian,0.005522165254937456,-5.83528066357691,non_christian,non_christian
61,MQDQ-175,non_christian,4,0.1556616283033854,-1.8613556914648834,non_christian,non_christian,0.011192239991633459,-3.4348135117401317,non_christian,non_christian,0.005393222038207436,-0.8373230347675168,non_christian,non_christian,0.008095200744302686,-6.20151424407959,non_christian,non_christian,0.007740315635881242,-5.8510582771430855,non_christian,non_christian
65,IT-LAT0372,non_christian,1,0.006909630134570007,-22.443046313728814,non_christian,non_christian,0.003930824042925154,-3.3940045005746695,non_christian,non_christian,0.0014613710428725793,-0.878441071485173,non_christian,non_christian,0.013709630244726274,-4.0038161277771,non_christian,non_christian,0.014278382843420685,-6.140629545395419,non_christian,non_christian
69,MQDQ-139,non_christian,2,0.16320991375761593,1.7056948783069004,non_christian,non_christian,0.008978786700122907,-3.5401157961756615,non_christian,non_christian,0.02058848220622405,-0.7185534391998751,non_christian,non_christian,0.022296296900664734,-5.772787570953369,non_christian,non_christian,0.008713879004729032,-5.174298455147715,non_christian,non_christian
71,MQDQ-337,non_christian,2,0.11079934266419744,-3.3448976568191604,non_christian,non_christian,0.008978786700122907,-3.5401157961756615,non_christian,non_christian,1.8958817227824514e-4,-1.2395003608369684,non_christian,non_christian,0.01309668211242223,-6.634997367858887,non_christian,non_christian,0.002821360287231447,-6.413242930405324,non_christian,non_christian
77,MQDQ-333,non_christian,3,0.009280220065551821,-24.74771047600484,non_christian,non_christian,0.11709987803237484,-1.851217395949701,non_christian,non_christian,0.02646441405202966,-0.6817902853549208,non_christian,non_christian,0.46326583647849295,-0.34327274560928345,christian,christian,0.3257975929879179,-1.1260040375015317,christian,non_christian
78,MQDQ-332,non_christian,5,0.003688949245595157,-34.538776394910684,non_christian,non_christian,0.0612974846211102,-2.114558650905366,non_christian,non_christian,0.028260028062402034,-0.7186857461906984,non_christian,non_christian,0.06236791749547794,-4.11485481262207,non_christian,non_christian,0.11582688707535524,-2.3036664250163614,non_christian,non_christian
80,MQDQ-511,non_christian,1,0.2282204956685724,8.96876211406993,non_christian,non_christian,0.003930824042925154,-3.3940045005746695,non_christian,non_christian,0.016357324391613554,-0.6616529716847339,non_christian,non_christian,0.006221803332159352,-4.775684833526611,non_christian,non_christian,0.00782836355238483,-6.94940643860419,non_christian,non_christian
82,IT-LAT0093,non_christian,2,0.007767695472409407,-34.538776394910684,non_christian,non_christian,0.02542038758627129,-2.8870273765348493,non_christian,non_christian,0.004982546653183379,-0.8772855558583256,non_christian,non_christian,0.010830252494653195,-6.9412455558776855,non_christian,non_christian,0.007594781572644899,-5.325757618610279,non_christian,non_christian
84,MQDQ-493,non_christian,5,0.01523381122738405,-20.860751948693576,non_christian,non_christian,0.005721589128152651,-3.048537233907532,non_christian,non_christian,0.013792966622110565,-0.8143574893618803,non_christian,non_christian,0.01568401925529484,-6.287959575653076,non_christian,non_christian,0.014961118585384002,-4.7396183857641,non_christian,non_christian
85,MQDQ-494,non_christian,4,0.16502582463824395,-1.2083664503566567,non_christian,non_christian,0.011192239991633459,-3.4348135117401317,non_christian,non_christian,0.01157824792104087,-0.7591368730353765,non_christian,non_christian,0.008095200744302686,-6.20151424407959,non_christian,non_christian,0.007740315635881242,-5.8510582771430855,non_christian,non_christian
87,MQDQ-567,non_christian,1,0.02003950647549032,-13.411210923041608,non_christian,non_christian,0.003930824042925154,-3.3940045005746695,non_christian,non_christian,0.0046660711493197015,-0.7745970355991655,non_christian,non_christian,0.004629919814176089,-5.0632195472717285,non_christian,non_christian,0.0054922675463872994,-7.424361550044783,non_christian,non_christian
88,MQDQ-635,non_christian,2,0.16901852521753088,2.1784067069581843,non_christian,non_christian,0.031777054837819375,-2.7451358416400073,non_christian,non_christian,0.008476436239678193,-0.8181049105971359,non_christian,non_christian,0.048163656312124825,-4.50358772277832,non_christian,non_christian,0.021325753394328024,-4.182155928654534,non_christian,non_christian
90,MQDQ-338,non_christian,1,0.06478209320594415,-3.190119907745668,non_christian,non_christian,0.003930824042925154,-3.3940045005746695,non_christian,non_christian,6.869795751715572e-4,-0.9458414859888293,non_christian,non_christian,0.0038166221636163913,-5.250951290130615,non_christian,non_christian,0.001681271074307334,-9.005418292419103,non_christian,non_christian
93,MQDQ-214,non_christian,5,0.03733990787983849,-12.067046640124431,non_christian,non_christian,0.005721589128152651,-3.048537233907532,non_christian,non_christian,0.0064192933826445935,-0.9152870474141692,non_christian,non_christian,0.020551101143407708,-5.869413375854492,non_christian,non_christian,0.016666003266292462,-4.615655864013995,non_christian,non_christian
94,MQDQ-238,non_christian,4,0.00563928538494361,-34.538776394910684,non_christian,non_christian,0.02168886483627392,-3.0355078686574886,non_christian,non_christian,0.008080754947592398,-0.7960031564401713,non_christian,non_christian,0.02323749172375419,-4.7533111572265625,non_christian,non_christian,0.038613040690003424,-3.9308425571339223,non_christian,non_christian
95,IT-LAT0127,non_christian,3,0.002740747088667918,-34.538776394910684,non_christian,non_christian,0.0058181309711047,-3.1511812679297693,non_christian,non_christian,0.006111930527996831,-0.8307841331725128,non_christian,non_christian,0.0015923675485802742,-8.592473983764648,non_christian,non_christian,0.0023393959183529637,-6.744273590419364,non_christian,non_christian
96,IT-LAT0922_11,non_christian,1,0.0016394870721028547,-34.538776394910684,non_christian,non_christian,0.013675067319590183,-2.8279644304640237,non_christian,non_christian,7.294595378967202e-4,-0.9404856890615352,non_christian,non_christian,0.028038068999843978,-3.2972726821899414,non_christian,non_christian,0.02430074448982425,-5.419099147631116,non_christian,non_christian
97,MQDQ-521,non_christian,2,0.01853194742684229,-24.61457998003368,non_christian,non_christian,0.020330933908782153,-3.028227020870296,non_christian,non_christian,0.012008684122159882,-0.7791677433952245,non_christian,non_christian,0.03813673503436153,-4.892002105712891,non_christian,non_christian,0.011048041940998801,-4.912335993860309,non_christian,non_christian
99,IT-LAT0922_2,non_christian,1,0.0016394870721028547,-34.538776394910684,non_christian,non_christian,0.015129681289749446,-2.781764259225531,non_christian,non_christian,1.324860853618806e-4,-1.092700483147283,non_christian,non_christian,0.007319187916726787,-4.617416858673096,non_christian,non_christian,0.008069884594454055,-6.908630273195516,non_christian,non_christian
101,IT-LAT0992,non_christian,2,0.025970032300478396,-20.725131189418107,non_christian,non_christian,0.008978786700122907,-3.5401157961756615,non_christian,non_christian,0.020413002202995918,-0.7195203597830886,non_christian,non_christian,0.012481145642764582,-6.71265172958374,non_christian,non_christian,0.01429204767399698,-4.627376536763021,non_christian,non_christian
108,IT-LAT0955,non_christian,3,0.019213635139095388,-18.856528756800117,non_christian,non_christian,0.004226571871453339,-3.2849732166762675,non_christian,non_christian,0.012070329086200761,-0.7619616175964186,non_christian,non_christian,0.013024518076813242,-5.8227972984313965,non_christian,non_christian,0.007951301303777976,-5.448294057436487,non_christian,non_christian
111,IT-LAT0128,non_christian,1,0.0016394870721028547,-34.538776394910684,non_christian,non_christian,0.016829593566183305,-2.7330199035639064,non_christian,non_christian,4.272227125043189e-4,-0.9882350958533622,non_christian,non_christian,0.005201215187130415,-4.9500651359558105,non_christian,non_christian,0.010545519571552909,-6.549102016957792,non_christian,non_christian
114,IT-LAT0133,non_christian,1,0.0016394870721028547,-34.538776394910684,non_christian,non_christian,0.009463531013595249,-2.9957145282947764,non_christian,non_christian,7.283189353265958e-4,-0.940625377223985,non_christian,non_christian,0.007487962145646378,-4.595190525054932,non_christian,non_christian,0.011012683891622632,-6.490766566687241,non_christian,non_christian
115,IT-LAT0134,non_christian,3,0.002740747088667918,-34.538776394910684,non_christian,non_christian,0.01246667054144962,-2.830938805965042,non_christian,non_christian,6.771378582015171e-4,-1.0518893625364614,non_christian,non_christian,0.005181135218224222,-7.041387557983398,non_christian,non_christian,0.003703330667961219,-6.258490574215882,non_christian,non_christian
118,IT-LAT0922_1,non_christian,5,0.003688949245595157,-34.538776394910684,non_christian,non_christian,0.01787151162972194,-2.6058677999440514,non_christian,non_christian,0.018206703132750232,-0.7774885164256844,non_christian,non_christian,0.019590394932892167,-5.943708896636963,non_christian,non_christian,0.07223237577198421,-2.891930650387678,non_christian,non_christian
121,IT-LAT0137,non_christian,3,0.002740747088667918,-34.538776394910684,non_christian,non_christian,0.03403547000762461,-2.403376149136944,non_christian,non_christian,0.003945985943065044,-0.8748653781384579,non_christian,non_christian,0.00988255027641915,-6.188798904418945,non_christian,non_christian,0.006369732107690956,-5.683822713526496,non_christian,non_christian
122,IT-LAT0922_4,non_christian,3,0.002740747088667918,-34.538776394910684,non_christian,non_christian,0.02051157944398269,-2.62011631481622,non_christian,non_christian,0.0010344975786384847,-1.0093686617955746,non_christian,non_christian,0.0046360304045293165,-7.18781042098999,non_christian,non_christian,0.0029585830695444382,-6.49602075156004,non_christian,non_christian
124,MQDQ-7,non_christian,5,0.1200092350197441,-0.03953301153913468,non_christian,non_christian,0.005721589128152651,-3.048537233907532,non_christian,non_christian,0.018346445428191357,-0.7764706788405294,non_christian,non_christian,0.017538275280125467,-6.115161895751953,non_christian,non_christian,0.013028171079579534,-4.898235119433812,non_christian,non_christian
125,IT-LAT0922_12,non_christian,3,0.002740747088667918,-34.538776394910684,non_christian,non_christian,0.006806856366104111,-3.0853880737193893,non_christian,non_christian,0.0017979987449943558,-0.9538789414328159,non_christian,non_christian,0.012438908528348329,-5.8838725090026855,non_christian,non_christian,0.0037311753586508315,-6.250562707572786,non_christian,non_christian
128,IT-LAT0119,non_christian,4,0.00563928538494361,-34.538776394910684,non_christian,non_christian,0.033567089440065465,-2.7688312968487625,non_christian,non_christian,0.006257620028461484,-0.822144452556569,non_christian,non_christian,0.008748585904541785,-6.095553874969482,non_christian,non_christian,0.021161975206245884,-4.6565947395206555,non_christian,non_christian
129,IT-LAT0096,non_christian,2,0.007767695472409407,-34.538776394910684,non_christian,non_christian,0.04211855237725017,-2.56449109589933,non_christian,non_christian,0.007513810494520683,-0.8315503203154712,non_christian,non_christian,0.01594532831152367,-6.316983699798584,non_christian,non_christian,0.005877189928955571,-5.607849478481754,non_christian,non_christian
131,MQDQ-153,non_christian,5,0.09046922767298922,-3.0583940266880063,non_christian,non_christian,0.005721589128152651,-3.048537233907532,non_christian,non_christian,0.010364785865354739,-0.8521541135306285,non_christian,non_christian,0.0195580445519989,-5.946272373199463,non_christian,non_christian,0.01623372700328128,-4.645863381575873,non_christian,non_christian
133,IT-LAT0384,non_christian,3,0.23935808166410005,3.3131530498837107,non_christian,non_christian,0.004226571871453339,-3.2849732166762675,non_christian,non_christian,0.047234917210112616,-0.6215512538639376,non_christian,non_christian,0.0071668787324363535,-6.6135172843933105,non_christian,non_christian,0.004373308860225823,-6.082443391853108,non_christian,non_christian
137,MQDQ-633,non_christian,3,0.15245463679441132,-1.1524725340816817,non_christian,non_christian,0.004226571871453339,-3.2849732166762675,non_christian,non_christian,0.06960192969452238,-0.5803076353429366,non_christian,non_christian,0.008000826616787865,-6.468141078948975,non_christian,non_christian,0.004780245106084585,-5.988197907839175,non_christian,non_christian
138,MQDQ-501,non_christian,2,0.12016811079728855,-2.3105476882730542,non_christian,non_christian,0.008978786700122907,-3.5401157961756615,non_christian,non_christian,0.003411202821791348,-0.9193811442965476,non_christian,non_christian,0.022302374676004617,-5.772343635559082,non_christian,non_christian,0.00795703482677756,-5.274434630912055,non_christian,non_christian
139,IT-LAT0254,non_christian,5,0.003688949245595157,-34.538776394910684,non_christian,non_christian,0.013734980418218523,-2.7087107170956863,non_christian,non_christian,0.007871650646194092,-0.8884409856679523,non_christian,non_christian,0.001850188675456457,-9.559499740600586,non_christian,non_christian,0.01188725431362256,-5.003152612584973,non_christian,non_christian
140,IT-LAT0047,non_christian,1,0.0016394870721028547,-34.538776394910684,non_christian,non_christian,0.005100865132700045,-3.2761002463914957,non_christian,non_christian,3.264238517865354e-5,-1.2176681309073025,non_christian,non_christian,0.012539738604481234,-4.091281414031982,non_christian,non_christian,0.01106684948031434,-6.484161805991787,non_christian,non_christian
143,IT-LAT0922_3,non_christian,4,0.00563928538494361,-34.538776394910684,non_christian,non_christian,0.0117404347146081,-3.406080920907154,non_christian,non_christian,0.002098082457050256,-0.9334973156779127,non_christian,non_christian,0.0018339630803557723,-8.219866752624512,non_christian,non_christian,0.011362995607368118,-5.3969137080625424,non_christian,non_christian
145,IT-LAT0535,non_christian,4,0.00563928538494361,-34.538776394910684,non_christian,non_christian,0.018640172592131795,-3.127332569853928,non_christian,non_christian,8.022200939637691e-4,-1.031221378712571,non_christian,non_christian,0.0021638791431174242,-7.995500087738037,non_christian,non_christian,0.00539615347131044,-6.276540045853162,non_christian,non_christian
148,IT-LAT0140,non_christian,3,0.002740747088667918,-34.538776394910684,non_christian,non_christian,0.017860656029035017,-2.6788887906300602,non_christian,non_christian,0.0013470932543784937,-0.9828684095403337,non_christian,non_christian,0.043908255779853404,-4.1882758140563965,non_christian,non_christian,0.02957748416243678,-4.039876054716973,non_christian,non_christian
149,IT-LAT0255,non_christian,3,0.002740747088667918,-34.538776394910684,non_christian,non_christian,0.015384371588053511,-2.74210766344078,non_christian,non_christian,0.007745568578503142,-0.8068725903486418,non_christian,non_christian,0.0023577942586391564,-8.07701301574707,non_christian,non_christian,0.00200327677091411,-6.908179430698459,non_christian,non_christian
150,IT-LAT0320,non_christian,4,0.539968834983753,15.513099490474039,christian,christian,0.1864119097372685,-1.6482397838603626,christian,non_christian,0.155419410762319,-0.4795481822334418,non_christian,non_christian,0.04446040278516501,-3.8453080654144287,non_christian,non_christian,0.20316315193116385,-1.7652725545461474,non_christian,non_christian
153,IT-LAT0922_14,non_christian,5,0.003688949245595157,-34.538776394910684,non_christian,non_christian,0.008004282852296679,-2.9185618958494284,non_christian,non_christian,0.010187238536123275,-0.8544356037609324,non_christian,non_christian,0.007946964213727916,-7.333730697631836,non_christian,non_christian,0.011774079693053465,-5.014097205864555,non_christian,non_christian
158,IT-LAT0155,non_christian,4,0.00563928538494361,-34.538776394910684,non_christian,non_christian,0.012081911061350713,-3.3888458202368223,non_christian,non_christian,0.012702478021311686,-0.7496144276640013,non_christian,non_christian,0.0011518225637720005,-8.85040283203125,non_christian,non_christian,0.006122297889129939,-6.127749198149047,non_christian,non_christian
160,MQDQ-156,non_christian,2,0.007767695472409407,-34.538776394910684,non_christian,non_christian,0.013887817243739968,-3.2676726934347897,non_christian,non_christian,0.0031241123882598475,-0.9291403973552779,non_christian,non_christian,0.004621065413886358,-8.307551383972168,non_christian,non_christian,0.002905348919883006,-6.381091202042814,non_christian,non_christian
161,IT-LAT0240,non_christian,3,0.002740747088667918,-34.538776394910684,non_christian,non_christian,0.007453174702444404,-3.0473314214866565,non_christian,non_christian,0.0010278952176449429,-1.0100111783819399,non_christian,non_christian,0.0015043479760096924,-8.667119026184082,non_christian,non_christian,0.002366845096294756,-6.731944532713945,non_christian,non_christian
163,MQDQ-47,non_christian,4,0.19303465071957665,0.5833232522076698,non_christian,non_christian,0.011192239991633459,-3.4348135117401317,non_christian,non_christian,0.006757787404887847,-0.8142875938858509,non_christian,non_christian,0.008095200744302686,-6.20151424407959,non_christian,non_christian,0.007740315635881242,-5.8510582771430855,non_christian,non_christian
164,IT-LAT0029,non_christian,1,0.0016394870721028547,-34.538776394910684,non_christian,non_christian,0.015976061107579067,-2.7568565845383572,non_christian,non_christian,6.490367550191341e-4,-0.9509128502849576,non_christian,non_christian,0.005041175872410755,-4.980465412139893,non_christian,non_christian,0.008411220475065056,-6.853020344242623,non_christian,non_christian
165,MQDQ-386,non_christian,1,0.03155644065356718,-9.508156426432038,non_christian,non_christian,0.003930824042925154,-3.3940045005746695,non_christian,non_christian,4.416655705317014e-4,-0.985268093166918,non_christian,non_christian,0.005244937126968839,-4.941921710968018,non_christian,non_christian,0.0019119279411416049,-8.833957796748589,non_christian,non_christian
174,IT-LAT0029_3,non_christian,4,0.00563928538494361,-34.538776394910684,non_christian,non_christian,0.0293369692548479,-2.8514336778148,non_christian,non_christian,0.0018906233279388967,-0.9440874670314751,non_christian,non_christian,0.001837000322237771,-8.217622756958008,non_christian,non_christian,0.0055493790435054546,-6.2435508477477,non_christian,non_christian
175,MQDQ-137,non_christian,1,0.0171057966461633,-14.762322269804145,non_christian,non_christian,0.003930824042925154,-3.3940045005746695,non_christian,non_christian,1.0718796544059315e-4,-1.1116038787385567,non_christian,non_christian,0.003932196413400343,-5.221969127655029,non_christian,non_christian,0.002111533388155632,-8.701491756391624,non_christian,non_christian
178,MQDQ-126,non_christian,5,0.003688949245595157,-34.538776394910684,non_christian,non_christian,0.015289284267332661,-2.666882387961396,non_christian,non_christian,0.007039606389470381,-0.9031503094173778,non_christian,non_christian,0.03925708446355796,-4.855853080749512,non_christian,non_christian,0.026044804776825692,-4.10009230195626,non_christian,non_christian
179,MQDQ-133,non_christian,3,0.002740747088667918,-34.538776394910684,non_christian,non_christian,0.02363023656692722,-2.559829865655081,non_christian,non_christian,0.003728531109988632,-0.8805697842725672,non_christian,non_christian,0.0052120427613787474,-7.033551216125488,non_christian,non_christian,0.001993410923334324,-6.913395585230172,non_christian,non_christian
180,MQDQ-518,non_christian,5,0.09320977570764279,-2.7440441725526625,non_christian,non_christian,0.005721589128152651,-3.048537233907532,non_christian,non_christian,0.01777011011509974,-0.7807186530785404,non_christian,non_christian,0.022442698594084574,-5.73257303237915,non_christian,non_christian,0.014686766762369343,-4.760857206398891,non_christian,non_christian
182,MQDQ-522,non_christian,1,0.1000000072476347,0.7684922118216664,non_christian,non_christian,0.003930824042925154,-3.3940045005746695,non_christian,non_christian,0.0023499779182143458,-0.8359883963438686,non_christian,non_christian,0.005039189225316181,-4.980848789215088,non_christian,non_christian,0.0025556202281540046,-8.446782511814268,non_christian,non_christian
185,MQDQ-419,non_christian,5,0.14791897293074457,2.269033047064299,non_christian,non_christian,0.005721589128152651,-3.048537233907532,non_christian,non_christian,0.014994989300411913,-0.803278250960207,non_christian,non_christian,0.024638158254570473,-5.587223529815674,non_christian,non_christian,0.01616212114247944,-4.6509434560792355,non_christian,non_christian
190,MQDQ-129,non_christian,1,0.0016394870721028547,-34.538776394910684,non_christian,non_christian,0.026905350466374937,-2.5170254873798736,non_christian,non_christian,2.966432401693312e-4,-1.0207850883798895,non_christian,non_christian,0.018120458612297923,-3.7295351028442383,non_christian,non_christian,0.017096482528931416,-5.897018715597405,non_christian,non_christian
192,MQDQ-495,non_christian,5,0.003688949245595157,-34.538776394910684,non_christian,non_christian,0.043799278844992656,-2.2509022600182087,non_christian,non_christian,0.009153852053280882,-0.8685503923250381,non_christian,non_christian,0.061575100563963016,-4.135595321655273,non_christian,non_christian,0.06523907121653341,-3.015543700226817,non_christian,non_christian
194,MQDQ-497,non_christian,4,0.00563928538494361,-34.538776394910684,non_christian,non_christian,0.05145461109362547,-2.504011977916526,non_christian,non_christian,0.0046855773059299765,-0.8516731530023769,non_christian,non_christian,0.08911894823124288,-2.839252471923828,non_christian,non_christian,0.12560557008111775,-2.4375589329023333,non_christian,non_christian
196,MQDQ-542,non_christian,3,0.13400887443917153,-2.354095651673717,non_christian,non_christian,0.004226571871453339,-3.2849732166762675,non_christian,non_christian,0.0033804080541144587,-0.8904309352507687,non_christian,non_christian,0.01280020868019753,-5.845864772796631,non_christian,non_christian,0.0043762349996295255,-6.081735021517716,non_christian,non_christian
197,MQDQ-131,non_christian,1,0.0020172390446631795,-32.79855021872663,non_christian,non_christian,0.003930824042925154,-3.3940045005746695,non_christian,non_christian,1.3904467863705934e-4,-1.0883899089224527,non_christian,non_christian,0.006369737291330696,-4.752800464630127,non_christian,non_christian,0.016580731422420582,-5.938496357480093,non_christian,non_christian
199,MQDQ-246,non_christian,1,0.0016394870721028547,-34.538776394910684,non_christian,non_christian,0.015931395144450966,-2.7581382202079645,non_christian,non_christian,4.472865889951064e-4,-0.9841395049300795,non_christian,non_christian,0.005027206821348906,-4.983164310455322,non_christian,non_christian,0.007622246537802561,-6.985204815638413,non_christian,non_christian
200,MQDQ-184,non_christian,2,0.11507639820834421,-2.863617755423178,non_christian,non_christian,0.008978786700122907,-3.5401157961756615,non_christian,non_christian,0.0035834341533311775,-0.9139119889156023,non_christian,non_christian,0.022396430165893023,-5.765488624572754,non_christian,non_christian,0.008464890246165185,-5.20625625343386,non_christian,non_christian
201,MQDQ-519,non_christian,1,0.036371354389095056,-8.276756119287938,non_christian,non_christian,0.003930824042925154,-3.3940045005746695,non_christian,non_christian,6.208776297151164e-4,-0.9548719072218723,non_christian,non_christian,0.004454273135506744,-5.100818157196045,non_christian,non_christian,0.004420631598672593,-7.714762491543448,non_christian,non_christian
202,MQDQ-356,non_christian,3,0.002740747088667918,-34.538776394910684,non_christian,non_christian,0.018573402771258733,-2.6622864995293813,non_christian,non_christian,2.1455432680928598e-4,-1.1671522923498907,non_christian,non_christian,0.0013036255161519063,-8.855088233947754,non_christian,non_christian,0.0012342848885811763,-7.419642789114283,non_christian,non_christian
204,MQDQ-358,non_christian,3,0.002740747088667918,-34.538776394910684,non_christian,non_christian,0.08002748658616848,-2.026915251588896,non_christian,non_christian,8.685044436280984e-4,-1.0269185865309378,non_christian,non_christian,0.0017375585779741127,-8.477912902832031,non_christian,non_christian,8.5890451496202e-4,-7.802363061845031,non_christian,non_christian
205,MQDQ-359,non_christian,3,0.002740747088667918,-34.538776394910684,non_christian,non_christian,0.024759711678375942,-2.5398985085957047,non_christian,non_christian,0.0011655817500326258,-0.9973954419469704,non_christian,non_christian,0.0026874126665043653,-7.90507173538208,non_christian,non_christian,0.0034870961296161805,-6.322157184995235,non_christian,non_christian
207,MQDQ-135,non_christian,2,0.007767695472409407,-34.538776394910684,non_christian,non_christian,0.026739366096975917,-2.8549480726933205,non_christian,non_christian,0.0030043027813727997,-0.9334804571163304,non_christian,non_christian,0.00642838842936741,-7.778983116149902,non_christian,non_christian,0.003563393965660735,-6.157242165243147,non_christian,non_christian
209,MQDQ-186,non_christian,5,0.07642867336193608,-4.818294563961672,non_christian,non_christian,0.005721589128152651,-3.048537233907532,non_christian,non_christian,0.024140758442032794,-0.7398278810884424,non_christian,non_christian,0.022811973096681832,-5.707180023193359,non_christian,non_christian,0.01848655053358739,-4.4963543229987515,non_christian,non_christian
210,MQDQ-294,non_christian,4,0.1706287459451828,-0.8317867136441776,non_christian,non_christian,0.011192239991633459,-3.4348135117401317,non_christian,non_christian,0.007055139618971482,-0.809886047722301,non_christian,non_christian,0.008095200744302686,-6.20151424407959,non_christian,non_christian,0.007740315635881242,-5.8510582771430855,non_christian,non_christian
212,MQDQ-36,non_christian,2,0.007767695472409407,-34.538776394910684,non_christian,non_christian,0.0114636185191203,-3.3876706679636492,non_christian,non_christian,0.004686979183791971,-0.8840847146393864,non_christian,non_christian,0.023323801065903975,-5.699366092681885,non_christian,non_christian,0.009997691335777346,-5.022676306415286,non_christian,non_christian
213,MQDQ-37,non_christian,1,0.08081313772014764,-1.1929065829950536,non_christian,non_christian,0.003930824042925154,-3.3940045005746695,non_christian,non_christian,0.0014223619779755287,-0.8808579989935503,non_christian,non_christian,0.003932196413400343,-5.221969127655029,non_christian,non_christian,0.0018066232262153171,-8.909519141032096,non_christian,non_christian
215,MQDQ-505,non_christian,1,0.0016394870721028547,-34.538776394910684,non_christian,non_christian,0.024023002373757752,-2.5694020304094654,non_christian,non_christian,5.759563029669464e-4,-0.9615751141169743,non_christian,non_christian,0.006757997854286497,-4.695162773132324,non_christian,non_christian,0.017133987842483652,-5.894050612526587,non_christian,non_christian
216,MQDQ-504,non_christian,1,0.05545842639437594,-4.575061647457289,non_christian,non_christian,0.003930824042925154,-3.3940045005746695,non_christian,non_christian,1.7157439211762583e-4,-1.0696350130518018,non_christian,non_christian,0.0036278280564638323,-5.300229549407959,non_christian,non_christian,0.002039312437212278,-8.747919127986707,non_christian,non_christian
218,MQDQ-626,non_christian,3,0.00428405560898837,-30.959903057724432,non_christian,non_christian,0.02516187213123095,-2.533015163891601,non_christian,non_christian,0.006311854982242787,-0.827537282300498,non_christian,non_christian,0.0709466289748331,-3.5217676162719727,non_christian,non_christian,0.07583964101895944,-2.995514645330322,non_christian,non_christian
219,MQDQ-106,non_christian,5,0.10315831751604218,-1.6683838095969747,non_christian,non_christian,0.005721589128152651,-3.048537233907532,non_christian,non_christian,0.006109923980571625,-0.9217828507534657,non_christian,non_christian,0.0221296602220936,-5.754420757293701,non_christian,non_christian,0.01412045631829739,-4.805962459758837,non_christian,non_christian
220,MQDQ-225,non_christian,1,0.05815206419433037,-4.15380810698214,non_christian,non_christian,0.003930824042925154,-3.3940045005746695,non_christian,non_christian,2.9082663356753714e-4,-1.022552045053515,non_christian,non_christian,0.003932196413400343,-5.221969127655029,non_christian,non_christian,0.0019740874102832954,-8.79128158195308,non_christian,non_christian
221,MQDQ-231,non_christian,5,0.13665539110799854,1.385743566573744,non_christian,non_christian,0.005721589128152651,-3.048537233907532,non_christian,non_christian,0.02008749101338317,-0.7643904146619842,non_christian,non_christian,0.023146108767167904,-5.684546947479248,non_christian,non_christian,0.014686766762369343,-4.760857206398891,non_christian,non_christian
222,MQDQ-459,non_christian,3,0.037127303960168626,-13.44958565362154,non_christian,non_christian,0.004226571871453339,-3.2849732166762675,non_christian,non_christian,0.011565781057625714,-0.7662933507663451,non_christian,non_christian,0.012819779721162486,-5.843836307525635,non_christian,non_christian,0.006233944799996319,-5.706687690584292,non_christian,non_christian
223,MQDQ-509,non_christian,5,0.1058632329695792,-1.3918853745594788,non_christian,non_christian,0.005721589128152651,-3.048537233907532,non_christian,non_christian,0.007530741024195896,-0.8942719649193439,non_christian,non_christian,0.022442698594084574,-5.73257303237915,non_christian,non_christian,0.014686766762369343,-4.760857206398891,non_christian,non_christian
225,MQDQ-517,non_christian,1,0.018227097071865435,-14.220852176872938,non_christian,non_christian,0.003930824042925154,-3.3940045005746695,non_christian,non_christian,4.38144426511284e-4,-0.9859824058135238,non_christian,non_christian,0.004132171110722681,-5.173770427703857,non_christian,non_christian,0.003071309339529167,-8.201391603356027,non_christian,non_christian
226,MQDQ-265,non_christian,3,0.1830322512547195,0.6004810910186081,non_christian,non_christian,0.004226571871453339,-3.2849732166762675,non_christian,non_christian,0.03138707394720254,-0.664180223285588,non_christian,non_christian,0.03848318386351622,-4.368548393249512,non_christian,non_christian,0.012814628276070387,-4.939884938118978,non_christian,non_christian
227,MQDQ-248,non_christian,4,0.00563928538494361,-34.538776394910684,non_christian,non_christian,0.031322650121848,-2.811315561027401,non_christian,non_christian,0.001288783273001292,-0.9830485050119051,non_christian,non_christian,0.003125397970648755,-7.496526718139648,non_christian,non_christian,0.005247102424901924,-6.309536856077556,non_christian,non_christian
229,MQDQ-247,non_christian,2,0.007767695472409407,-34.538776394910684,non_christian,non_christian,0.04156994352761942,-2.5729423819325525,non_christian,non_christian,0.0087668278975492845,-0.8143454097143332,non_christian,non_christian,0.03215834602481537,-5.173396110534668,non_christian,non_christian,0.015961336507897377,-4.504795193786632,non_christian,non_christian
230,MQDQ-249,non_christian,2,0.007767695472409407,-34.538776394910684,non_christian,non_christian,0.02212915070319947,-2.9747470939091296,non_christian,non_christian,0.0010038926153052084,-1.054987604421491,non_christian,non_christian,0.011671249893009002,-6.820797443389893,non_christian,non_christian,0.008712549854249376,-5.1744666369521894,non_christian,non_christian
231,MQDQ-331,non_christian,4,0.1723672822793684,-0.7169399265111666,non_christian,non_christian,0.011192239991633459,-3.4348135117401317,non_christian,non_christian,9.047687655493402e-4,-1.0189995457983603,non_christian,non_christian,0.008095200744302686,-6.20151424407959,non_christian,non_christian,0.007740315635881242,-5.8510582771430855,non_christian,non_christian
232,MQDQ-57,non_christian,4,0.0808298272529993,-8.809468337387386,non_christian,non_christian,0.35352635171799185,-1.1315211324653778,christian,christian,0.03214664693530824,-0.6533411528007951,non_christian,non_christian,0.5972086013970357,0.8402592539787292,christian,christian,0.6282238436945687,0.45079863002276555,christian,christian
236,MQDQ-262,non_christian,1,0.0016394870721028547,-34.538776394910684,non_christian,non_christian,0.02726541437992174,-2.5108702978425166,non_christian,non_christian,0.00531137780341903,-0.7629846273279909,non_christian,non_christian,0.015894769826326493,-3.8585495948791504,non_christian,non_christian,0.03336520235562385,-4.98464693921667,non_christian,non_christian
241,MQDQ-257,non_christian,2,0.007767695472409407,-34.538776394910684,non_christian,non_christian,0.024796908171091047,-2.902759604843959,non_christian,non_christian,0.0026484283891052467,-0.9474700482618755,non_christian,non_christian,0.011747380912412024,-6.810320854187012,non_christian,non_christian,0.005455531544554806,-5.689678311004068,non_christian,non_christian
242,MQDQ-258,non_christian,3,0.002740747088667918,-34.538776394910684,non_christian,non_christian,0.048881317500073886,-2.2461351681341566,non_christian,non_christian,0.009556689555904389,-0.7856252261709382,non_christian,non_christian,0.019631478101474444,-5.276212692260742,non_christian,non_christian,0.006225150123790465,-5.708185629122563,non_christian,non_christian
247,MQDQ-46,non_christian,2,0.010082386770937604,-31.572531235693077,non_christian,non_christian,0.00993987032851405,-3.476710585838658,non_christian,non_christian,0.004527347377890453,-0.8879365599309286,non_christian,non_christian,0.036214380968177876,-4.9775471687316895,non_christian,non_christian,0.016101798680364206,-4.495063520231515,non_christian,non_christian
248,MQDQ-239,non_christian,5,0.12557182465695388,0.4545647135902373,non_christian,non_christian,0.005721589128152651,-3.048537233907532,non_christian,non_christian,0.008577081096748233,-0.8771317016256254,non_christian,non_christian,0.028767355256319876,-5.345144271850586,non_christian,non_christian,0.015823698492726548,-4.67525640077786,non_christian,non_christian
249,MQDQ-385,non_christian,3,0.05711463210884459,-9.8430387568068909,non_christian,non_christian,0.004226571871453339,-3.2849732166762675,non_christian,non_christian,0.0020612401056048584,-0.9401552225590724,non_christian,non_christian,0.012622588794801305,-5.864415645599365,non_christian,non_christian,0.004973819681213146,-5.946135966062641,non_christian,non_christian
253,MQDQ-391,non_christian,3,0.002740747088667918,-34.538776394910684,non_christian,non_christian,0.017115521520282034,-2.696955976286232,non_christian,non_christian,0.005032100100485907,-0.8503817841803948,non_christian,non_christian,0.005026281119874165,-7.081363201141357,non_christian,non_christian,0.009247097724449253,-5.287724624640202,non_christian,non_christian
255,MQDQ-108,non_christian,2,0.007767695472409407,-34.538776394910684,non_christian,non_christian,0.021742864528139963,-2.985867513961177,non_christian,non_christian,0.006669927330023847,-0.8448259894565379,non_christian,non_christian,0.021551694860354267,-5.828090190887451,non_christian,non_christian,0.017263531813828562,-4.417634727789293,non_christian,non_christian
256,MQDQ-109,non_christian,3,0.002740747088667918,-34.538776394910684,non_christian,non_christian,0.011519355915743178,-2.864258468939159,non_christian,non_christian,0.004600041986302041,-0.8594247931165847,non_christian,non_christian,0.005940078344979389,-6.861217021942139,non_christian,non_christian,0.002456619398911965,-6.692595116135845,non_christian,non_christian
257,IT-LAT0278,non_christian,1,0.0016394870721028547,-34.538776394910684,non_christian,non_christian,0.019229820487702207,-2.6718607231677454,non_christian,non_christian,4.582278543322311e-4,-0.9819828036075072,non_christian,non_christian,0.01423982520491237,-3.966575860977173,non_christian,non_christian,0.04006412946065612,-4.731806140468499,non_christian,non_christian
260,MQDQ-264,non_christian,4,0.18063409473354347,-0.18301634708578246,non_christian,non_christian,0.011192239991633459,-3.4348135117401317,non_christian,non_christian,0.0263383908299449,-0.674177695595247,non_christian,non_christian,0.01980461240269083,-4.974438190460205,non_christian,non_christian,0.02021280325759116,-4.711501821173552,non_christian,non_christian
263,MQDQ-178,non_christian,2,0.007767695472409407,-34.538776394910684,non_christian,non_christian,0.025904376420267425,-2.8750718871521648,non_christian,non_christian,0.0045275261966758054,-0.8879321699187956,non_christian,non_christian,0.025787633285453183,-5.535426139831543,non_christian,non_christian,0.010707931181112353,-4.946885318142181,non_christian,non_christian
264,IT-LAT0632,non_christian,4,0.00563928538494361,-34.538776394910684,non_christian,non_christian,0.01470141125601913,-3.2707089512221756,non_christian,non_christian,0.012930841301772904,-0.7477822049141609,non_christian,non_christian,0.0016340065736597763,-8.376404762268066,non_christian,non_christian,0.007393256414969136,-5.905221224747077,non_christian,non_christian
269,MQDQ-267,non_christian,5,0.003688949245595157,-34.538776394910684,non_christian,non_christian,0.032478635733465794,-2.370409648330355,non_christian,non_christian,0.002487206042781019,-1.0397138692853978,non_christian,non_christian,0.008419955860444604,-7.245085716247559,non_christian,non_christian,0.044869585910551554,-3.4630761403725865,non_christian,non_christian
271,MQDQ-104,non_christian,2,0.0929130108918299,-5.55389729921562,non_christian,non_christian,0.008978786700122907,-3.5401157961756615,non_christian,non_christian,0.0018048933018014446,-0.9899923087247502,non_christian,non_christian,0.022396430165893023,-5.765488624572754,non_christian,non_christian,0.008574072154568447,-5.192129517932379,non_christian,non_christian
272,IT-LAT0083,non_christian,2,0.007767695472409407,-34.538776394910684,non_christian,non_christian,0.04272487664112961,-2.555272273871557,non_christian,non_christian,0.00855649452885982,-0.8170558541572586,non_christian,non_christian,0.006166193603542766,-7.845717430114746,non_christian,non_christian,0.005829689137746683,-5.616770698204266,non_christian,non_christian
275,IT-LAT0266,non_christian,5,0.003688949245595157,-34.538776394910684,non_christian,non_christian,0.038519736581245204,-2.3024084268029408,non_christian,non_christian,0.0013223704178661746,-1.1224258427504816,non_christian,non_christian,0.010296556575176356,-6.9362287521362305,non_christian,non_christian,0.02901646387724001,-3.974487761259765,non_christian,non_christian
282,MQDQ-302,non_christian,5,0.003688949245595157,-34.538776394910684,non_christian,non_christian,0.014530503310351515,-2.6867509180014113,non_christian,non_christian,0.006370232864259232,-0.9162961339223564,non_christian,non_christian,0.029064131220932467,-5.329071521759033,non_christian,non_christian,0.06990623572952187,-2.9317683650567874,non_christian,non_christian
283,MQDQ-341,non_christian,2,0.16123931776870684,1.5422549836485824,non_christian,non_christian,0.008978786700122907,-3.5401157961756615,non_christian,non_christian,0.004916978717475512,-0.8787585557510006,non_christian,non_christian,0.022396430165893023,-5.765488624572754,non_christian,non_christian,0.008574072154568447,-5.192129517932379,non_christian,non_christian
287,IT-LAT0045,non_christian,5,0.003688949245595157,-34.538776394910684,non_christian,non_christian,0.028256420721212577,-2.425631511078263,non_christian,non_christian,0.011300001876733946,-0.8407406581742811,non_christian,non_christian,0.0063921168558692,-7.667210102081299,non_christian,non_christian,0.02234229431578725,-4.2777361495480015,non_christian,non_christian
289,IT-LAT0079,non_christian,1,0.0016394870721028547,-34.538776394910684,non_christian,non_christian,0.01968048941814098,-2.6612183172972546,non_christian,non_christian,0.0019860409808164984,-0.8510301452601325,non_christian,non_christian,0.01178052232262596,-4.152465343475342,non_christian,non_christian,0.024654199697939652,-5.39939265380806,non_christian,non_christian
290,IT-LAT0239,non_christian,2,0.007767695472409407,-34.538776394910684,non_christian,non_christian,0.015254496752493584,-3.2088442538615154,non_christian,non_christian,0.00512545499715603,-0.874140807993251,non_christian,non_christian,0.03431915136887648,-5.066275596618652,non_christian,non_christian,0.021878395889178642,-4.1535774542542425,non_christian,non_christian
294,IT-LAT0071,non_christian,5,0.003688949245595157,-34.538776394910684,non_christian,non_christian,0.0227130216358978,-2.5117888984133585,non_christian,non_christian,0.010239406917277151,-0.85376118115381,non_christian,non_christian,0.012966748792705518,-6.581474781036377,non_christian,non_christian,0.027127799660639967,-4.052775281133956,non_christian,non_christian
295,IT-LAT0078,non_christian,1,0.0016394870721028547,-34.538776394910684,non_christian,non_christian,0.007727877487314768,-3.0877733724226215,non_christian,non_christian,0.005453548553314549,-0.7606156100429805,non_christian,non_christian,0.013375453027116166,-4.028025150299072,non_christian,non_christian,0.04303996340469941,-4.632289146474488,non_christian,non_christian
296,IT-LAT0072,non_christian,1,0.0016394870721028547,-34.538776394910684,non_christian,non_christian,0.015995814948289607,-2.756290895865305,non_christian,non_christian,2.271868915113294e-4,-1.0445863133073259,non_christian,non_christian,0.006934233341967891,-4.670077800750732,non_christian,non_christian,0.020854717191929308,-5.627382162634151,non_christian,non_christian
298,MQDQ-430,non_christian,2,0.007767695472409407,-34.538776394910684,non_christian,non_christian,0.06383307650197016,-2.2935300814089867,non_christian,non_christian,0.02417905053977675,-0.700360248295519,non_christian,non_christian,0.08620104612194751,-3.511697769165039,non_christian,non_christian,0.08454797939012582,-2.6037987241485094,non_christian,non_christian
303,MQDQ-171,non_christian,1,0.03402614680241996,-8.855503003780939,non_christian,non_christian,0.003930824042925154,-3.3940045005746695,non_christian,non_christian,0.001717537741333868,-0.8640107272364084,non_christian,non_christian,0.007640718991179477,-4.575498104095459,non_christian,non_christian,0.011520559871015192,-6.430060936984902,non_christian,non_christian
306,IT-LAT0237,non_christian,2,0.007767695472409407,-34.538776394910684,non_christian,non_christian,0.03526188589017816,-2.678639782437321,non_christian,non_christian,0.003387788474364221,-0.9201458290779818,non_christian,non_christian,0.02738880877560111,-5.4368767738342285,non_christian,non_christian,0.033564766963556265,-3.6727023867371558,non_christian,non_christian
307,MQDQ-29,non_christian,4,0.00563928538494361,-34.538776394910684,non_christian,non_christian,0.019840746856030978,-3.089529799678962,non_christian,non_christian,0.00629704228454611,-0.8215029240177588,non_christian,non_christian,0.004687004176758882,-6.9458770751953125,non_christian,non_christian,0.00464784414499974,-6.452343899668215,non_christian,non_christian
308,MQDQ-170,non_christian,2,0.007767695472409407,-34.538776394910684,non_christian,non_christian,0.04828901620962172,-2.4760603062024824,non_christian,non_christian,0.011140714790572739,-0.7875659461355904,non_christian,non_christian,0.007065581474801517,-7.6274542808532715,non_christian,non_christian,0.0069147526303507895,-5.429025357551411,non_christian,non_christian
311,IT-LAT0230,non_christian,5,0.003688949245595157,-34.538776394910684,non_christian,non_christian,0.06137226433840729,-2.1140592225837667,non_christian,non_christian,0.029828339714772514,-0.7114161765386245,non_christian,non_christian,0.007818424317520774,-7.3587260246276855,non_christian,non_christian,0.029556921882531968,-3.952994589364326,non_christian,non_christian
312,MQDQ-297,non_christian,5,0.003688949245595157,-34.538776394910684,non_christian,non_christian,0.024199087662211648,-2.4868348660178983,non_christian,non_christian,0.02458151268471775,-0.7374043202646917,non_christian,non_christian,0.023831006667913424,-5.639134883880615,non_christian,non_christian,0.05755121076763561,-3.1665553015217145,non_christian,non_christian
313,MQDQ-295,non_christian,4,0.00563928538494361,-34.538776394910684,non_christian,non_christian,0.0312307123477197,-2.813117948629438,non_christian,non_christian,0.005291468162697501,-0.8392669251714602,non_christian,non_christian,0.009952924898654434,-5.9193267822265625,non_christian,non_christian,0.04305163167438025,-3.7979217437555284,non_christian,non_christian
314,MQDQ-296,non_christian,1,0.0016394870721028547,-34.538776394910684,non_christian,non_christian,0.016904216540927552,-2.7309927303980115,non_christian,non_christian,7.265378570238411e-4,-0.9408439414361242,non_christian,non_christian,0.009047223940351606,-4.410610675811768,non_christian,non_christian,0.021016318125708713,-5.616886195578487,non_christian,non_christian
315,LC-10,non_christian,4,0.00563928538494361,-34.538776394910684,non_christian,non_christian,0.016472948308151016,-3.2020589410441715,non_christian,non_christian,0.020275674471941552,-0.7013636898453011,non_christian,non_christian,0.12013076480494744,-2.3881635665893555,non_christian,non_christian,0.0462488159661105,-3.7100609969692897,non_christian,non_christian
317,MQDQ-235,non_christian,3,0.04156150612694703,-12.511886005466948,non_christian,non_christian,0.004226571871453339,-3.2849732166762675,non_christian,non_christian,0.0025455787384977874,-0.9189491346876268,non_christian,non_christian,0.012595901315195746,-5.867225170135498,non_christian,non_christian,0.004918788626944888,-5.957925634789608,non_christian,non_christian
318,MQDQ-508,non_christian,4,0.14274631851801964,-2.8168228469165655,non_christian,non_christian,0.011192239991633459,-3.4348135117401317,non_christian,non_christian,0.0019633373433127757,-0.9402491283226012,non_christian,non_christian,0.007487974520514116,-6.307888031005859,non_christian,non_christian,0.008225827942130816,-5.779199496482594,non_christian,non_christian
319,MQDQ-263,non_christian,4,0.00563928538494361,-34.538776394910684,non_christian,non_christian,0.018591999139434663,-3.128898798002214,non_christian,non_christian,0.009099665659561103,-0.7838441516479306,non_christian,non_christian,0.019812375474735664,-4.9738969802856445,non_christian,non_christian,0.030986727107424877,-4.197922933903671,non_christian,non_christian
322,IT-LAT0588,non_christian,1,0.0016394870721028547,-34.538776394910684,non_christian,non_christian,0.004613279162437481,-3.321580181827722,non_christian,non_christian,0.009469352359867577,-0.7110340894984442,non_christian,non_christian,0.019935642593329726,-3.635356903076172,non_christian,non_christian,0.023616097015541536,-5.458079057847524,non_christian,non_christian
323,MQDQ-207,non_christian,2,0.007767695472409407,-34.538776394910684,non_christian,non_christian,0.02194152759005997,-2.980124488567264,non_christian,non_christian,0.002272761022479401,-0.9644372897335736,non_christian,non_christian,0.08084619811142828,-3.623133897781372,non_christian,non_christian,0.03129105490679487,-3.7519320826183487,non_christian,non_christian
325,MQDQ-195,non_christian,2,0.007767695472409407,-34.538776394910684,non_christian,non_christian,0.030330675225273433,-2.774829861779076,non_christian,non_christian,0.0043070869554001886,-0.8934794239265242,non_christian,non_christian,0.01289824246623797,-6.659631252288818,non_christian,non_christian,0.006294740147378445,-5.532378076133511,non_christian,non_christian
328,MQDQ-198,non_christian,3,0.002740747088667918,-34.538776394910684,non_christian,non_christian,0.01468838259373556,-2.761686496343991,non_christian,non_christian,9.554859598693556e-4,-1.0173414248835844,non_christian,non_christian,0.005638705317244116,-6.929859638214111,non_christian,non_christian,0.007208074055832687,-5.5525586882779345,non_christian,non_christian
329,MQDQ-199,non_christian,5,0.003688949245595157,-34.538776394910684,non_christian,non_christian,0.01266740273336137,-2.7402388990552713,non_christian,non_christian,0.0031115323051887776,-1.0103639964169495,non_christian,non_christian,0.003019543522014394,-8.812841415405273,non_christian,non_christian,0.015172211537266297,-4.723536214986003,non_christian,non_christian
330,MQDQ-450,non_christian,5,0.057816094796892335,-7.678996353333503,non_christian,non_christian,0.005721589128152651,-3.048537233907532,non_christian,non_christian,0.012576778235357536,-0.8265818388765016,non_christian,non_christian,0.008865323177451727,-7.166020393371582,non_christian,non_christian,0.01251216435069891,-4.944514416053483,non_christian,non_christian
332,MQDQ-448,non_christian,2,0.007767695472409407,-34.538776394910684,non_christian,non_christian,0.17917863707891868,-1.5748598579478106,christian,non_christian,0.0373774860479574,-0.6506582597595174,non_christian,non_christian,0.019661512234394718,-5.977339267730713,non_christian,non_christian,0.012963236863733964,-4.735500977600781,non_christian,non_christian
333,MQDQ-201,non_christian,5,0.003688949245595157,-34.538776394910684,non_christian,non_christian,0.035593777078793104,-2.3339530328593465,non_christian,non_christian,0.003803326763807424,-0.9840364364762876,non_christian,non_christian,0.009903165837413963,-6.996072769165039,non_christian,non_christian,0.01481481109746337,-4.750896511880669,non_christian,non_christian
335,MQDQ-203,non_christian,3,0.002740747088667918,-34.538776394910684,non_christian,non_christian,0.020172303186947696,-2.62720830058146,non_christian,non_christian,0.0017098504599100397,-0.9589271062106653,non_christian,non_christian,0.15846225251125062,-2.338829755783081,christian,non_christian,0.16283418176175551,-2.085570538101335,non_christian,non_christian
336,MQDQ-204,non_christian,3,0.002740747088667918,-34.538776394910684,non_christian,non_christian,0.024249041582265565,-2.548797857071653,non_christian,non_christian,5.453567417343273e-4,-1.0735997898492016,non_christian,non_christian,0.004331985812166221,-7.277118682861328,non_christian,non_christian,0.009399644205435424,-5.270309621518657,non_christian,non_christian
343,MQDQ-205,non_christian,2,0.007767695472409407,-34.538776394910684,non_christian,non_christian,0.0330785173529644,-2.71951382543396,non_christian,non_christian,0.0028956486262018822,-0.9375682998705147,non_christian,non_christian,0.04589863740993098,-4.584081172943115,non_christian,non_christian,0.06281831270378518,-2.954109610217079,non_christian,non_christian
344,MQDQ-446,non_christian,2,0.007767695472409407,-34.538776394910684,non_christian,non_christian,0.12427272151630496,-1.840843159369245,christian,non_christian,0.029542446755757807,-0.6775835159048083,non_christian,non_christian,0.014519443958945158,-6.468468189239502,non_christian,non_christian,0.006814828134951792,-5.445044028979982,non_christian,non_christian
345,MQDQ-473,non_christian,1,0.07954904502443928,-1.336498600345536,non_christian,non_christian,0.003930824042925154,-3.3940045005746695,non_christian,non_christian,0.0017077424624368674,-0.8645217807115719,non_christian,non_christian,0.003932196413400343,-5.221969127655029,non_christian,non_christian,0.0018597694126395341,-8.87085023782705,non_christian,non_christian
346,IT-LAT0588_2,non_christian,4,0.00563928538494361,-34.538776394910684,non_christian,non_christian,0.02407019232588881,-2.972181905038546,non_christian,non_christian,0.0060201063584085935,-0.8260966817671023,non_christian,non_christian,0.008654329809932899,-6.110345363616943,non_christian,non_christian,0.03678091253108057,-3.9900335521547743,non_christian,non_christian
348,IT-LAT0534_2,non_christian,1,0.0016394870721028547,-34.538776394910684,non_christian,non_christian,0.010601704464986329,-2.9440371614440597,non_christian,non_christian,6.948067448531171e-4,-0.9448302123383748,non_christian,non_christian,0.00912929754716171,-4.401791095733643,non_christian,non_christian,0.014867942907180215,-6.0859682760202345,non_christian,non_christian
351,MQDQ-163,non_christian,1,0.0016394870721028547,-34.538776394910684,non_christian,non_christian,0.012155593291315,-2.881716337549219,non_christian,non_christian,0.0012952014662115626,-0.8892232688515233,non_christian,non_christian,0.01103107218927815,-4.2168097496032715,non_christian,non_christian,0.011053451388354164,-6.485792541684831,non_christian,non_christian
354,IT-LAT0111,non_christian,5,0.003688949245595157,-34.538776394910684,non_christian,non_christian,0.025289297811834702,-2.469461083570737,non_christian,non_christian,0.019123534151160613,-0.7709457787860532,non_christian,non_christian,0.01235614377509309,-6.65576696395874,non_christian,non_christian,0.012832317592808371,-4.91558405509992,non_christian,non_christian
356,MQDQ-556,non_christian,3,0.026161553420798855,-16.33513156206658,non_christian,non_christian,0.004226571871453339,-3.2849732166762675,non_christian,non_christian,5.529869881806137e-4,-1.0722061429755791,non_christian,non_christian,0.009990729988640912,-6.174386024475098,non_christian,non_christian,0.0043903873859726565,-6.078315603262158,non_christian,non_christian
358,IT-LAT0534_3,non_christian,4,0.00563928538494361,-34.538776394910684,non_christian,non_christian,0.016506308816461677,-3.2008370926868794,non_christian,non_christian,0.001258085148086276,-0.9854988264810451,non_christian,non_christian,0.0020912643375966063,-8.041802406311035,non_christian,non_christian,0.0044534204976098895,-6.502642952816269,non_christian,non_christian
359,MQDQ-554,non_christian,3,0.14543292225125792,-1.594845007583892,non_christian,non_christian,0.004226571871453339,-3.2849732166762675,non_christian,non_christian,0.0014780348564268754,-0.9735558052938987,non_christian,non_christian,0.012484341954843943,-5.87903356552124,non_christian,non_christian,0.004918788626944888,-5.957925634789608,non_christian,non_christian
363,IT-LAT0346,non_christian,1,0.0016394870721028547,-34.538776394910684,non_christian,non_christian,0.02476976737091995,-2.5552674320277133,non_christian,non_christian,0.001217151050944906,-0.8947743831592682,non_christian,non_christian,0.06356562552061777,-2.469135046005249,non_christian,non_christian,0.08367550124447191,-3.689461171593561,non_christian,non_christian
364,IT-LAT0349,non_christian,1,0.0016394870721028547,-34.538776394910684,non_christian,non_christian,0.008128491649731895,-3.0648242307994247,non_christian,non_christian,0.0034706650607475545,-0.8011050476850596,non_christian,non_christian,0.03807481196918453,-2.99111008644104,non_christian,non_christian,0.07165382015642777,-3.9132955539186858,non_christian,non_christian
365,IT-LAT0120,non_christian,5,0.003688949245595157,-34.538776394910684,non_christian,non_christian,0.0065272809976853466,-2.9975687084155265,non_christian,non_christian,0.004237907427202766,-0.9698399302689,non_christian,non_christian,0.004875849189668108,-8.08129596710205,non_christian,non_christian,0.009861592140197195,-5.216675353485327,non_christian,non_christian
368,MQDQ-433,non_christian,4,0.00563928538494361,-34.538776394910684,non_christian,non_christian,0.025639589210512223,-2.933707955416898,non_christian,non_christian,0.01124427463173915,-0.7621423015308781,non_christian,non_christian,0.0019142549892834063,-8.16175651550293,non_christian,non_christian,0.01354206635269655,-5.188757346551375,non_christian,non_christian
369,IT-LAT0054,non_christian,3,0.002740747088667918,-34.538776394910684,non_christian,non_christian,0.02922103102715527,-2.4689776834512633,non_christian,non_christian,0.015866515309182774,-0.7341617080501779,non_christian,non_christian,0.007670899626792116,-6.5237717628479,non_christian,non_christian,0.003700447011252232,-6.259314992368307,non_christian,non_christian
374,IT-LAT0341,non_christian,5,0.003688949245595157,-34.538776394910684,non_christian,non_christian,0.006130108337085127,-3.021861174909964,non_christian,non_christian,0.0033634114196326686,-1.000158234409211,non_christian,non_christian,0.04376303245667689,-4.68346643447876,non_christian,non_christian,0.028282321303397275,-4.004314101713538,non_christian,non_christian
375,MQDQ-115,non_christian,4,0.1357135106077664,-3.3677237654881367,non_christian,non_christian,0.011192239991633459,-3.4348135117401317,non_christian,non_christian,0.004246969103095847,-0.8616947434241738,non_christian,non_christian,0.011574411789328224,-5.712806701660156,non_christian,non_christian,0.00845718522948345,-5.746424697867036,non_christian,non_christian
378,MQDQ-465,non_christian,5,0.08984089299275239,-3.1316720608700166,non_christian,non_christian,0.005721589128152651,-3.048537233907532,non_christian,non_christian,0.010583933167956878,-0.8493908025540367,non_christian,non_christian,0.021123841536266882,-5.826722621917725,non_christian,non_christian,0.016398243907303774,-4.634274723912955,non_christian,non_christian
379,MQDQ-471,non_christian,4,0.04638041648696157,-14.36849428234666,non_christian,non_christian,0.011192239991633459,-3.4348135117401317,non_christian,non_christian,0.002687408635859197,-0.908307924431044,non_christian,non_christian,0.008095200744302686,-6.20151424407959,non_christian,non_christian,0.008254974182039814,-5.775020576140329,non_christian,non_christian
380,MQDQ-467,non_christian,4,0.08471743887145104,-8.32877042113688,non_christian,non_christian,0.011192239991633459,-3.4348135117401317,non_christian,non_christian,0.010710919856569457,-0.7671300047825244,non_christian,non_christian,0.012731771957873636,-5.582216262817383,non_christian,non_christian,0.01259578838710033,-5.274760663127398,non_christian,non_christian
383,MQDQ-472,non_christian,4,0.00563928538494361,-34.538776394910684,non_christian,non_christian,0.011192239991633459,-3.4348135117401317,non_christian,non_christian,0.015620333892932412,-0.7283238856831461,non_christian,non_christian,0.010647624751881017,-5.827047824859619,non_christian,non_christian,0.01666693346448504,-4.941753510864115,non_christian,non_christian
385,MQDQ-223,non_christian,1,0.03999335263101285,-7.449911786110761,non_christian,non_christian,0.003930824042925154,-3.3940045005746695,non_christian,non_christian,9.720327087432304e-4,-0.9148556957203279,non_christian,non_christian,0.003932196413400343,-5.221969127655029,non_christian,non_christian,0.0019725304496425056,-8.7923340572243,non_christian,non_christian
388,MQDQ-213,non_christian,3,0.1119405527899514,-3.9917672223663843,non_christian,non_christian,0.004226571871453339,-3.2849732166762675,non_christian,non_christian,9.407102393065679e-4,-1.0189052674589565,non_christian,non_christian,0.012595901315195746,-5.867225170135498,non_christian,non_christian,0.004918788626944888,-5.957925634789608,non_christian,non_christian
390,MQDQ-335,non_christian,2,0.14646084208968976,0.26178477351118123,non_christian,non_christian,0.022261150476531093,-2.9709905362190283,non_christian,non_christian,0.015557377128110242,-0.7501229148586067,non_christian,non_christian,0.030949154257908104,-5.2364182472229,non_christian,non_christian,0.011519020789870466,-4.8661904760423775,non_christian,non_christian
392,IT-LAT0360,non_christian,4,0.00563928538494361,-34.538776394910684,non_christian,non_christian,0.05269755135509576,-2.4890553962165964,non_christian,non_christian,0.007892484380321028,-0.7984154778713115,non_christian,non_christian,0.0030936237962435756,-7.510401725769043,non_christian,non_christian,0.009175210902160747,-5.650090957280106,non_christian,non_christian
393,IT-LAT0062,christian,1,0.8622272112531552,34.53957599234088,christian,christian,0.9997659353842109,2.8651089681062083,christian,christian,0.9992227318804625,0.34235269631332343,christian,christian,0.9937226732877877,5.035199165344238,christian,christian,0.9523755424731364,3.4848906808707265,christian,christian
394,IT-LAT0246,christian,4,0.899104191800488,34.53957599234088,christian,christian,0.9954231508963832,2.423904149135794,christian,christian,0.9988994168057376,0.38365375139593394,christian,christian,0.9719670754159978,5.106977462768555,christian,christian,0.9762179533083175,4.188865084296907,christian,christian
397,IT-LAT0058,christian,1,0.8622272112531552,34.53957599234088,christian,christian,0.9905682452274643,1.1959023604469663,christian,christian,0.9999157793367809,0.5406500897702966,christian,christian,0.9894282899385015,4.52658748626709,christian,christian,0.9904903210409168,5.681881916698959,christian,christian
400,IT-LAT0051,non_christian,4,0.00563928538494361,-34.538776394910684,non_christian,non_christian,0.02901116446844345,-2.858266463844441,non_christian,non_christian,0.014072843916942643,-0.7390736374728102,non_christian,non_christian,0.005966397913504539,-6.617441654205322,non_christian,non_christian,0.03476140874495042,-4.058657968603345,non_christian,non_christian
405,MQDQ-394,non_christian,4,0.09555639429876892,-7.086915969099664,non_christian,non_christian,0.05165802632091025,-2.501541022731356,non_christian,non_christian,0.008067859307725099,-0.796166601541394,non_christian,non_christian,0.13975821723847684,-2.1527798175811768,non_christian,non_christian,0.05702753573747606,-3.4512629309050604,non_christian,non_christian
406,MQDQ-395,non_christian,2,0.08472992819587646,-6.694347318366795,non_christian,non_christian,0.008978786700122907,-3.5401157961756615,non_christian,non_christian,0.0033438476798819273,-0.921595207881453,non_christian,non_christian,0.014389575248650711,-6.482985973358154,non_christian,non_christian,0.00582178340433414,-5.618262501178108,non_christian,non_christian
408,MQDQ-397,non_christian,1,0.08077132663755215,-1.1976231446984116,non_christian,non_christian,0.07917022235162104,-2.005976386994118,non_christian,non_christian,0.0533080301688475,-0.5528544209304767,non_christian,non_christian,0.09415075398378236,-2.056849241256714,non_christian,non_christian,0.04694568180465092,-4.511206130904658,non_christian,non_christian
410,MQDQ-399,non_christian,4,0.052145981252897156,-13.211807841621749,non_christian,non_christian,0.011192239991633459,-3.4348135117401317,non_christian,non_christian,0.00443186171660763,-0.8573500836340233,non_christian,non_christian,0.007522672341124874,-6.3015828132629395,non_christian,non_christian,0.006749816623075246,-6.012672065988401,non_christian,non_christian
414,MQDQ-403,non_christian,4,0.006187352757017554,-33.66304213486296,non_christian,non_christian,0.011192239991633459,-3.4348135117401317,non_christian,non_christian,0.0017199501262533182,-0.9537089144537815,non_christian,non_christian,0.009518944156406205,-5.980267524719238,non_christian,non_christian,0.006669852747206446,-6.026730820792953,non_christian,non_christian
415,MQDQ-404,non_christian,4,0.00563928538494361,-34.538776394910684,non_christian,non_christian,0.06403075154875182,-2.366201647613558,non_christian,non_christian,0.0024408720894361054,-0.918100612106235,non_christian,non_christian,0.06387143100845244,-3.3271493911743164,non_christian,non_christian,0.06199968747272234,-3.34711533525744,non_christian,non_christian
416,MQDQ-405,non_christian,2,0.04023371434360209,-15.624397627735732,non_christian,non_christian,0.008978786700122907,-3.5401157961756615,non_christian,non_christian,0.00481301520947589,-0.8811346686224267,non_christian,non_christian,0.028272531760754595,-5.384858131408691,non_christian,non_christian,0.01013858502889279,-5.007226370845225,non_christian,non_christian
417,MQDQ-408,non_christian,4,0.019879883395235252,-22.577372276187475,non_christian,non_christian,0.011192239991633459,-3.4348135117401317,non_christian,non_christian,0.00398929303301939,-0.8680747421672278,non_christian,non_christian,0.01217944111274573,-5.643007755279541,non_christian,non_christian,0.009229502861752519,-5.643113637961734,non_christian,non_christian
420,MQDQ-411,non_christian,5,0.052251251174687985,-8.703460930681672,non_christian,non_christian,0.005721589128152651,-3.048537233907532,non_christian,non_christian,0.01000613738849869,-0.8568036681167364,non_christian,non_christian,0.018075168409354348,-6.068475723266602,non_christian,non_christian,0.013588748275120651,-4.849965096148101,non_christian,non_christian
422,IT-LAT0934,non_christian,3,0.002740747088667918,-34.538776394910684,non_christian,non_christian,0.08455783194508752,-2.0019211109605224,non_christian,non_christian,0.25645084774333293,-0.42709595297273345,non_christian,non_christian,0.01142376364582774,-5.9968037605285645,non_christian,non_christian,0.006457833254564125,-5.669245141540988,non_christian,non_christian
424,MQDQ-490,non_christian,2,0.03446560915852161,-17.43620247714574,non_christian,non_christian,0.008978786700122907,-3.5401157961756615,non_christian,non_christian,0.011775112375173492,-0.7813671864921709,non_christian,non_christian,0.01695240311659164,-6.2178239822387695,non_christian,non_christian,0.006662586145239487,-5.469903694410761,non_christian,non_christian
425,MQDQ-240,non_christian,1,0.07071997762636398,-2.4020572203732513,non_christian,non_christian,0.043887454881095966,-2.288678455938903,non_christian,non_christian,0.002784958093809605,-0.8208007559293158,non_christian,non_christian,0.007205822904799198,-4.632633686065674,non_christian,non_christian,0.0031950443636193007,-8.148644531732005,non_christian,non_christian
426,MQDQ-138,non_christian,5,0.003688949245595157,-34.538776394910684,non_christian,non_christian,0.062432582964130776,-2.107038235916582,non_christian,non_christian,0.4579475994844957,-0.27839696861301877,christian,christian,0.029421100160394197,-5.309948444366455,non_christian,non_christian,0.035534928277333615,-3.737764480405196,non_christian,non_christian
428,IT-LAT0256,christian,2,0.7821669525708039,34.53957599234088,christian,christian,0.9983062113054463,3.3050158784623695,christian,christian,0.9999956693080528,1.0752334192673012,christian,christian,0.9893519445855867,7.464605808258057,christian,christian,0.9951454079670236,5.817105805116603,christian,christian
430,IT-LAT0750,christian,1,0.8622272112531552,34.53957599234088,christian,christian,0.999125149171798,2.270895969048193,christian,christian,0.9998700281380795,0.5019436569418563,christian,christian,0.9921107763003584,4.812448501586914,christian,christian,0.9836475017096705,4.951001632899686,christian,christian
435,IT-LAT0747,christian,5,0.8351232597009624,34.53957599234088,christian,christian,0.9998628586062307,2.3546456751755374,christian,christian,0.9997719677552571,0.8395525895923787,christian,christian,0.9856377140630488,6.4374003410339355,christian,christian,0.9752181007575675,4.146210945871884,christian,christian
439,IT-LAT0471,christian,3,0.9401724631421181,34.53957599234088,christian,christian,0.977383938036064,0.5591330593686277,christian,christian,0.9997734307130752,0.5209250185609777,christian,christian,0.9965265990316154,7.267100811004639,christian,christian,0.9942976100890895,5.082891299403206,christian,christian
440,IT-LAT0746,christian,2,0.7821669525708039,34.53957599234088,christian,christian,0.9792659399466963,1.7460854352835697,christian,christian,0.9997374293452379,0.6210274445178253,christian,christian,0.9617115983831848,5.381479263305664,christian,christian,0.992482127682547,5.33618594751987,christian,christian
441,IT-LAT0347,non_christian,4,0.00563928538494361,-34.538776394910684,non_christian,non_christian,0.022454527525162308,-3.0144355814495882,non_christian,non_christian,0.0069987751243090505,-0.8107060526790862,non_christian,non_christian,0.009851215510685674,-5.9333696365356445,non_christian,non_christian,0.03127363635332822,-4.18677649063945,non_christian,non_christian
444,IT-LAT0201,non_christian,3,0.002740747088667918,-34.538776394910684,non_christian,non_christian,0.016868694022071105,-2.7031115456002204,non_christian,non_christian,0.012138631448814401,-0.7613890106522381,non_christian,non_christian,0.004437315276161706,-7.245492458343506,non_christian,non_christian,0.0024308087026056495,-6.703759444455018,non_christian,non_christian
446,IT-LAT0865,christian,1,0.8622272112531552,34.53957599234088,christian,christian,0.9999662944853837,3.738180022256765,christian,christian,0.9999999594231738,1.2219751950703386,christian,christian,0.9961194387858381,5.50297737121582,christian,christian,0.995912225848519,6.813167188542384,christian,christian
447,IT-LAT0059,christian,1,0.8622272112531552,34.53957599234088,christian,christian,0.9999983491061396,5.096965447877812,christian,christian,0.9999999804099822,1.2869293587033503,christian,christian,0.9975069650055174,5.932527542114258,christian,christian,0.9936075778153652,6.214847906815586,christian,christian
448,IT-LAT0893,non_christian,5,0.003688949245595157,-34.538776394910684,non_christian,non_christian,0.005721589128152651,-3.048537233907532,non_christian,non_christian,0.008767020928224685,-0.8742441711953844,non_christian,non_christian,0.011715630814006414,-6.73769998550415,non_christian,non_christian,0.014573536558577812,-4.769737027930196,non_christian,non_christian
449,IT-LAT0895,non_christian,1,0.0016394870721028547,-34.538776394910684,non_christian,non_christian,0.007399122276062353,-3.107505789946351,non_christian,non_christian,0.0019200169222890568,-0.8540518628954342,non_christian,non_christian,0.017497467016317762,-3.764005661010742,non_christian,non_christian,0.007859302040746405,-6.944113915447941,non_christian,non_christian
450,IT-LAT0896,non_christian,5,0.053213210374852604,-8.519232000753277,non_christian,non_christian,0.03340927280839342,-2.3591768393607557,non_christian,non_christian,0.02984596547337789,-0.7113366012358959,non_christian,non_christian,0.04931747839454372,-4.492897987365723,non_christian,non_christian,0.03261351582298659,-3.838172469170028,non_christian,non_christian
451,MQDQ-439,non_christian,4,0.0887476639713483,-7.851125387120305,non_christian,non_christian,0.05460769353949073,-2.4667072293637444,non_christian,non_christian,0.018026919673852906,-0.7135296219141934,non_christian,non_christian,0.2838075872474094,-0.9458339810371399,christian,christian,0.2854562419032354,-1.2390559875749119,christian,christian
452,MQDQ-41,christian,3,0.9401724631421181,34.53957599234088,christian,christian,0.9999996347361666,5.164733031356477,christian,christian,0.999999007161313,1.065319615022773,christian,christian,0.9972278579886031,7.56360387802124,christian,christian,0.9940760040140951,5.042455328873557,christian,christian
453,MQDQ-39,christian,3,0.9401724631421181,34.53957599234088,christian,christian,0.9999832604901125,3.5714453747909793,christian,christian,0.9998234783002068,0.5459527066190641,christian,christian,0.8926847636929954,2.626333713531494,christian,christian,0.44935920381008426,-0.5734904974558237,christian,christian
454,MQDQ-40,christian,4,0.899104191800488,34.53957599234088,christian,christian,0.9803951554573752,1.5507615162009534,christian,christian,0.9997153996113709,0.5210312954511027,christian,christian,0.9922259721836051,6.871034145355225,christian,christian,0.9774416555480299,4.252231867891578,christian,christian
456,MQDQ-232,non_christian,3,0.002740747088667918,-34.538776394910684,non_christian,non_christian,0.00749211194172272,-3.0451445622556506,non_christian,non_christian,0.003642186041189423,-0.8829273183554758,non_christian,non_christian,0.03244245768983756,-4.6005635261535645,non_christian,non_christian,0.00653031440556033,-5.657399501715375,non_christian,non_christian
457,MQDQ-233,non_christian,4,0.00563928538494361,-34.538776394910684,non_christian,non_christian,0.0396651289376784,-2.665920007629218,non_christian,non_christian,0.009803561188537903,-0.7762086278134087,non_christian,non_christian,0.0067599883979032735,-6.447324275970459,non_christian,non_christian,0.022268367555867714,-4.595555601600599,non_christian,non_christian
460,IT-LAT0204,non_christian,5,0.003688949245595157,-34.538776394910684,non_christian,non_christian,0.016336875935720384,-2.6409906121174993,non_christian,non_christian,0.03178288340701374,-0.70285805575681,non_christian,non_christian,0.11780334191434741,-3.0550529956817627,non_christian,non_christian,0.045949529170824614,-3.434908916911023,non_christian,non_christian
462,IT-LAT0914,non_christian,3,0.002740747088667918,-34.538776394910684,non_christian,non_christian,0.004226571871453339,-3.2849732166762675,non_christian,non_christian,0.0011565152670278097,-0.9981791821579795,non_christian,non_christian,0.011279411693921545,-6.013662815093994,non_christian,non_christian,0.005055474698820851,-5.928879494468617,non_christian,non_christian
463,MQDQ-107,non_christian,5,0.07308050715879776,-5.281440756649175,non_christian,non_christian,0.005721589128152651,-3.048537233907532,non_christian,non_christian,0.0163165169135074,-0.7920647354015907,non_christian,non_christian,0.02632110806637454,-5.484116077423096,non_christian,non_christian,0.01780790143827525,-4.53941950317822,non_christian,non_christian
465,MQDQ-234,non_christian,2,0.08573110983837394,-6.549599851452399,non_christian,non_christian,0.008978786700122907,-3.5401157961756615,non_christian,non_christian,0.005929325275725555,-0.8579312825377273,non_christian,non_christian,0.01629701919438748,-6.281672477722168,non_christian,non_christian,0.007875950229925117,-5.285718126564301,non_christian,non_christian
466,IT-LAT0264,christian,3,0.9401724631421181,34.53957599234088,christian,christian,0.32984618428517304,-1.3049882977212512,christian,christian,0.6563472270713799,-0.25551541184745896,christian,christian,0.0525096074871393,-3.9419548511505127,non_christian,non_christian,0.010616073521415876,-5.140692972821455,non_christian,non_christian
468,MQDQ-289,non_christian,3,0.13691327668260428,-2.1560666312341468,non_christian,non_christian,0.004226571871453339,-3.2849732166762675,non_christian,non_christian,0.010177017920429193,-0.7792577407663742,non_christian,non_christian,0.012595901315195746,-5.867225170135498,non_christian,non_christian,0.004918788626944888,-5.957925634789608,non_christian,non_christian
469,MQDQ-158,non_christian,4,0.17112305829391355,-0.7990386237257603,non_christian,non_christian,0.011192239991633459,-3.4348135117401317,non_christian,non_christian,0.03408532167063359,-0.6471932611837279,non_christian,non_christian,0.0087275352895111,-6.098843574523926,non_christian,non_christian,0.008029774290000844,-5.807696743651168,non_christian,non_christian
470,IT-LAT0268,christian,4,0.899104191800488,34.53957599234088,christian,christian,0.8407621370352238,0.21532683480222198,christian,christian,0.8485583092846859,-0.13278125907210958,christian,christian,0.9660446356997722,4.839261054992676,christian,christian,0.9347675208820786,2.9556957539055086,christian,christian
471,MQDQ-1,christian,5,0.8351232597009624,34.53957599234088,christian,christian,0.8962494379455422,-0.2362323019405995,christian,christian,0.9594418213911929,0.1570812414923134,christian,christian,0.8912727426337156,3.206061840057373,christian,christian,0.9426932055155782,3.1601201610227645,christian,christian
472,IT-LAT0665,non_christian,1,0.0016394870721028547,-34.538776394910684,non_christian,non_christian,0.05182585211352619,-2.2100273822244403,non_christian,non_christian,0.02888342267145956,-0.6097907388776969,non_christian,non_christian,0.0819612287521353,-2.2039623260498047,non_christian,non_christian,0.018399648493017597,-5.7974577581326825,non_christian,non_christian
473,MQDQ-499,non_christian,1,0.19625601127300107,7.364676386317652,non_christian,non_christian,0.017432951521890002,-2.7168763424343987,non_christian,non_christian,0.02482203457084479,-0.6236801951224914,non_christian,non_christian,0.017192880169509813,-3.7812998294830322,non_christian,non_christian,0.04648489061464886,-4.524981313449328,non_christian,non_christian
474,MQDQ-500,non_christian,4,0.17430330285014425,-0.590121617304021,non_christian,non_christian,0.011192239991633459,-3.4348135117401317,non_christian,non_christian,0.005256257974210813,-0.8399482447997351,non_christian,non_christian,0.008521428799105899,-6.13147497177124,non_christian,non_christian,0.009991489194906621,-5.549258792192423,non_christian,non_christian
475,MQDQ-151,christian,4,0.899104191800488,34.53957599234088,christian,christian,0.7723654118408725,-0.0473288306891772,christian,christian,0.9998510473256838,0.5867691512505075,christian,christian,0.9690397822158331,4.968449115753174,christian,christian,0.980012968690626,4.397117433502945,christian,christian
476,MQDQ-241,non_christian,5,0.003688949245595157,-34.538776394910684,non_christian,non_christian,0.46322866985317085,-1.121981693372634,christian,christian,0.20171776676302117,-0.43613422236080296,christian,non_christian,0.7382727067044798,1.5837619304656982,christian,christian,0.24784352063313872,-1.2608410190183235,christian,non_christian
478,LC-11,non_christian,1,0.8622272112531552,34.53957599234088,christian,christian,0.26052047580354576,-1.370629900872176,christian,non_christian,0.9346611176634833,-0.058904994686070355,christian,christian,0.06326961137314786,-2.4739580154418945,non_christian,non_christian,0.11618068302805457,-3.2044492381223564,non_christian,non_christian
479,MQDQ-166,non_christian,3,0.15506417343394163,-0.9923348898015548,non_christian,non_christian,0.004226571871453339,-3.2849732166762675,non_christian,non_christian,0.003385988522892689,-0.8902650178130767,non_christian,non_christian,0.009835845279198485,-6.195069789886475,non_christian,non_christian,0.002466746229152561,-6.688246719939405,non_christian,non_christian
480,MQDQ-540,non_christian,3,0.07719104915987311,-7.266022763006816,non_christian,non_christian,0.004226571871453339,-3.2849732166762675,non_christian,non_christian,0.0014234557492176535,-0.9773332127069136,non_christian,non_christian,0.012973771348561198,-5.827981472015381,non_christian,non_christian,0.004918788626944888,-5.957925634789608,non_christian,non_christian
482,IT-LAT0233,non_christian,2,0.007767695472409407,-34.538776394910684,non_christian,non_christian,0.02958131507269067,-2.790757936618639,non_christian,non_christian,0.004470253784694115,-0.8893471113388822,non_christian,non_christian,0.03908611546770903,-4.851271629333496,non_christian,non_christian,0.023164383681272434,-4.089716948202206,non_christian,non_christian
483,MQDQ-569,non_christian,4,0.00563928538494361,-34.538776394910684,non_christian,non_christian,0.036111635922158804,-2.723863526454335,non_christian,non_christian,0.09523823122591178,-0.5362499611651547,non_christian,non_christian,0.007307942240896713,-6.341075897216797,non_christian,non_christian,0.021729440677666835,-4.624908201170501,non_christian,non_christian
486,MQDQ-573,non_christian,5,0.003688949245595157,-34.538776394910684,non_christian,non_christian,0.01019745993330426,-2.8245972150074334,non_christian,non_christian,0.013438842750725238,-0.8178035210978847,non_christian,non_christian,0.010730460210071693,-6.872791290283203,non_christian,non_christian,0.05500656646036518,-3.2207298957003374,non_christian,non_christian
495,IT-LAT0286,non_christian,2,0.017650098901497865,-25.174265943748196,non_christian,non_christian,0.017065453719220677,-3.138420911045082,non_christian,non_christian,0.013682943708882296,-0.7645386145995936,non_christian,non_christian,0.03844573071733306,-4.8786396980285645,non_christian,non_christian,0.02337417209678812,-4.0796288524596696,non_christian,non_christian
499,MQDQ-479,non_christian,3,0.15506750544919604,-0.9921318296600816,non_christian,non_christian,0.004226571871453339,-3.2849732166762675,non_christian,non_christian,0.007411600417512131,-0.8113247170157344,non_christian,non_christian,0.009519164488382649,-6.2383832931518555,non_christian,non_christian,0.007839343532098302,-5.463365358514039,non_christian,non_christian
500,MQDQ-480,non_christian,2,0.08115585135840486,-7.224072169773422,non_christian,non_christian,0.022235870418119034,-2.9717082885324673,non_christian,non_christian,0.0031422632963572544,-0.9284973983985869,non_christian,non_christian,0.06719212422388525,-3.9412124156951904,non_christian,non_christian,0.0272178218409167,-3.9089348160040034,non_christian,non_christian
502,MQDQ-481,non_christian,1,0.06811712182192875,-2.7396436256551624,non_christian,non_christian,0.003930824042925154,-3.3940045005746695,non_christian,non_christian,0.005108066096979166,-0.766484410896845,non_christian,non_christian,0.004413344208664336,-5.109791278839111,non_christian,non_christian,0.0028199794084515853,-8.315384934887257,non_christian,non_christian
503,IT-LAT0574_1,non_christian,5,0.06271022072545739,-6.851854095584258,non_christian,non_christian,0.008372237198871235,-2.901137688641431,non_christian,non_christian,0.05951846864655205,-0.6170720687492681,non_christian,non_christian,0.006195270672779213,-7.715078353881836,non_christian,non_christian,0.01663818510117862,-4.6175764795316985,non_christian,non_christian
504,MQDQ-597,non_christian,2,0.007767695472409407,-34.538776394910684,non_christian,non_christian,0.023494992263885843,-2.936893227370925,non_christian,non_christian,0.004239357847616136,-0.8952406819905397,non_christian,non_christian,0.0865618795987198,-3.5044167041778564,non_christian,non_christian,0.04449015143302509,-3.352306076969247,non_christian,non_christian
505,IT-LAT0574_3,non_christian,2,0.007767695472409407,-34.538776394910684,non_christian,non_christian,0.03678398265816039,-2.65156377110439,non_christian,non_christian,0.09438386307138845,-0.5414125847989376,non_christian,non_christian,0.07701327839647615,-3.707108497619629,non_christian,non_christian,0.02353461721646558,-4.071972992505851,non_christian,non_christian
506,IT-LAT0574_7,non_christian,1,0.0016394870721028547,-34.538776394910684,non_christian,non_christian,0.009848126995152102,-2.977594819717108,non_christian,non_christian,0.019138153864026182,-0.6473951420199733,non_christian,non_christian,0.017066779317065482,-3.788547992706299,non_christian,non_christian,0.02466836414824437,-5.398608682614077,non_christian,non_christian
511,IT-LAT0574_6,non_christian,4,0.00563928538494361,-34.538776394910684,non_christian,non_christian,0.09063723823284926,-2.1426618002395297,non_christian,non_christian,0.018732180885337287,-0.7095610234152586,non_christian,non_christian,0.011129080762069518,-5.766525745391846,non_christian,non_christian,0.027683948748894925,-4.333973675742766,non_christian,non_christian
518,MQDQ-588,non_christian,2,0.007767695472409407,-34.538776394910684,non_christian,non_christian,0.03896142574649368,-2.6146465486460113,non_christian,non_christian,0.03004308205712188,-0.6756670974527859,non_christian,non_christian,0.025001005561611306,-5.586044788360596,non_christian,non_christian,0.01077018068227049,-4.940481445530183,non_christian,non_christian
521,IT-LAT0574_2,non_christian,1,0.06121477931833066,-3.6965242687799673,non_christian,non_christian,0.003930824042925154,-3.3940045005746695,non_christian,non_christian,0.0032439168676262555,-0.8071521875377765,non_christian,non_christian,0.008265551959440363,-4.498819828033447,non_christian,non_christian,0.026070865783347035,-5.323077049718176,non_christian,non_christian
525,MQDQ-591,non_christian,1,0.0016394870721028547,-34.538776394910684,non_christian,non_christian,0.017840507712047118,-2.7062793745594504,non_christian,non_christian,0.014672850606256048,-0.6714996902966631,non_christian,non_christian,0.021195110374045912,-3.5748276710510254,non_christian,non_christian,0.016733979085365284,-5.926040964569353,non_christian,non_christian
526,MQDQ-601,non_christian,4,0.00563928538494361,-34.538776394910684,non_christian,non_christian,0.08310688012030484,-2.199081002712385,non_christian,non_christian,0.05995784846618397,-0.5871062573989864,non_christian,non_christian,0.020707329314327526,-4.912856578826904,non_christian,non_christian,0.048405042652949246,-3.6540143463472665,non_christian,non_christian
527,IT-LAT0793,christian,5,0.8351232597009624,34.53957599234088,christian,christian,0.28113024126493164,-1.4263253819914123,non_christian,non_christian,0.4494162560994192,-0.28289542853571514,christian,christian,0.38456907416697544,-0.7082805037498474,christian,christian,0.6282285953404402,0.5873422448232145,christian,christian
532,MQDQ-603,non_christian,2,0.007767695472409407,-34.538776394910684,non_christian,non_christian,0.14379926279733735,-1.7367794817588047,christian,non_christian,0.022881096887548302,-0.7066122467658524,non_christian,non_christian,0.015721960284229508,-6.339810848236084,non_christian,non_christian,0.01364545882975423,-4.678690898975732,non_christian,non_christian
533,MQDQ-578,non_christian,3,0.002740747088667918,-34.538776394910684,non_christian,non_christian,0.004226571871453339,-3.2849732166762675,non_christian,non_christian,0.002078596207337565,-0.9393129001663039,non_christian,non_christian,0.0010885423176703111,-9.091702461242676,non_christian,non_christian,0.0025174780574214505,-6.666727416889763,non_christian,non_christian
537,MQDQ-16,non_christian,4,0.00563928538494361,-34.538776394910684,non_christian,non_christian,0.011192239991633459,-3.4348135117401317,non_christian,non_christian,0.0025273124826597692,-0.9145591204554526,non_christian,non_christian,6.075338888743131e-4,-9.717037200927734,non_christian,non_christian,0.007409499822105682,-5.902630466355008,non_christian,non_christian
538,MQDQ-165,non_christian,5,0.003688949245595157,-34.538776394910684,non_christian,non_christian,0.15294638399780142,-1.7234801326561622,non_christian,non_christian,0.29084024362728156,-0.37284432628236425,christian,christian,0.08169568856226819,-3.672661542892456,non_christian,non_christian,0.16891201634539554,-1.807132750872712,non_christian,non_christian
540,IT-LAT0410,christian,1,0.8622272112531552,34.53957599234088,christian,christian,0.9978625142105872,1.8679075146379487,christian,christian,0.9999909881991048,0.7400127376201837,christian,christian,0.9884404072834377,4.439168930053711,christian,christian,0.9792167217032844,4.6257914557717505,christian,christian
542,MQDQ-180,christian,1,0.8622272112531552,34.53957599234088,christian,christian,0.9999841124803229,4.0769985241946785,christian,christian,0.999999630545681,1.0249451790332023,christian,christian,0.9754431905892621,3.697195529937744,christian,christian,0.966497218596951,3.9727232157828416,christian,christian
544,IT-LAT0843,christian,1,0.8622272112531552,34.53957599234088,christian,christian,0.9999884005452838,4.218707226227538,christian,christian,0.9999999632669365,1.2308524727505428,christian,christian,0.989056544168262,4.492778778076172,christian,christian,0.9874432988178313,5.307756659392489,christian,christian
551,LC-4,non_christian,3,0.002740747088667918,-34.538776394910684,non_christian,non_christian,0.01749690657234096,-2.6876141433568703,non_christian,non_christian,0.0027331358250149754,-0.9118034746401096,non_christian,non_christian,0.007800938784846059,-6.5015668869018555,non_christian,non_christian,0.013051122105619274,-4.92035024322577,non_christian,non_christian
553,IT-LAT0403,christian,5,0.8351232597009624,34.53957599234088,christian,christian,0.9999948398774963,3.61590875928416,christian,christian,0.9999614437687966,1.0718564698346467,christian,christian,0.9733712324621775,5.479484558105469,christian,christian,0.9786647228658004,4.319500438873482,christian,christian
554,MQDQ-22,non_christian,2,0.007767695472409407,-34.538776394910684,non_christian,non_christian,0.058576501832751225,-2.350065858409814,non_christian,non_christian,0.048280482770201714,-0.6210771692937694,non_christian,non_christian,0.015010292198444363,-6.414729118347168,non_christian,non_christian,0.007976170551270333,-5.271788396952236,non_christian,non_christian
561,MQDQ-449,non_christian,4,0.00563928538494361,-34.538776394910684,non_christian,non_christian,0.017665375399571973,-3.1598266445275236,non_christian,non_christian,0.008589836872516523,-0.7897492834850034,non_christian,non_christian,0.0038660213116466073,-7.207655429840088,non_christian,non_christian,0.006638148518811406,-6.0323512630408205,non_christian,non_christian
566,IT-LAT0364,non_christian,3,0.002740747088667918,-34.538776394910684,non_christian,non_christian,0.01198204061095325,-2.8476594721681914,non_christian,non_christian,0.012216613653115188,-0.7607391316387657,non_christian,non_christian,0.08183042607384956,-3.3192574977874756,non_christian,non_christian,0.08924138246563088,-2.808531527566913,non_christian,non_christian
571,IT-LAT0329,non_christian,5,0.003688949245595157,-34.538776394910684,non_christian,non_christian,0.005721589128152651,-3.048537233907532,non_christian,non_christian,0.007274784575776373,-0.8988247234283416,non_christian,non_christian,0.02762059271767864,-5.408801078796387,non_christian,non_christian,0.020349729496063913,-4.3856465656324195,non_christian,non_christian
572,IT-LAT0238,non_christian,3,0.002740747088667918,-34.538776394910684,non_christian,non_christian,0.0046557982702902685,-3.2445036125890687,non_christian,non_christian,0.0018590483525994174,-0.9505254720461764,non_christian,non_christian,0.0019994765059107977,-8.293540954589844,non_christian,non_christian,9.289058133882287e-4,-7.719675235543365,non_christian,non_christian
573,MQDQ-114,non_christian,3,0.002740747088667918,-34.538776394910684,non_christian,non_christian,0.01224718398607346,-2.838430501586608,non_christian,non_christian,0.03590572672014578,-0.650228004974562,non_christian,non_christian,0.0628861545639435,-3.6911630630493164,non_christian,non_christian,0.30401094734524997,-1.2325182299883737,christian,non_christian
574,MQDQ-10,non_christian,4,0.5240560531437652,14.91315364539587,christian,christian,0.017198459488870783,-3.1760197705680207,non_christian,non_christian,0.20215328936400404,-0.44708265367939115,non_christian,non_christian,0.3261057914924807,-0.675380527973175,christian,christian,0.11223654168594903,-2.5872054799514057,non_christian,non_christian
580,LC-5,non_christian,5,0.003688949245595157,-34.538776394910684,non_christian,non_christian,0.027858355523167677,-2.4312443281539324,non_christian,non_christian,0.006075999664812883,-0.922514950864867,non_christian,non_christian,0.0069306571192296485,-7.5433759689331055,non_christian,non_christian,0.02843442603282255,-3.9980732450804073,non_christian,non_christian
582,MQDQ-116,non_christian,5,0.14296906970407408,1.8880242604279829,non_christian,non_christian,0.8707155965784954,-0.3319477391334015,christian,christian,0.43463797620646133,-0.29072662579142206,christian,christian,0.565118021944942,0.4051280915737152,christian,christian,0.5863604044082054,0.3887220012232737,christian,christian
584,IT-LAT0612,christian,2,0.7821669525708039,34.53957599234088,christian,christian,0.9969415564363672,2.939191883291089,christian,christian,0.9998044546104732,0.65364519271709,christian,christian,0.9059276661192932,3.8548166751861572,christian,christian,0.95431889175322,3.321291570157126,christian,christian
590,MQDQ-375,christian,5,0.36347410948586506,13.65948635783596,christian,christian,0.18969250618836117,-1.6236355615736857,non_christian,non_christian,0.47224374825735443,-0.2708865620090716,christian,christian,0.6273122437798527,0.7986043691635132,christian,christian,0.6399300389604105,0.6443619265062911,christian,christian
593,MQDQ-366,christian,4,0.899104191800488,34.53957599234088,christian,christian,0.772419005234503,-0.047147754822617995,christian,christian,0.942112318035128,-0.024541877344740448,christian,christian,0.9926305672292357,6.943933486938477,christian,christian,0.990384798865381,5.266869530909194,christian,christian
594,MQDQ-372,christian,2,0.7821669525708039,34.53957599234088,christian,christian,0.7226221814308601,-0.0434993480350605,christian,christian,0.8402380229190132,-0.10754389566843303,christian,christian,0.8334144965524991,2.8119468688964844,christian,christian,0.8378350645529496,1.7943871629569865,christian,christian
597,MQDQ-280,christian,3,0.9401724631421181,34.53957599234088,christian,christian,0.9998723110253771,2.725033812053957,christian,christian,0.9998942622896982,0.5973352618480019,christian,christian,0.9926833493941772,6.285540580749512,christian,christian,0.9971915103085095,5.83274177516478,christian,christian
601,MQDQ-278,christian,4,0.528138759577007,15.066855805813914,christian,christian,0.7686102081281724,-0.05994257305517197,christian,christian,0.8764952964647688,-0.10879277999551251,christian,christian,0.9617202067550074,4.670923233032227,christian,christian,0.954235951676679,3.3951870442869825,christian,christian
602,MQDQ-365,christian,5,0.8351232597009624,34.53957599234088,christian,christian,0.9990470008830649,1.6089204373253578,christian,christian,0.9996374597658213,0.7789421721486195,christian,christian,0.9878218843616492,6.691632270812988,christian,christian,0.9712072605706974,3.9719589173101135,christian,christian
603,MQDQ-418,non_christian,5,0.005530736750310457,-30.6469692364401,non_christian,non_christian,0.008172026724907258,-2.910522062683611,non_christian,non_christian,0.003516374543482375,-0.9943259038506056,non_christian,non_christian,0.0030355554442568376,-8.804774284362793,non_christian,non_christian,0.021475326084231427,-4.3234816511643075,non_christian,non_christian
604,MQDQ-417,non_christian,1,0.0016394870721028547,-34.538776394910684,non_christian,non_christian,0.0766349247387794,-2.021876529412627,non_christian,non_christian,0.020332445770335193,-0.6418867681417877,non_christian,non_christian,0.017113991878764327,-3.785828113555908,non_christian,non_christian,0.03657413768937972,-4.857970943266132,non_christian,non_christian
605,IT-LAT0880,christian,4,0.899104191800488,34.53957599234088,christian,christian,0.9690405987181184,1.2724510574294274,christian,christian,0.9969157641746126,0.27884851262263144,christian,christian,0.9647235932594741,4.785744667053223,christian,christian,0.9695681038599291,3.8919483168661513,christian,christian
607,IT-LAT0353,non_christian,4,0.08813743140019512,-7.922170839686942,non_christian,non_christian,0.012593546343584987,-3.363902595007389,non_christian,non_christian,0.014779803653321225,-0.7340252937630973,non_christian,non_christian,0.0029795452944996748,-7.561415195465088,non_christian,non_christian,0.005709767460915504,-6.20997597217114,non_christian,non_christian
608,MQDQ-562,non_christian,2,0.007767695472409407,-34.538776394910684,non_christian,non_christian,0.07741757100586544,-2.1653359330610695,non_christian,non_christian,0.12417772860023864,-0.5073562954484905,non_christian,non_christian,0.32182041881269174,-0.9390367269515991,christian,christian,0.22712818295307055,-1.3387605990831166,non_christian,non_christian
611,IT-LAT0336,non_christian,4,0.899104191800488,34.53957599234088,christian,christian,0.012245424638090432,-3.380762588069825,non_christian,non_christian,0.024272575641441616,-0.6826843128786281,non_christian,non_christian,0.0011786641895036275,-8.819184303283691,non_christian,non_christian,0.007218892512192604,-5.933392950829144,non_christian,non_christian
613,MQDQ-52,christian,1,0.8622272112531552,34.53957599234088,christian,christian,0.6862581582224128,-0.5480959341387376,christian,christian,0.9959881536449164,0.19566477094714463,christian,christian,0.48338988142917005,0.06976253539323807,christian,christian,0.720609472359867,0.7582482236569869,christian,christian
614,MQDQ-49,christian,5,0.8351232597009624,34.53957599234088,christian,christian,0.9892575270922479,0.6737180012777623,christian,christian,0.9985156313528961,0.5945777708554277,christian,christian,0.9789369089653709,5.844717979431152,christian,christian,0.9646316707505226,3.7317326924200285,christian,christian
615,MQDQ-55,christian,1,0.45556526416964394,17.682908898658965,christian,christian,0.860950698604271,-0.0793711129599012,christian,christian,0.44803396452092464,-0.31484195614808996,christian,non_christian,0.8688594133159446,1.9639874696731567,christian,christian,0.7928892557905276,1.2840306027965371,christian,christian
616,MQDQ-48,christian,4,0.899104191800488,34.53957599234088,christian,christian,0.6698272842548709,-0.3528216981360458,christian,christian,0.9979158708102088,0.31873783898367836,christian,christian,0.09730099991902583,-2.7081408500671387,non_christian,non_christian,0.6225573024945675,0.4224566504556264,christian,christian
617,MQDQ-53,christian,4,0.899104191800488,34.53957599234088,christian,christian,0.6818089139194173,-0.3203347635117557,christian,christian,0.9819830160821417,0.09814836475939337,christian,christian,0.3974941554219357,-0.2558494210243225,christian,christian,0.6006893434312321,0.3145631914480713,christian,christian
622,MQDQ-242,christian,2,0.7821669525708039,34.53957599234088,christian,christian,0.9546807003221256,1.247425220249061,christian,christian,0.9992314253911108,0.5021360916601972,christian,christian,0.9781799304173127,6.303994178771973,christian,christian,0.9704889398670212,3.817166616607655,christian,christian
623,MQDQ-381,christian,2,0.7821669525708039,34.53957599234088,christian,christian,0.8896556501593745,0.6542472316543033,christian,christian,0.71305332556722,-0.19049938814257272,christian,christian,0.6227979281701249,1.0465574264526367,christian,christian,0.7916407957585934,1.4584683601352857,christian,christian
628,IT-LAT0768,christian,2,0.7587806990278361,33.04792111556316,christian,christian,0.37243839401850454,-0.9571394874959349,christian,non_christian,0.5918438451937512,-0.25010051850398074,christian,christian,0.5062885578483375,0.2880840599536896,christian,christian,0.4225568010318781,-0.3416893744602608,christian,christian
630,MQDQ-360,christian,1,0.34503231866505707,13.806288932240864,christian,christian,0.619767965114605,-0.680587962543683,christian,christian,0.5681218035064627,-0.2717748155277562,christian,christian,0.710376937889824,1.0023514032363892,christian,christian,0.5864202018190668,-0.038261305385239565,christian,christian
631,MQDQ-361,christian,2,0.7821669525708039,34.53957599234088,christian,christian,0.9570700419863547,1.2824216150906347,christian,christian,0.9999781692651953,0.8962520509054887,christian,christian,0.9825353915948909,6.665639877319336,christian,christian,0.9791130893673663,4.204590194817361,christian,christian
633,MQDQ-189,christian,5,0.8351232597009624,34.53957599234088,christian,christian,0.9666122280723289,0.22878563367050633,christian,christian,0.9975223096341498,0.5274918602990849,christian,christian,0.9793763861792879,5.877465724945068,christian,christian,0.9504522497858382,3.333861628408299,christian,christian
635,MQDQ-364,christian,5,0.33551935318567194,12.482758937792733,christian,christian,0.2937137943663447,-1.4026982503938092,non_christian,non_christian,0.8020942970880283,-0.07347403323981094,christian,christian,0.9592011552426147,4.808351039886475,christian,christian,0.8686009427054084,2.1294283546258064,christian,christian
636,IT-LAT0904,christian,2,0.7821669525708039,34.53957599234088,christian,christian,0.9928648331469387,2.4134514833855953,christian,christian,0.999940822304912,0.7859092329783505,christian,christian,0.9582432745914,5.237636566162109,christian,christian,0.9884359505778011,4.861096585068687,christian,christian
638,MQDQ-66,christian,5,0.8351232597009624,34.53957599234088,christian,christian,0.9988286241606354,1.5295041975277566,christian,christian,0.9664144620770979,0.18268060997108437,christian,christian,0.9654102229210101,5.06922721862793,christian,christian,0.9381779548820505,3.068950664322063,christian,christian
639,MQDQ-220,non_christian,2,0.007767695472409407,-34.538776394910684,non_christian,non_christian,0.03071965100443415,-2.7667116639394673,non_christian,non_christian,0.0038292000550964743,-0.9065450924516543,non_christian,non_christian,0.03442308338284514,-5.061288833618164,non_christian,non_christian,0.08253184328021455,-2.6325802748551186,non_christian,non_christian
641,LC-16,non_christian,1,0.0016394870721028547,-34.538776394910684,non_christian,non_christian,0.14146364971907163,-1.7129511136030557,christian,non_christian,0.037197473942695826,-0.5864583071301955,non_christian,non_christian,0.8120162735379243,1.5500415563583374,christian,christian,0.4055058609166465,-1.0124456106673394,christian,christian
643,MQDQ-423,christian,2,0.7821669525708039,34.53957599234088,christian,christian,0.9965567076899376,2.8657511306491963,christian,christian,0.999988157467523,0.9639263843095757,christian,christian,0.9986334683035859,10.748991012573242,christian,christian,0.9960962761300617,6.056396549906811,christian,christian
644,IT-LAT0189,non_christian,1,0.0016394870721028547,-34.538776394910684,non_christian,non_christian,0.04267637063211607,-2.301854236439547,non_christian,non_christian,0.0724025730577708,-0.5237275260331942,non_christian,non_christian,0.3481370265806901,-0.4729183614253998,christian,christian,0.16550512320327776,-2.6569156497390694,non_christian,non_christian
650,IT-LAT0776,christian,3,0.9401724631421181,34.53957599234088,christian,christian,0.6277949099227703,-0.791939688058784,christian,christian,0.8203202050406193,-0.16815302843121027,christian,christian,0.47251320497121174,-0.29458844661712646,christian,christian,0.9205447565795097,2.2239387374842003,christian,christian
651,MQDQ-444,non_christian,2,0.007767695472409407,-34.538776394910684,non_christian,non_christian,0.2623287034754256,-1.2734444216890486,christian,non_christian,0.07355818814213796,-0.5715114119366993,non_christian,non_christian,0.28610461842933105,-1.2081022262573242,christian,non_christian,0.17099472229118412,-1.7256438230038051,non_christian,non_christian
652,MQDQ-285,christian,1,0.8622272112531552,34.53957599234088,christian,christian,0.9859970392777275,1.0157992660768493,christian,christian,0.9999838966301478,0.6882314551922772,christian,christian,0.9735319886101406,3.622767925262451,christian,christian,0.9859187687628944,5.153149821017222,christian,christian
653,IT-LAT0919,non_christian,5,0.003688949245595157,-34.538776394910684,non_christian,non_christian,0.06577722150636137,-2.085597953734803,non_christian,non_christian,0.042666779331188634,-0.6628942811440308,non_christian,non_christian,0.014429545694725888,-6.416670322418213,non_christian,non_christian,0.026357963393784895,-4.08621631368844,non_christian,non_christian
655,MQDQ-608,christian,3,0.9401724631421181,34.53957599234088,christian,christian,0.5398015671514341,-0.9432424278585296,christian,christian,0.9616376369164734,0.002574038826358316,christian,christian,0.9951028460740677,6.814975261688232,christian,christian,0.9948108697956723,5.182888279731313,christian,christian
656,MQDQ-125,non_christian,4,0.2638435624447492,4.378350756867237,non_christian,non_christian,0.032466556579956174,-2.7893080938388066,non_christian,non_christian,0.036306758148954704,-0.6405504254763843,non_christian,non_christian,0.15653964348624497,-1.9726192951202393,non_christian,non_christian,0.24163902476129032,-1.5040583783222377,christian,non_christian
657,MQDQ-445,christian,4,0.00563928538494361,-34.538776394910684,non_christian,non_christian,0.2347309967685206,-1.4749699700800538,christian,non_christian,0.19347219017231343,-0.45263676768235256,non_christian,non_christian,0.738517598255315,1.7125688791275024,christian,christian,0.8164794841825729,1.5851378710429256,christian,christian
658,MQDQ-120,christian,1,0.8622272112531552,34.53957599234088,christian,christian,0.9196976484775577,0.1976844178297204,christian,christian,0.9817767444687275,0.05938174173528443,christian,christian,0.981212639532278,3.962067127227783,christian,christian,0.9698305635460941,4.1168243762528265,christian,christian
660,MQDQ-59,christian,2,0.7821669525708039,34.53957599234088,christian,christian,0.9424182124637275,1.0915355880275264,christian,christian,0.9975049063178296,0.3716546582264598,christian,christian,0.7261133396394394,1.800675630569458,christian,christian,0.7511780819983813,1.2071668759538408,christian,christian
667,MQDQ-304,non_christian,4,0.00563928538494361,-34.538776394910684,non_christian,non_christian,0.017703822343901405,-3.1585120550501595,non_christian,non_christian,0.011825161828340465,-0.7569694802858766,non_christian,non_christian,0.0011881284888272318,-8.808345794677734,non_christian,non_christian,0.007206610894185397,-5.935402665430116,non_christian,non_christian
671,MQDQ-123,non_christian,5,0.02301045281187212,-16.839516266357577,non_christian,non_christian,0.007404439499388256,-2.948746496359424,non_christian,non_christian,0.01577882000081422,-0.796515391196278,non_christian,non_christian,0.01642782493284671,-6.216348648071289,non_christian,non_christian,0.03834216629365204,-3.648509023193079,non_christian,non_christian
672,LC-12,non_christian,2,0.007767695472409407,-34.538776394910684,non_christian,non_christian,0.015135262917603922,-3.213765556210839,non_christian,non_christian,0.007027391109532869,-0.8390097366940948,non_christian,non_christian,0.07385045868909479,-3.7793376445770264,non_christian,non_christian,0.03448366509321435,-3.642144657592958,non_christian,non_christian
674,MQDQ-382,christian,1,0.8580969899205058,34.2518939198891,christian,christian,0.2584405844129147,-1.375505932410035,christian,non_christian,0.5184790723274171,-0.2896366393825175,christian,christian,0.10440854414016544,-1.94575035572052,non_christian,non_christian,0.21038518845608403,-2.263894238344334,non_christian,non_christian
675,MQDQ-441,non_christian,3,0.06987580749616108,-8.12405416499638,non_christian,non_christian,0.004226571871453339,-3.2849732166762675,non_christian,non_christian,0.017330174507586178,-0.7251667707752858,non_christian,non_christian,0.0020630284588093566,-8.252446174621582,non_christian,non_christian,0.003788314004083755,-6.234477284987911,non_christian,non_christian
677,MQDQ-2,non_christian,3,0.002740747088667918,-34.538776394910684,non_christian,non_christian,0.011224653699648635,-2.8751781242421264,non_christian,non_christian,0.04983175796994305,-0.6159124482749403,non_christian,non_christian,0.021376738767495518,-5.162246227264404,non_christian,non_christian,0.010582253396757694,-5.144093516459069,non_christian,non_christian
679,MQDQ-287,christian,2,0.7821669525708039,34.53957599234088,christian,christian,0.25950626483774075,-1.2824841957132405,christian,non_christian,0.6665129798363383,-0.21459846502861113,christian,christian,0.14083243778365728,-2.63179874420166,non_christian,non_christian,0.21962389044064082,-1.3860405961238615,non_christian,non_christian
682,MQDQ-98,non_christian,2,0.2793134549676,9.445786961036033,christian,christian,0.06963041029462186,-2.236003247177574,non_christian,non_christian,0.16463331446546448,-0.4709207731659086,christian,non_christian,0.07800893984122892,-3.6849334239959717,non_christian,non_christian,0.06536109828694169,-2.9077731174262285,non_christian,non_christian
684,MQDQ-277,non_christian,5,0.08697201227641901,-3.4722376254422898,non_christian,non_christian,0.017476846430939903,-2.6146087615290465,non_christian,non_christian,0.02711567622320932,-0.7242416817508488,non_christian,non_christian,0.0417450093066146,-4.758464813232422,non_christian,non_christian,0.057438952652494074,-3.1688973261878686,non_christian,non_christian
686,MQDQ-62,non_christian,3,0.14654401935318095,-1.5236862711351764,non_christian,non_christian,0.004226571871453339,-3.2849732166762675,non_christian,non_christian,0.023905170651501727,-0.6922493430616281,non_christian,non_christian,0.012595901315195746,-5.867225170135498,non_christian,non_christian,0.00463983959619495,-6.019781271106475,non_christian,non_christian
689,MQDQ-75,non_christian,3,0.9401724631421181,34.53957599234088,christian,christian,0.9845479207578502,0.7208476205447742,christian,christian,0.968414663045946,0.022764695234303467,christian,christian,0.8461777870162094,2.0843188762664795,christian,christian,0.6233814302923177,0.17218548593097124,christian,christian
690,MQDQ-76,non_christian,1,0.8622272112531552,34.53957599234088,christian,christian,0.9481848988685406,0.4087842162218381,christian,christian,0.8758652259327522,-0.12194805759670135,christian,christian,0.9106338989078988,2.380586624145508,christian,christian,0.7520478645133427,0.9740197169837538,christian,christian
691,MQDQ-83,non_christian,5,0.2028809177633637,5.9293615718347255,non_christian,non_christian,0.03758037360662565,-2.312276999758927,non_christian,non_christian,0.12930774046739849,-0.5055944778176888,non_christian,non_christian,0.026229612351660485,-5.489554405212402,non_christian,non_christian,0.02351536862919124,-4.218525762457416,non_christian,non_christian
693,MQDQ-78,non_christian,5,0.14560688077693373,2.0924026553095714,non_christian,non_christian,0.005721589128152651,-3.048537233907532,non_christian,non_christian,0.02476305891892812,-0.7364183548350874,non_christian,non_christian,0.04629183687795747,-4.594011306762695,non_christian,non_christian,0.07920959271753793,-2.7791498348174257,non_christian,non_christian
694,MQDQ-79,christian,3,0.84819781462819,26.28293981056863,christian,christian,0.7922981907173433,-0.4520040879970155,christian,christian,0.9128015411712044,-0.08496566429584318,christian,christian,0.9458459742534231,3.598590612411499,christian,christian,0.9563886608521909,2.8967429262047037,christian,christian
696,MQDQ-85,non_christian,4,0.13094592145901748,-3.7550196112827052,non_christian,non_christian,0.011192239991633459,-3.4348135117401317,non_christian,non_christian,0.015289005745641049,-0.7305343962099288,non_christian,non_christian,0.02171891044008346,-4.846896171569824,non_christian,non_christian,0.03240052858210376,-4.143933433438198,non_christian,non_christian
698,MQDQ-80,non_christian,2,0.1376507026809013,-0.5532669766169532,non_christian,non_christian,0.16415904534289025,-1.6401308607097445,christian,non_christian,0.01658009708442149,-0.7429633140231466,non_christian,non_christian,0.07725076233844852,-3.7017955780029297,non_christian,non_christian,0.07632544619027874,-2.7253895130965615,non_christian,non_christian
699,MQDQ-86,non_christian,1,0.09515021955863198,0.3069931765203936,non_christian,non_christian,0.113551241690594,-1.8263716044161193,non_christian,non_christian,0.012627354715165205,-0.6850767366772312,non_christian,non_christian,0.041433534243065506,-2.9059150218963623,non_christian,non_christian,0.015291738299828899,-6.047979256032609,non_christian,non_christian
701,MQDQ-347,non_christian,1,0.018125193390068305,-14.268690177510507,non_christian,non_christian,0.3675934379933693,-1.1450752735066658,christian,non_christian,0.5807449924831279,-0.26716845809494794,christian,christian,0.574059735891052,0.42288896441459656,christian,christian,0.49880611458653507,-0.5094856518219827,christian,christian
702,MQDQ-623,christian,2,0.7821669525708039,34.53957599234088,christian,christian,0.8716756491127842,0.5484032190264544,christian,christian,0.9909829585700712,0.22877245225299425,christian,christian,0.9115782168636316,3.9633655548095703,christian,christian,0.9651082737213637,3.6280455339223057,christian,christian
703,MQDQ-622,christian,2,0.7821669525708039,34.53957599234088,christian,christian,0.9587743047733319,1.308539369326682,christian,christian,0.9998332794831692,0.6712934469824071,christian,christian,0.9692456093765782,5.74284029006958,christian,christian,0.9928161598512437,5.38622526348597,christian,christian
705,IT-LAT0917,non_christian,1,0.8622272112531552,34.53957599234088,christian,christian,0.0089019369815185,-3.0235280768122625,non_christian,non_christian,0.10522322507502052,-0.48716706322162207,non_christian,non_christian,0.012365869659400917,-4.104963779449463,non_christian,non_christian,0.01979408527409464,-5.698312611535898,non_christian,non_christian
709,MQDQ-348,non_christian,2,0.1500523920431825,0.582395144302346,non_christian,non_christian,0.008978786700122907,-3.5401157961756615,non_christian,non_christian,0.01600864731069238,-0.7469083715476084,non_christian,non_christian,0.030715767421676952,-5.248856067657471,non_christian,non_christian,0.010130404623493627,-5.0081175789512775,non_christian,non_christian
711,MQDQ-415,christian,5,0.8351232597009624,34.53957599234088,christian,christian,0.7957575926118058,-0.5423952417600212,christian,christian,0.9903966960848792,0.34950275005823694,christian,christian,0.9720770023906433,5.405290126800537,christian,christian,0.7873199106890747,1.4739390452839265,christian,christian
712,MQDQ-416,christian,5,0.8351232597009624,34.53957599234088,christian,christian,0.9514467181682109,0.07871690659036983,christian,christian,0.9855361540803267,0.2953375888940156,christian,christian,0.764207747347942,1.794956922531128,christian,christian,0.718845555798079,1.0555207116717664,christian,christian
713,MQDQ-618,christian,4,0.36965002938537117,8.999758262181807,christian,christian,0.999703140902793,4.051299275667664,christian,christian,0.9907571578557027,0.16680646847113234,christian,christian,0.1445760568738164,-2.0993010997772217,non_christian,non_christian,0.7120783286063935,0.8971131032204278,christian,christian
723,MQDQ-183,christian,3,0.9401724631421181,34.53957599234088,christian,christian,0.984500565814703,0.7195529514507167,christian,christian,0.9991808316728653,0.392022608811746,christian,christian,0.9796800616472902,4.929443836212158,christian,christian,0.9891689260261495,4.400987568455024,christian,christian
725,IT-LAT0252,non_christian,3,0.2138449530499496,2.149781161268039,non_christian,non_christian,0.4362744487476147,-1.11646222659766,christian,christian,0.158889404915066,-0.4874471095716728,non_christian,non_christian,0.3368869639572549,-1.0379385948181152,christian,non_christian,0.5429512955130511,-0.17756382970765855,christian,christian
726,MQDQ-42,non_christian,4,0.00563928538494361,-34.538776394910684,non_christian,non_christian,0.12904964009305656,-1.9071526613813483,non_christian,non_christian,0.12284739307236064,-0.5072632661737448,non_christian,non_christian,0.426081401568201,-0.09604182839393616,christian,christian,0.33196787657259763,-0.9833123033280331,christian,christian
730,MQDQ-352,christian,4,0.7905605414877969,26.47689810700493,christian,christian,0.8075423746749537,0.07883527826317563,christian,christian,0.2531130526877551,-0.4175619583863491,non_christian,non_christian,0.006309857251931866,-6.541212558746338,non_christian,non_christian,0.020381236548473534,-4.701576614943409,non_christian,non_christian
733,IT-LAT0990_6,christian,4,0.899104191800488,34.53957599234088,christian,christian,0.7589543625126685,-0.09173547371161735,christian,christian,0.9972388270097925,0.2901134319228522,christian,christian,0.9953034026910312,7.557379722595215,christian,christian,0.9717750458013528,3.9828275749058486,christian,christian
737,MQDQ-210,christian,1,0.10924110865750065,1.5954254147936804,non_christian,non_christian,0.003930824042925154,-3.3940045005746695,non_christian,non_christian,0.0028673494921092626,-0.8181927059069055,non_christian,non_christian,0.005424797570720426,-4.909117221832275,non_christian,non_christian,0.0022462278004347427,-8.618988137532627,non_christian,non_christian
738,IT-LAT0482,christian,3,0.9401724631421181,34.53957599234088,christian,christian,0.9994780137364779,2.138343042528047,christian,christian,0.9999601619827294,0.6951982130431114,christian,christian,0.9746495725901673,4.632778644561768,christian,christian,0.9953252018828942,5.293494536764514,christian,christian
739,IT-LAT0990,christian,3,0.9401724631421181,34.53957599234088,christian,christian,0.9999820535985695,3.5424452777054944,christian,christian,0.9999874080459427,0.810663260712206,christian,christian,0.9996906155467058,10.440927505493164,christian,christian,0.9988625218094553,6.7875335929840706,christian,christian
740,MQDQ-43,non_christian,3,0.04754820067049112,-11.387362242407562,non_christian,non_christian,0.19438491134083452,-1.6019434721889718,christian,non_christian,0.44989484401149277,-0.3405413641358861,christian,non_christian,0.9848473769361192,5.32093620300293,christian,christian,0.9606642933967802,3.0102469181130127,christian,christian
741,MQDQ-44,non_christian,1,0.8622272112531552,34.53957599234088,christian,christian,0.8348856352126731,-0.17061472376759412,christian,christian,0.9691629774983433,0.011306953752439397,christian,christian,0.7239362188040223,1.0670503377914429,christian,christian,0.5336728710679957,-0.3235432625147622,christian,christian
745,IT-LAT0011,christian,5,0.8351232597009624,34.53957599234088,christian,christian,0.9981440394036294,1.352280136348988,christian,christian,0.9994556471127033,0.7257990548085892,christian,christian,0.990516828953839,7.076140403747559,christian,christian,0.9743773077451408,4.107515338028292,christian,christian
747,MQDQ-523,christian,4,0.899104191800488,34.53957599234088,christian,christian,0.9763296105286489,1.4363581498000917,christian,christian,0.998022465911799,0.32407805792761457,christian,christian,0.9877962050771563,6.25455379486084,christian,christian,0.9801635060347393,4.406156160388283,christian,christian
755,IT-LAT0990_4,christian,3,0.9401724631421181,34.53957599234088,christian,christian,0.9360170140346595,0.10792049273431364,christian,christian,0.9854765291606943,0.1024011145702105,christian,christian,0.9404215038342366,3.4659295082092285,christian,christian,0.9690071548328058,3.2707150036690584,christian,christian
756,IT-LAT0990_5,christian,3,0.9401724631421181,34.53957599234088,christian,christian,0.9855467038758051,0.7491045791646521,christian,christian,0.9931410828868495,0.17838568470858096,christian,christian,0.4363573902660772,-0.48582038283348083,christian,christian,0.5173272007373869,-0.2860571174741629,christian,christian
760,IT-LAT0435,christian,5,0.8351232597009624,34.53957599234088,christian,christian,0.9867157726076233,0.59106962222599,christian,christian,0.9976091907329481,0.5321681037117462,christian,christian,0.9870476583342084,6.59670877456665,christian,christian,0.9787760639103097,4.325544403829122,christian,christian
764,IT-LAT0783,christian,1,0.8622272112531552,34.53957599234088,christian,christian,0.9988283001752262,2.1391541258119533,christian,christian,0.9999998928069652,1.1353222282635302,christian,christian,0.9668844975785632,3.399301767349243,christian,christian,0.9623188132200403,3.810485868663174,christian,christian
765,MQDQ-619,christian,4,0.899104191800488,34.53957599234088,christian,christian,0.9984842449780081,3.082137306628594,christian,christian,0.998731322906024,0.3692084469531671,christian,christian,0.9920693116935095,6.843813896179199,christian,christian,0.9936980494206017,5.765832108241906,christian,christian
769,IT-LAT0978,christian,5,0.8351232597009624,34.53957599234088,christian,christian,0.9293405993850415,-0.07459399465322428,christian,christian,0.9467916733286571,0.11986810425292505,christian,christian,0.5651170875865813,0.405122309923172,christian,christian,0.5769350344968642,0.3449295954496549,christian,christian
770,MQDQ-182,christian,3,0.002740747088667918,-34.538776394910684,non_christian,non_christian,0.20549468558622253,-1.5730070001602952,christian,non_christian,0.10751370424955257,-0.5325466106378361,non_christian,non_christian,0.01197767961090349,-5.934008598327637,non_christian,non_christian,0.007068854693334343,-5.5732713767309505,non_christian,non_christian
772,MQDQ-215,non_christian,2,0.11441695081348126,-2.936794631419616,non_christian,non_christian,0.08441213127481291,-2.10721249844328,non_christian,non_christian,0.20182509658436493,-0.44334524614582543,christian,christian,0.2374266298591591,-1.6101406812667847,christian,non_christian,0.34825368722899297,-0.6853403554190831,christian,christian
773,MQDQ-95,christian,3,0.9401724631421181,34.53957599234088,christian,christian,0.9986977288363716,1.7571940245080375,christian,christian,0.9791284985581251,0.06540137466216411,christian,christian,0.9942989085922871,6.61468505859375,christian,christian,0.9883828601842817,4.326273649475544,christian,christian
776,MQDQ-188,christian,2,0.7777871874739027,34.2518939198891,christian,christian,0.1152638066609499,-1.8936439501732247,christian,non_christian,0.6641902676106045,-0.21575269152635956,christian,christian,0.044869505975252764,-4.621910572052002,non_christian,non_christian,0.04396227199902174,-3.365954654396755,non_christian,non_christian
