term,n_models,christian_votes,non_christian_votes,mean_z,median_z,mean_abs_z,mean_abs_contrib,mean_rank_abs,mean_present_rate,mean_n_present,mean_n_present_ch,mean_n_present_nc,agreement_prop,all_agree,direction
laurus,5,0,5,-6.603357116481013,-4.019543811034849,6.603357116481013,1.110469608060821,408.2,0.1270718232044199,46,4,42,1,TRUE,non_christian
romanus,5,0,5,-3.350564550381036,-1.9090756550559085,3.350564550381036,2.420029117624986,153.8,0.3756906077348066,136,26,110,1,TRUE,non_christian
fatum,5,0,5,-2.9176432247915494,-2.2473452673878045,2.9176432247915494,2.3031893330214426,129.6,0.2955801104972376,107,14,93,1,TRUE,non_christian
angustus,5,0,5,-0.6793348110911364,-0.4825492535495491,0.6793348110911364,0.62250407202583,891.8,0.1878453038674033,68,14,54,1,TRUE,non_christian
