model,auc,log_loss,brier,threshold_policy_youden,accuracy_youden,balanced_accuracy_youden,precision_youden,recall_youden,specificity_youden,f1_youden,mcc_youden,tp_youden,tn_youden,fp_youden,fn_youden,threshold_policy_f1,accuracy_f1,balanced_accuracy_f1,precision_f1,recall_f1,specificity_f1,f1_f1,mcc_f1,tp_f1,tn_f1,fp_f1,fn_f1
naive_bayes,0.9559946632315074,0.18121005875446825,0.04380591526375835,nested_outer_train_only,0.9419889502762431,0.9343025395656974,0.8235294117647058,0.9210526315789473,0.9475524475524476,0.8695652173913043,0.8345701165404942,70,271,15,6,nested_outer_train_only,0.9447513812154696,0.9263894000736106,0.85,0.8947368421052632,0.958041958041958,0.8717948717948718,0.8370601374680213,68,274,12,8
elastic_net,0.9678643724696341,0.1542093132059377,0.04046491226544569,nested_outer_train_only,0.914364640883978,0.9119893264630107,0.7419354838709677,0.9078947368421053,0.916083916083916,0.8165680473372782,0.7680476397176975,69,262,24,7,nested_outer_train_only,0.9502762430939227,0.9057324254692676,0.9264705882352942,0.8289473684210527,0.9825174825174825,0.875,0.8461189153601675,63,281,5,13
svm_platt,0.9378450496871529,0.36860448895611136,0.1100621274189032,nested_outer_train_only,0.9475138121546961,0.9426297386823703,0.8352941176470589,0.9342105263157895,0.951048951048951,0.8819875776397516,0.8505719376309422,71,272,14,5,nested_outer_train_only,0.9558011049723757,0.9478744939271255,0.8658536585365854,0.9342105263157895,0.9615384615384616,0.8987341772151899,0.8715457650770796,71,275,11,5
xgboost,0.9434118513065882,0.18236870141025244,0.04690923214152572,nested_outer_train_only,0.930939226519337,0.903156054471844,0.8227848101265823,0.8552631578947368,0.951048951048951,0.8387096774193549,0.7950349691106853,65,272,14,11,nested_outer_train_only,0.9392265193370166,0.8987394184762606,0.875,0.8289473684210527,0.9685314685314685,0.8513513513513513,0.8136614351324457,63,277,9,13
lightgbm,0.9327383143172612,0.2112300664542916,0.05387998515889945,nested_outer_train_only,0.914364640883978,0.8781744571218255,0.7848101265822784,0.8157894736842105,0.9405594405594405,0.7999999999999999,0.7457705632876678,62,269,17,14,nested_outer_train_only,0.9337016574585635,0.8807508281192491,0.8823529411764706,0.7894736842105263,0.972027972027972,0.8333333333333333,0.7940220142329908,60,278,8,16
