model,auc,log_loss,brier,threshold_policy_youden,accuracy_youden,balanced_accuracy_youden,precision_youden,recall_youden,specificity_youden,f1_youden,mcc_youden,tp_youden,tn_youden,fp_youden,fn_youden,threshold_policy_f1,accuracy_f1,balanced_accuracy_f1,precision_f1,recall_f1,specificity_f1,f1_f1,mcc_f1,tp_f1,tn_f1,fp_f1,fn_f1
ridge,0.9810452705189502,0.183062237269052,0.05064461453114058,nested_outer_train_only,0.9419889502762431,0.943963930806036,0.8089887640449438,0.9473684210526315,0.9405594405594405,0.8727272727272727,0.8398295846708116,72,269,17,4,nested_outer_train_only,0.9530386740331491,0.9219727640780273,0.9041095890410958,0.868421052631579,0.9755244755244755,0.8859060402684564,0.8566311792270912,66,279,7,10
