model,auc,log_loss,brier,threshold_youden,accuracy_youden,precision_youden,recall_youden,f1_youden,threshold_f1,accuracy_f1,precision_f1,recall_f1,f1_f1
bert,0.7711314194282901,0.5820567076262334,0.19831234319156074,0.4244026663725974,0.7197802197802198,0.7837837837837838,0.7004830917874396,0.7397959183673469,0.23282954627547967,0.6675824175824175,0.6493055555555556,0.9033816425120773,0.7555555555555556
