row_id,id,manual_label,nb_score,nb_prob,score_enet_logit,prob_enet,svm_score,svm_prob,xgb_score,xgb_prob,lgb_score,lgb_prob
1,IT-LAT0261,NA,-0.6075234432919244,0.1246058338537505,-3.69280627535157,0.0038432832926198696,-0.866563537285516,0.7003645130347691,-5.420415878295898,0.01124915711962568,-6.488790834996205,0.0025629583350872307
2,IT-LAT0285,NA,-34.538776394910684,0.003913247137462153,-3.4301067131824303,0.006850323182050713,-0.6561477356703229,0.7954218655984168,-6.3221659660339355,0.005283216479080417,-5.842857835299371,0.004793660694723386
3,IT-LAT0262,NA,-21.46066816895683,0.01543146755727281,-3.69280627535157,0.0038432832926198696,-0.9032701439113553,0.681410114303277,-6.291481971740723,0.005421200934520773,-6.766134618381469,0.001958081550387467
4,MQDQ-288,non_christian,-0.39445654036946115,0.12708564455715077,-3.69280627535157,0.0038432832926198696,-0.9973471140110667,0.6301209055914206,-6.052925109863281,0.006623566840462792,-6.720593175611547,0.0020465997149183477
5,IT-LAT1006,NA,-3.988589331332804,0.09052530548473,-3.69280627535157,0.0038432832926198696,-0.8914635563420574,0.6875765749108352,-6.052925109863281,0.006623566840462792,-6.720593175611547,0.0020465997149183477
6,MQDQ-168,NA,-5.039422027807518,0.08177908318416692,-3.69280627535157,0.0038432832926198696,-0.9995971485975472,0.6288517244135228,-6.055974006652832,0.006606641533104881,-6.753148013728898,0.0019829265687049263
7,MQDQ-169,NA,-0.6146391006373475,0.1245237377447495,-2.4907913689654175,0.05219433620179905,-0.6731078253754577,0.788666292628941,-3.0960278511047363,0.07498167638521926,-4.252490154115265,0.02212815956464758
8,MQDQ-167,NA,-27.096242470621632,0.008560137331990979,-3.69280627535157,0.0038432832926198696,-0.8335610890563128,0.7168419809585804,-6.500832557678223,0.004546432548230621,-5.597155994557787,0.006080108086071417
9,MQDQ-228,NA,-34.538776394910684,0.003913247137462153,-3.141301118668109,0.01289601706139707,-0.9113088568582217,0.6771747382693437,-5.452226638793945,0.010954153058961516,-4.354015639904125,0.020088932045332828
10,MQDQ-229,non_christian,-2.4549422754542434,0.10480154514843372,-3.69280627535157,0.0038432832926198696,-0.9945687542345057,0.631685620332863,-4.710507392883301,0.020303731453201645,-5.350865837302576,0.007713497052075957
11,MQDQ-227,NA,-6.528775383671444,0.07069967195503356,-3.671453381676889,0.004028385645217168,-0.887917230309198,0.6894160196170307,-5.178966045379639,0.013759388553699431,-5.335372067153675,0.007829722288876068
12,MQDQ-226,NA,-34.538776394910684,0.003913247137462153,-3.1294903197505812,0.013232795940956254,-1.0398571469701081,0.6058558703379748,-6.645983695983887,0.004023885414979402,-6.444426603224148,0.0026756897618965317
13,MQDQ-237,non_christian,-0.12422882244344902,0.1302912611343812,-3.69280627535157,0.0038432832926198696,-0.9914186973049437,0.6334563191407306,-5.725421905517578,0.008716265622115284,-5.975776834374508,0.004214668020196398
14,MQDQ-323,non_christian,-34.538776394910684,0.003913247137462153,-3.0932270441789678,0.014321967447394465,-1.014195941670983,0.6205743649297257,-8.098474502563477,0.0011830214978389968,-6.21128935811919,0.003354574299356258
15,MQDQ-321,NA,-34.538776394910684,0.003913247137462153,-3.242570525250442,0.010335039169073038,-0.8224373953082662,0.7222706497471263,-7.131152153015137,0.0026744530442806037,-5.743319772171869,0.005278483604590167
16,IT-LAT0380,NA,-10.744179151557347,0.04644255845226177,-3.7061166945335327,0.003732211337214426,-0.9111399452830895,0.6772640360033214,-6.537843704223633,0.004407099775210721,-6.442957516889372,0.0026795061885847293
17,IT-LAT0952,NA,-34.538776394910684,0.003913247137462153,-3.595263615543137,0.004764199735554963,-0.8203239515960397,0.7232947973869349,-8.035574913024902,0.001247501873053693,-6.8339419924713996,0.0018333160872063116
18,MQDQ-306,NA,-34.538776394910684,0.003913247137462153,-2.90703165765037,0.021462718298335032,-0.8715721552932526,0.6978163364695544,-7.2559614181518555,0.0024074716770164694,-4.4198149032456975,0.01886682553157687
19,MQDQ-307,NA,-34.538776394910684,0.003913247137462153,-2.919317437541536,0.0208994196348313,-0.8506873364049624,0.7083596675688916,-7.3526811599731445,0.0022190070275608016,-5.625546521524687,0.00591546128438294
20,MQDQ-308,NA,-34.538776394910684,0.003913247137462153,-3.0377480345966936,0.016161392537052288,-0.8545034013862822,0.7064493998853899,-6.406362056732178,0.00492227750531889,-5.639870993812748,0.0058340785237802634
21,MQDQ-309,non_christian,-34.538776394910684,0.003913247137462153,-3.2540039649977524,0.01007958039775387,-0.9921454700927063,0.6330481059382278,-8.088319778442383,0.0011932014609860677,-6.157452192980341,0.003534309466544424
22,MQDQ-310,non_christian,-34.538776394910684,0.003913247137462153,-2.502122950178389,0.050968380463653457,-0.9920728097189346,0.633088926363452,-6.094862937927246,0.006394489928567858,-4.360788263176718,0.019959644534358677
23,MQDQ-311,non_christian,-34.538776394910684,0.003913247137462153,-3.120719903581463,0.013488479951442886,-1.005542698558443,0.6254894756153363,-9.533339500427246,3.523143092943485e-4,-6.7047345457898855,0.0020783522266435823
24,MQDQ-312,non_christian,-34.538776394910684,0.003913247137462153,-3.087179983444086,0.014511994963006283,-0.9935517615417837,0.6322576793580734,-7.117208957672119,0.0027060554800740193,-4.635952896349935,0.015344048239973956
25,MQDQ-313,NA,-34.538776394910684,0.003913247137462153,-3.495837832132825,0.005928971446224312,-0.9687705980635409,0.6460788799008189,-5.625770092010498,0.009474545453318148,-4.006335828215682,0.027947940417229814
26,MQDQ-314,NA,-34.538776394910684,0.003913247137462153,-3.4294044686636687,0.006860897627666694,-1.0493629537242015,0.6003529075134775,-7.387575626373291,0.0021546889615663167,-5.06598038156148,0.01015180220016465
27,MQDQ-327,non_christian,-34.538776394910684,0.003913247137462153,-3.4460839921411712,0.006614062069320208,-1.0007162806186027,0.6282197893523316,-7.8540472984313965,0.001453952748027878,-6.126539967854106,0.003641813667158639
28,MQDQ-315,non_christian,-34.538776394910684,0.003913247137462153,-3.224192538369442,0.010759149445220972,-0.9974443862000296,0.6300660741250985,-7.846999168395996,0.0014626228042336935,-6.005587634136183,0.0040946900069992725
29,MQDQ-316,non_christian,-34.538776394910684,0.003913247137462153,-3.218387385419131,0.010896659666485996,-1.095424093685489,0.5733512339154406,-7.395859241485596,0.002139695724092979,-5.946214710947924,0.0043371013956833085
30,MQDQ-317,non_christian,-34.538776394910684,0.003913247137462153,-3.0544238423033816,0.015585328657007045,-1.025115047833095,0.6143368511538442,-8.159360885620117,0.0011237776586827662,-6.130640050357394,0.0036273694166265064
31,MQDQ-318,non_christian,-34.538776394910684,0.003913247137462153,-3.2240959379547736,0.010761423574658499,-1.0197332660049387,0.6174160167876408,-7.344971179962158,0.002233474603857788,-4.553309169884707,0.01660727252774077
32,MQDQ-319,non_christian,-34.538776394910684,0.003913247137462153,-3.2104397590817944,0.011087742564049654,-1.0407161499274606,0.6053596682262901,-7.824014186859131,0.0014912574223328895,-6.507480830571817,0.0025168963266502327
33,MQDQ-322,NA,-34.538776394910684,0.003913247137462153,-2.8744676347371874,0.02302856089169043,-0.9021809839196959,0.68198168336395,-6.498000621795654,0.004557272563052339,-5.570738095786664,0.006237402575767479
34,MQDQ-324,NA,-34.538776394910684,0.003913247137462153,-3.102171221469964,0.014045386360235501,-0.9188633272823463,0.6731678015353848,-7.283957004547119,0.0023513355009553215,-5.722243967782905,0.005387235247898839
35,MQDQ-325,NA,-34.538776394910684,0.003913247137462153,-3.141768911838667,0.012882853774489098,-0.9283983036888392,0.6680741361535257,-8.354126930236816,9.534516133534731e-4,-6.177745864015133,0.003465459072651853
36,MQDQ-326,NA,-34.538776394910684,0.003913247137462153,-3.4608955214067865,0.006402276782846199,-0.6982898991178543,0.7783371524153048,-5.408681392669678,0.011359951166967057,-3.2074267069195628,0.058862900437204664
37,IT-LAT0181,NA,-34.538776394910684,0.003913247137462153,-3.0919323271448174,0.014362446238325062,-0.9747394707790752,0.6427710911064942,-7.235261917114258,0.0024498358071909296,-5.716583795708244,0.005416819571280743
38,MQDQ-74,non_christian,-2.007566913140721,0.10932599182610607,-3.69280627535157,0.0038432832926198696,-0.9938937751564607,0.6320653379403238,-6.132874965667725,0.0061936665488032125,-6.564344378484411,0.0023817713242323714
39,MQDQ-73,non_christian,-4.054301703296744,0.08995453741027083,-2.771905402880614,0.028723562206817807,-0.9928745081691642,0.6326384285046078,-3.1665732860565186,0.07095148474373408,-3.325417779479727,0.05281691592911485
40,MQDQ-70,non_christian,-31.41248344635426,0.005439016924202476,-3.2359561118675684,0.01048574038563221,-0.9949157818970421,0.6314903321605315,-3.856132984161377,0.04090704148149032,-3.6668194101618528,0.03846506952161462
41,MQDQ-72,non_christian,-34.538776394910684,0.003913247137462153,-2.97866325057431,0.018375989420800945,-0.9936446655797249,0.6322054361997278,-5.225981712341309,0.01323069843814421,-4.825471316848777,0.012793647297937501
42,MQDQ-71,NA,-34.538776394910684,0.003913247137462153,-2.8007699361329124,0.026995178101873303,-0.8922243671226673,0.6871811761345548,-6.7228803634643555,0.0037717567415373626,-6.166680559648947,0.0035028329803608537
43,MQDQ-67,NA,-34.538776394910684,0.003913247137462153,-1.9909435166779832,0.1426195426245008,-1.0770170686224882,0.5842037825569006,-7.288857936859131,0.0023416434370647195,-4.403118309307524,0.019169852357337726
44,MQDQ-68,non_christian,-10.859897921754907,0.04590336485470552,-3.69280627535157,0.0038432832926198696,-0.9976605326938401,0.6299442222613811,-5.846292018890381,0.007876861632591811,-6.1018856192606545,0.0037298852022613033
45,MQDQ-69,NA,-34.538776394910684,0.003913247137462153,-2.9531347043150094,0.019422605032906753,-0.8184998636876211,0.7241768496730849,-4.107619285583496,0.033338530974564205,-2.6678589589403785,0.09561027803402396
46,MQDQ-484,NA,-34.538776394910684,0.003913247137462153,-3.4614147192352633,0.006394976451292868,-0.990291462104608,0.6340890848075731,-7.708006381988525,0.0016445492881196025,-6.299079476451417,0.003080821460683258
47,MQDQ-485,NA,-23.57019186993955,0.012382837716931732,-3.578557815491412,0.004942628058893088,-0.7966607600677461,0.7346010450939703,-4.774201393127441,0.019260606823919304,-4.637013468504253,0.015328467923627982
48,MQDQ-629,NA,-34.538776394910684,0.003913247137462153,-3.1218517192608677,0.013455212242167404,-0.9387749254992139,0.6624858483815872,-8.850135803222656,6.272846227795033e-4,-6.999757070981431,0.0015606348789838477
49,MQDQ-488,non_christian,-34.538776394910684,0.003913247137462153,-3.2356378540768143,0.010493046065864696,-0.9988729757643648,0.6292604050192019,-6.794454097747803,0.003551246472538121,-5.214897533478576,0.008794732517893249
50,MQDQ-487,non_christian,-34.538776394910684,0.003913247137462153,-3.4492483728498677,0.006568238696921613,-0.9985640898626227,0.629434665822978,-9.390710830688477,3.974095598535906e-4,-7.165522034712448,0.0013285220502509997
51,MQDQ-486,NA,-34.538776394910684,0.003913247137462153,-3.3504510722638567,0.008159192423988796,-0.983998931615604,0.6376128055388351,-7.975315570831299,0.0013125651423422,-6.5110156438362985,0.0025082779921818126
52,MQDQ-489,non_christian,-34.538776394910684,0.003913247137462153,-3.235464056359799,0.010497037757892737,-0.9957898780188699,0.6309982477965626,-8.159171104431152,0.0011239576368409813,-6.464037957017042,0.0026252591487878115
53,IT-LAT0405,non_christian,-34.538776394910684,0.003913247137462153,-2.8833416351094683,0.02259112079656194,-0.9958732176189455,0.6309513163799298,-6.766169548034668,0.0036368095595257443,-5.832421058726614,0.004842341848697904
54,MQDQ-483,NA,-34.538776394910684,0.003913247137462153,-3.130688913543092,0.013198226776801946,-0.8407480384835351,0.7133006208916876,-5.47412109375,0.01075556814017201,-4.255938955435219,0.022055677926435098
55,IT-LAT0988,NA,-6.381713381987765,0.07172878728432948,-3.69280627535157,0.0038432832926198696,-0.7992862507948925,0.733361245722962,-4.6057305335998535,0.022141197210062327,-5.553511757995627,0.006342141080709888
56,MQDQ-164,NA,-1.444726893127694,0.11526080371538663,-3.69280627535157,0.0038432832926198696,-0.87754916357827,0.6947594716271406,-6.052925109863281,0.006623566840462792,-6.720593175611547,0.0020465997149183477
57,MQDQ-474,non_christian,-0.34010947559412585,0.12772488393636647,-3.69280627535157,0.0038432832926198696,-0.9964828423545589,0.6306079402710262,-6.069962501525879,0.00652953645111845,-6.673432665210169,0.002142475538422043
58,MQDQ-503,non_christian,-8.840468641080747,0.056222699688369876,-3.69280627535157,0.0038432832926198696,-0.9993517324104102,0.6289902435854201,-7.730223655700684,0.001614020693996316,-7.112669844824434,0.0013985167576785168
59,MQDQ-502,non_christian,-34.538776394910684,0.003913247137462153,-3.230252465023273,0.010617435248735253,-0.9999498410315205,0.6286526186830421,-5.3826584815979,0.01160951584748488,-4.472316046034178,0.0179442771769561
60,MQDQ-329,non_christian,-8.482618079153184,0.05826574191301518,-3.69280627535157,0.0038432832926198696,-1.0531556837682265,0.5981501011685572,-5.913288593292236,0.007446664401986417,-6.720593175611547,0.0020465997149183477
61,MQDQ-175,non_christian,-2.0273311456866594,0.10912254279591903,-3.69280627535157,0.0038432832926198696,-0.9974873193651203,0.6300418720149733,-6.052925109863281,0.006623566840462792,-6.720593175611547,0.0020465997149183477
62,IT-LAT0236,NA,-34.538776394910684,0.003913247137462153,-3.6723466050925504,0.0040204674999001835,-1.1263427792317724,0.5549671624858734,-8.51574420928955,8.318736030741312e-4,-5.926502528833201,0.004420702033440931
63,MQDQ-271,NA,-0.7522748502639018,0.12294488983033096,-2.1394807018097444,0.10695686539903833,-0.7094299965434232,0.7736540198736659,-3.5213170051574707,0.05356317542927399,-2.8181388184158624,0.08369469333909506
64,MQDQ-270,NA,-34.538776394910684,0.003913247137462153,-2.7304561914706613,0.0313945397164332,-0.8919053473581848,0.687347006168773,-5.65158748626709,0.009272039540062305,-4.727078143327161,0.014060683263047307
65,IT-LAT0372,non_christian,-28.543096549776806,0.007354069975771163,-3.69280627535157,0.0038432832926198696,-0.9958970988293184,0.6309378675861381,-7.187491416931152,0.0025504640818638943,-6.580324192619035,0.0023451183185294946
66,MQDQ-507,NA,-34.538776394910684,0.003913247137462153,-2.8706363362406826,0.023219969578425374,-0.7350364305379034,0.762626068952625,-3.875528573989868,0.040269016999945464,-3.5819267933375625,0.04163865990595338
67,MQDQ-172,NA,-34.538776394910684,0.003913247137462153,-2.4891493143779555,0.05237428437852674,-0.8305305435128627,0.7183273203361701,-7.0852437019348145,0.0027799177472205565,-6.071587304634358,0.0038410295439415933
68,MQDQ-13,NA,-34.538776394910684,0.003913247137462153,-2.5479030825322555,0.04628773496753571,-0.88345433112086,0.6917223977172992,-4.707111835479736,0.020360868255045784,-4.9339491942347236,0.011527117787433821
69,MQDQ-139,non_christian,0.38250590500709325,0.13648776337568824,-3.69280627535157,0.0038432832926198696,-0.9911538034134797,0.633605056961082,-5.404636383056641,0.011398392584881456,-6.504706341454328,0.002523681577431665
70,MQDQ-342,NA,-31.54594660528892,0.00536316405792738,-2.771266192127658,0.028763028415251798,-0.8215514788174333,0.7227002374030735,-2.879610776901245,0.08868914527939761,-3.4976722642577025,0.045035115215731614
71,MQDQ-337,non_christian,-3.8442791635953775,0.09179021952852957,-3.69280627535157,0.0038432832926198696,-1.24842894443642,0.4813828023710021,-7.028185844421387,0.0029167937709701423,-7.080215329130197,0.0014433105780594373
72,IT-LAT0370,NA,-13.37038961920183,0.035576742181062604,-3.69280627535157,0.0038432832926198696,-0.8356682273929883,0.7158064364028611,-8.392889022827148,9.227646684148838e-4,-6.751277732608186,0.0019865304775862607
73,MQDQ-339,NA,-34.538776394910684,0.003913247137462153,-3.229437914262473,0.010636375937627217,-0.9253733233841311,0.6696944415892034,-4.916646957397461,0.017114291487566907,-5.579480343205911,0.006184907839653495
74,MQDQ-176,NA,-0.8274305200145308,0.12209004958418385,-3.286764316259554,0.009381717569841757,-0.7803433550122078,0.7422233783657881,-5.054452896118164,0.01526223866636383,-5.6447476066182185,0.005806627382991497
75,MQDQ-458,NA,2.5970405643301415,0.16652282419763909,1.2369736082157143,0.9952517984832887,-0.5220668299969831,0.8431950863321955,-3.012298822402954,0.08003748877924757,-3.0445325734857276,0.06828018679669938
76,MQDQ-334,NA,-6.213284205473826,0.07292439723462775,-2.909870909230595,0.021331234478649097,-0.6894984577514329,0.781983735479611,0.8748552799224854,0.698870196733333,-0.13459163546424185,0.5541398479793859
77,MQDQ-333,non_christian,-27.37368186734011,0.008314580135420994,-2.5153770225963727,0.049569012631668345,-0.9902084678185226,0.6341356548195723,-3.377969741821289,0.060044500504618674,-3.0717202653930045,0.06661667743438825
78,MQDQ-332,non_christian,-34.538776394910684,0.003913247137462153,-2.5729181048404093,0.04390585277135063,-0.9900247503697915,0.6342387340056508,-5.687137126922607,0.00900019601924006,-4.320287489436786,0.020745104793242968
79,IT-LAT0221,NA,-34.538776394910684,0.003913247137462153,-3.0905533861803796,0.014405682236952407,-0.7874390427962371,0.7389264069902176,-7.600527286529541,0.0018005739265052813,-6.307728682145227,0.003055086894874548
80,MQDQ-511,non_christian,8.694077383020215,0.2757976126476347,-3.69280627535157,0.0038432832926198696,-0.9898784849034664,0.6343207910464592,-6.112235069274902,0.006301919888684052,-7.089251295487736,0.0014306971261781817
81,IT-LAT0377,NA,-34.538776394910684,0.003913247137462153,-3.0555000974638604,0.015548851630567467,-0.9114909747748766,0.6770784443145728,-8.051041603088379,0.001231328179323494,-5.5869825098067,0.006140209646132829
82,IT-LAT0093,non_christian,-34.538776394910684,0.003913247137462153,-3.173921939537367,0.012009183095527577,-0.9959779133696365,0.6308923550638322,-7.89389181137085,0.0014058954808751363,-6.079543261406401,0.003811528950807813
83,IT-LAT0094,NA,-34.538776394910684,0.003913247137462153,-2.660743767295793,0.03643725440524128,-0.7717519032022251,0.7461788024359516,-6.058315753936768,0.006593670994011054,-4.4910360627588695,0.017626158442231758
84,MQDQ-493,non_christian,-23.413512492340487,0.012587210756750167,-3.69280627535157,0.0038432832926198696,-0.9960109495287768,0.6308737493387011,-7.595652103424072,0.0018079913047079875,-6.45023945064315,0.0026606420999978325
85,MQDQ-494,non_christian,-0.940784005436015,0.12081041983371554,-3.69280627535157,0.0038432832926198696,-0.9926614462267758,0.6327581768959721,-6.052925109863281,0.006623566840462792,-6.720593175611547,0.0020465997149183477
86,IT-LAT0122,NA,-34.538776394910684,0.003913247137462153,-2.66310906127801,0.036254036157547735,-0.7049028152735008,0.775565580331922,-5.836074352264404,0.007944603377974282,-5.460091729845912,0.006941329399181254
87,MQDQ-567,non_christian,-23.893538270911677,0.011971367389259989,-3.69280627535157,0.0038432832926198696,-0.9941568061244002,0.6319173861454537,-5.257586479187012,0.012886619923390715,-5.195729339066076,0.008958783840644016
88,MQDQ-635,non_christian,-3.296624520361661,0.09673615917578696,-3.231816090542238,0.010581169834380486,-0.9947766938595979,0.6315686084738066,-5.853886604309082,0.00782688210200393,-5.9706115977762195,0.004235809257827362
89,MQDQ-275,NA,-6.2471899637859565,0.07268224726490219,-3.69280627535157,0.0038432832926198696,-0.9081406312823128,0.6788475122061072,-6.052925109863281,0.006623566840462792,-6.655163935325482,0.002180808261850722
90,MQDQ-338,non_christian,-4.709785324260011,0.08443643924972608,-3.69280627535157,0.0038432832926198696,-0.9986083477649973,0.6294096993902031,-6.141635894775391,0.006148277267864686,-6.897421144524497,0.0017237168809949809
91,MQDQ-442,NA,-4.571687209853771,0.08557284026301154,-3.69280627535157,0.0038432832926198696,-0.9782306957921135,0.6408299985397468,-6.052925109863281,0.006623566840462792,-6.720593175611547,0.0020465997149183477
92,MQDQ-160,NA,-10.422955184667046,0.04797105089948361,-3.69280627535157,0.0038432832926198696,-0.8461998876477315,0.7105966362517663,-5.412944316864014,0.011319577510076834,-5.925967112099126,0.0044229950114119095
93,MQDQ-214,non_christian,-13.70513909975358,0.034381345469221516,-3.69280627535157,0.0038432832926198696,-0.9967756777744108,0.6304429512839979,-6.28403902053833,0.0054552081372014685,-6.167521380585435,0.0034999789973279164
94,MQDQ-238,non_christian,-34.538776394910684,0.003913247137462153,-3.121656382748341,0.013460948027508043,-0.9939535199234247,0.6320317343995902,-5.052297592163086,0.015289627311159648,-3.650270596327726,0.03906493888432576
95,IT-LAT0127,non_christian,-34.538776394910684,0.003913247137462153,-3.5252440904434224,0.005557723747285589,-0.9962023022605626,0.6307659732159141,-8.284626960754395,0.0010110480008711648,-6.5150270352683775,0.0024985333503265202
96,IT-LAT0922_11,non_christian,-34.538776394910684,0.003913247137462153,-3.184202483166652,0.011742385029033185,-0.997495589792245,0.6300372097681723,-6.863057613372803,0.003351956712032131,-5.34985548482828,0.0077210236756803385
97,MQDQ-521,non_christian,-29.608092021709012,0.006575566064575423,-3.69280627535157,0.0038432832926198696,-0.9918806551634682,0.6331968691332304,-5.626715183258057,0.009467055699749274,-5.782631896576399,0.005081434711745768
98,IT-LAT0124,NA,-34.538776394910684,0.003913247137462153,-3.1328911288401966,0.013134943819506226,-0.7947187654072578,0.7355157140198139,-6.883800029754639,0.003293925016931279,-6.241392342323853,0.0032580770603353984
99,IT-LAT0922_2,non_christian,-34.538776394910684,0.003913247137462153,-3.136525243741746,0.013031167797491963,-1.1344200853285213,0.5501374325177558,-7.406966209411621,0.0021197555049390165,-5.426556738585359,0.007169861830202934
100,IT-LAT0922,NA,-34.538776394910684,0.003913247137462153,-3.4462417042070537,0.006611770741276304,-1.1147169997444366,0.5619002451577368,-7.001636981964111,0.002982752666477325,-5.352431464298659,0.007701848288028612
101,IT-LAT0992,non_christian,-17.335982316447712,0.023674434184034494,-3.69280627535157,0.0038432832926198696,-0.9927076381041215,0.632732216808043,-7.924371242523193,0.0013702072438425653,-6.232490673013643,0.0032863202495911417
102,IT-LAT0125,NA,-34.538776394910684,0.003913247137462153,-3.183205903184628,0.01176798956437667,-0.9886472366312121,0.6350112296422374,-8.693440437316895,7.160024298793654e-4,-6.24448693970674,0.003248315310619874
103,IT-LAT0126,NA,-34.538776394910684,0.003913247137462153,-3.2412456927085542,0.010365051197802313,-1.0819661900785027,0.5812934008139021,-7.852874279022217,0.0014553921364117962,-6.538835869610919,0.002441468240938396
104,IT-LAT0922_5,NA,-34.538776394910684,0.003913247137462153,-3.274297234388083,0.009641465125598912,-1.024037180972842,0.6149542905891837,-8.962532043457031,5.704970140962497e-4,-6.252811874884479,0.003222199186148708
105,IT-LAT0922_10,NA,-34.538776394910684,0.003913247137462153,-3.39314797690646,0.007429445909637205,-1.1092410082225141,0.5651576893127177,-7.96824312210083,0.0013204202962000167,-6.091364500997529,0.0037681122669538255
106,IT-LAT0095,NA,-34.538776394910684,0.003913247137462153,-3.4320333247770307,0.0068213951775316995,-1.0580466244163076,0.5953036084684897,-7.917666435241699,0.001377979445190925,-6.20623353654223,0.0033710581939530347
107,IT-LAT0922_9,NA,-34.538776394910684,0.003913247137462153,-2.9080084392029115,0.021417395004315748,-1.0059808966511299,0.625241187208949,-5.679012298583984,0.00906162084284856,-4.4734366977714135,0.01792507575973617
108,IT-LAT0955,non_christian,-16.057723123380583,0.02701018146780799,-3.400239787740878,0.007314674263788706,-0.9956258899844802,0.6310905879044767,-6.469213962554932,0.0046689318869224065,-6.4508351145299985,0.00265910488622705
109,IT-LAT0956,NA,-34.538776394910684,0.003913247137462153,-2.597621744443753,0.041668677513311846,-0.877617383548494,0.6947244814325881,-6.246272087097168,0.00563106398691511,-2.8227169145369526,0.08335377796890629
110,IT-LAT0218,NA,-23.13093827011835,0.012964254130444832,-3.1129739833711967,0.01371834506680839,-0.630516168055,0.8053246708207149,-4.195334434509277,0.031031361468628164,-2.8053462006269365,0.08465404207175556
111,IT-LAT0128,non_christian,-34.538776394910684,0.003913247137462153,-2.941085884737727,0.019936667857772178,-1.018390018896803,0.6181830934796194,-8.565862655639648,7.974158436891893e-4,-6.320212433655467,0.0030183205757056105
112,IT-LAT0922_7,NA,-34.538776394910684,0.003913247137462153,-2.923114091129337,0.02072828923571633,-0.9887481176998666,0.6349546801004243,-4.155375003814697,0.03206259733551004,-4.048002109248304,0.026867593539519206
113,IT-LAT0922_8,NA,-34.538776394910684,0.003913247137462153,-3.1018737100489147,0.014054501093016685,-1.06226175761085,0.5928452696846026,-5.9552459716796875,0.007189208696364155,-5.239421903285718,0.008589175375802638
114,IT-LAT0133,non_christian,-34.538776394910684,0.003913247137462153,-3.1984554124446776,0.011382160942464841,-0.9988946299406573,0.6292481873548749,-8.343337059020996,9.621736415146029e-4,-7.0470797029746315,0.0014905227939216626
115,IT-LAT0134,non_christian,-34.538776394910684,0.003913247137462153,-3.2245321957727566,0.010751157135984289,-1.1050679251581905,0.5676363294829669,-7.08605432510376,0.0027780200193141123,-5.403072182359524,0.007334335082141652
116,IT-LAT0135,NA,-34.538776394910684,0.003913247137462153,-3.0130911663900006,0.017051727397820227,-0.9115476569941774,0.6770484708036968,-4.584342002868652,0.02253579274961801,-4.874307950542331,0.012207294407226872
117,IT-LAT0220,NA,-34.538776394910684,0.003913247137462153,-3.2618673046116546,0.009907526236189412,-0.9010823698009679,0.6825576588890647,-7.270349979400635,0.002378455015294876,-6.346603397201005,0.002942041264913986
118,IT-LAT0922_1,non_christian,-34.538776394910684,0.003913247137462153,-3.1233211159783227,0.013412142654539654,-0.992079965024389,0.6330849066146063,-6.390592575073242,0.004987959699144562,-5.310299124765958,0.008021496371269587
119,IT-LAT0922_13,NA,-34.538776394910684,0.003913247137462153,-3.306432486605029,0.008985963324073191,-1.0895432106411282,0.5768267382247391,-8.05815315246582,0.001223962003031939,-5.697421592989141,0.005518180261124055
120,MQDQ-174,NA,-34.538776394910684,0.003913247137462153,-1.6417875847782355,0.2647352370783053,-0.4242393624574649,0.8720035100396966,-5.399418830871582,0.01144816711318814,-3.86421851106473,0.03195925150232433
121,IT-LAT0137,non_christian,-34.538776394910684,0.003913247137462153,-2.941366445341878,0.01992454751633002,-0.993379104639054,0.6323547620668225,-7.877531051635742,0.001425433544201186,-6.251178331237684,0.0032273072123044045
122,IT-LAT0922_4,non_christian,-34.538776394910684,0.003913247137462153,-2.875749457506956,0.022964866627135976,-1.076206631479963,0.5846798150848921,-7.429192066192627,0.0020804087487170083,-5.921203215952065,0.004443449099997223
123,MQDQ-6,NA,-34.538776394910684,0.003913247137462153,-1.3047356434873354,0.43141775116692216,-0.9433785442510118,0.6599918622142742,-6.014760494232178,0.006839108880534873,-4.50159305117446,0.01744920733958597
124,MQDQ-7,non_christian,-1.437201328744706,0.11534202264977367,-3.69280627535157,0.0038432832926198696,-0.9952949432475735,0.6312769116294127,-6.054080009460449,0.006617150597386157,-6.764400480086125,0.0019613811174585484
125,IT-LAT0922_12,non_christian,-34.538776394910684,0.003913247137462153,-3.4272509874359964,0.006893426073468185,-0.9990497875070558,0.6291606399093993,-6.141762733459473,0.006147622565934126,-5.182155915063909,0.0090767826598853
126,IT-LAT0136,NA,-34.538776394910684,0.003913247137462153,-3.515990883905415,0.005671980298313685,-1.1256943740102814,0.5553544313032971,-8.543663024902344,8.12499134500217e-4,-6.339241730476138,0.002963123706125005
127,IT-LAT0217,NA,-34.538776394910684,0.003913247137462153,-3.254567824769061,0.010067145009449942,-0.7822051754835283,0.7413609294834537,-6.407796382904053,0.004916346198928551,-5.773190609884789,0.0051280801714294515
128,IT-LAT0119,non_christian,-34.538776394910684,0.003913247137462153,-2.8092442592629343,0.02650723257342083,-0.99718384219426,0.6302129329134468,-6.456733703613281,0.004718183269945511,-6.597187240675282,0.0023070495229788705
129,IT-LAT0096,non_christian,-34.538776394910684,0.003913247137462153,-2.7675623067060617,0.028992751920385786,-0.9905116900880391,0.633965497646545,-7.408128261566162,0.0021176800304189528,-6.106330698672661,0.0037138509334507827
130,IT-LAT0257,NA,-34.538776394910684,0.003913247137462153,-3.030632933220151,0.0164135110452564,-0.8022642178174038,0.7319505479751341,-6.152141571044922,0.00609428435652275,-5.227476829026383,0.008688694117883141
131,MQDQ-153,non_christian,-3.8962045524961866,0.09133326113674202,-3.69280627535157,0.0038432832926198696,-0.9953652547133267,0.6312373293966519,-6.318023681640625,0.005301638176274426,-6.7010546343104345,0.0020857902245476766
132,MQDQ-64,NA,-4.550344522406164,0.08574969995019295,-3.69280627535157,0.0038432832926198696,-0.9858591395980864,0.6365726367798035,-6.052925109863281,0.006623566840462792,-6.595036596180138,0.002311870149334949
133,IT-LAT0384,non_christian,3.3644287192635667,0.1780985009237314,-3.69280627535157,0.0038432832926198696,-0.9885796180452096,0.6350491315968928,-6.631269931793213,0.004074008545547025,-6.633214486340278,0.0022277702178462697
134,MQDQ-230,NA,-4.181371306275224,0.08886002157942659,-3.69280627535157,0.0038432832926198696,-1.077760987267121,0.5837666831388515,-6.109844207763672,0.0063145805008471,-6.808580101529314,0.0018790248473914263
135,MQDQ-328,NA,-9.633876583655336,0.051930934259093085,-3.69280627535157,0.0038432832926198696,-1.0350626848937374,0.6086213525730868,-6.020864486694336,0.006804173217301649,-6.2184183971884215,0.0033314673401134208
136,MQDQ-272,NA,-4.4943060517440045,0.08621564955194926,-3.69280627535157,0.0038432832926198696,-0.8619756783475447,0.7026877994369041,-6.577007293701172,0.0042642909896261705,-6.589585256369067,0.002324134285399789
137,MQDQ-633,non_christian,-1.1653770510468462,0.11830917832379308,-3.69280627535157,0.0038432832926198696,-0.9880611718592778,0.635339678349222,-6.796672821044922,0.0035446201173480393,-6.78330611389687,0.0019257066691069718
138,MQDQ-501,non_christian,-2.5887523238304695,0.10348075528781137,-3.69280627535157,0.0038432832926198696,-0.999595443908521,0.6288526866567041,-6.126517295837402,0.006226813201199216,-6.605026719622199,0.0022895622383472466
139,IT-LAT0254,non_christian,-34.538776394910684,0.003913247137462153,-3.316178718932472,0.008796029176996819,-0.9931043871508495,0.6325092099801265,-8.99926471710205,5.530755492769194e-4,-6.483066545038679,0.0025772334942748363
140,IT-LAT0047,non_christian,-34.538776394910684,0.003913247137462153,-3.2732667764050722,0.0096632503480805175,-1.2189411235037886,0.4992031885024662,-7.676308631896973,0.001689105533686381,-6.0108460594204365,0.004073882394224817
141,IT-LAT0138,NA,-34.538776394910684,0.003913247137462153,-2.9668435261075,0.018853509360424785,-0.8414847243861479,0.7129361264754314,-6.354710102081299,0.0051406831466067095,-5.479777287657532,0.006810562026413975
142,IT-LAT0139,NA,-34.538776394910684,0.003913247137462153,-3.5267556437681553,0.00553927813149302,-0.9411213333212476,0.6612158131689132,-8.788936614990234,6.605458232219612e-4,-6.728776984262704,0.00203040375135117
143,IT-LAT0922_3,non_christian,-34.538776394910684,0.003913247137462153,-3.6116004747368256,0.004595914255980901,-1.0854471047698189,0.5792430057994357,-7.180826187133789,0.002564828303462982,-5.61128665151064,0.005997597773502323
144,IT-LAT0922_6,NA,-34.538776394910684,0.003913247137462153,-3.2113120509595356,0.011066609427109308,-0.9494383581229999,0.6566954378977713,-7.417733192443848,0.002100602681840941,-5.831283987213339,0.004847675219033223
145,IT-LAT0535,non_christian,-34.538776394910684,0.003913247137462153,-3.3187629711322173,0.008746338297501582,-1.143658463787436,0.5446018962851299,-8.401607513427734,9.1599954440332e-4,-6.577456951091969,0.0023516532506985197
146,IT-LAT0922_15,NA,-34.538776394910684,0.003913247137462153,-2.4476463885627564,0.05712159275756188,-0.9455587836868,0.6588076165209614,-7.171880722045898,0.002584233555017366,-5.325179594279819,0.007907126013164139
147,IT-LAT0922_16,NA,-34.538776394910684,0.003913247137462153,-3.4082411007538544,0.0071872953779655874,-0.7635987220871849,0.7498952243675171,-6.932432651519775,0.0031617603735589837,-5.332309285264267,0.007852902339561664
148,IT-LAT0140,non_christian,-34.538776394910684,0.003913247137462153,-2.9775298829061296,0.01842125852690117,-1.0306769115157117,0.6111450109029744,-5.386985778808594,0.011567643812839378,-4.319543583067061,0.020759811283084146
149,IT-LAT0255,non_christian,-34.538776394910684,0.003913247137462153,-2.994899062394107,0.017739357486390425,-0.9873099989287198,0.6357604744781322,-8.178263664245605,0.0011059947674591374,-6.706600721385699,0.0020745903520517795
150,IT-LAT0320,non_christian,-34.538776394910684,0.003913247137462153,-2.3760269022010476,0.06627557425120927,-0.9838276413775551,0.6377085209627117,-5.750128746032715,0.008537765162294653,-4.00379965308888,0.02801504515503157
151,MQDQ-631,NA,-7.455459759071971,0.06452299895206796,-3.2954734264875545,0.009204390428534485,-0.7534188484673963,0.7544842828638882,-5.121384143829346,0.014435340369272553,-5.930518971512504,0.004403538894291062
152,MQDQ-12,NA,-2.8332009088188386,0.1011058845105294,-3.07097197056427,0.015033665369977538,-0.854690904590786,0.7063553501485351,-4.785137176513672,0.019086872459012798,-5.17114347698839,0.009173648372686275
153,IT-LAT0922_14,non_christian,-34.538776394910684,0.003913247137462153,-3.388867531968519,0.007499582418662456,-0.9913398083471019,0.6335006179215158,-7.570851802825928,0.0018461987406522594,-5.907763352265448,0.004501662976579435
154,IT-LAT0102,NA,-34.538776394910684,0.003913247137462153,-3.0611837152473407,0.015357608501100167,-1.0987818286871769,0.5713635915343386,-7.738266944885254,0.0016031085217709789,-6.6485333697867075,0.002194889600034574
155,IT-LAT0097,NA,-34.538776394910684,0.003913247137462153,-3.155814391045633,0.012493744608936416,-0.9309151754701888,0.6667229529169701,-9.459813117980957,3.7488308346033105e-4,-6.601059688725111,0.002298394780509873
156,IT-LAT0098,NA,-34.538776394910684,0.003913247137462153,-3.291796040433893,0.009278857410536183,-1.0317972351939368,0.6105009154909589,-6.0367536544799805,0.006714061931751278,-5.399500192327016,0.00735967740443159
157,IT-LAT0101,NA,-34.538776394910684,0.003913247137462153,-3.1650166185394393,0.01224512594296776,-1.0132420130877753,0.6211174396445608,-8.262518882751465,0.0010300884340603183,-5.4939461639412785,0.006717957964887504
158,IT-LAT0155,non_christian,-34.538776394910684,0.003913247137462153,-3.7714904823637894,0.0032314190464421623,-0.9950910652132899,0.6313916759158665,-8.88170051574707,6.107891941244688e-4,-6.823043203552415,0.0018528209652266129
159,MQDQ-11,NA,-34.538776394910684,0.003913247137462153,-2.755705459254199,0.029740171034509925,-0.9745159116954599,0.6428952294438752,-6.4623517990112305,0.004695948668611275,-3.5225483891784686,0.044005740002711236
160,MQDQ-156,non_christian,-34.538776394910684,0.003913247137462153,-3.4529343960212286,0.006515258935164948,-1.0096738251129065,0.6231461212416186,-9.602655410766602,3.3228317938279584e-4,-7.134971977303683,0.0013685427108114919
161,IT-LAT0240,non_christian,-34.538776394910684,0.003913247137462153,-3.330477559935689,0.008524553210399362,-1.1152105809638702,0.5616063671391556,-9.04880142211914,5.3042046596459e-4,-6.819251626649478,0.001859654963430332
162,IT-LAT0075,NA,-34.538776394910684,0.003913247137462153,-3.02586803920308,0.016584509794000186,-1.0609329162072272,0.5936207812126519,-7.473848342895508,0.002003542795145551,-5.949592198130061,0.004322936047795079
163,MQDQ-47,non_christian,0.9243270522953606,0.14338588097454452,-3.69280627535157,0.0038432832926198696,-0.99701258664577,0.6303094500562607,-6.052925109863281,0.006623566840462792,-6.720593175611547,0.0020465997149183477
164,IT-LAT0029,non_christian,-34.538776394910684,0.003913247137462153,-3.0865472960571427,0.014532020008334994,-1.0056000905578808,0.6254569603608999,-7.807462215423584,0.0015122238657626034,-5.950638005413978,0.004318559227482963
165,MQDQ-386,non_christian,-13.603457488789104,0.034740297062807235,-3.69280627535157,0.0038432832926198696,-0.9999697833190919,0.6286413593421479,-6.459213733673096,0.004708355226051291,-6.8015754482768545,0.0018918483311768902
166,MQDQ-387,NA,-34.538776394910684,0.003913247137462153,-3.033173329513981,0.016323053078749178,-0.8193284536268831,0.7237763942207694,-6.250227451324463,0.0056123852667626555,-5.396034864988708,0.007384346040009158
167,IT-LAT0241,NA,-34.538776394910684,0.003913247137462153,-3.2396014809877554,0.010402418220620942,-0.9522752919877793,0.6551469691431887,-7.775429725646973,0.0015536391503217263,-6.642333168277754,0.0022081390419360207
168,IT-LAT0242,NA,-34.538776394910684,0.003913247137462153,-3.2490138269998683,0.010190297888250266,-1.0119671411769462,0.6218427545467548,-8.378722190856934,9.33864058898312e-4,-6.480724358012413,0.0025830972471682315
169,MQDQ-162,NA,-0.826335908465353,0.12210246317822201,-3.2437529668973,0.010308325420557322,-0.8447929127710626,0.7112959076138504,-8.06459903717041,0.0012173233585959235,-7.2918990339881145,0.0011750136633743385
170,IT-LAT0029_2,NA,-34.538776394910684,0.003913247137462153,-2.7768281529116443,0.02842137724215563,-1.0004939465115874,0.6283453687005871,-7.758260250091553,0.0015763020396818575,-5.914883828040478,0.004470727167841127
171,MQDQ-538,NA,-34.538776394910684,0.003913247137462153,-3.119449707723226,0.013525911720179183,-1.04050515794645,0.605481567676479,-9.012321472167969,5.47011970944016e-4,-6.437762611226329,0.0026930452282970256
172,IT-LAT0056,NA,-34.538776394910684,0.003913247137462153,-2.6322901812711783,0.03871226429002566,-1.0309809041934002,0.6109702779794828,-8.017078399658203,0.0012671227167642487,-4.999384100553683,0.010823910776152338
173,MQDQ-520,NA,-29.03997383407841,0.006980081933642914,-3.683199105983184,0.003925492880562327,-0.8799943369902744,0.693503933934683,-4.834702014923096,0.01831852360829555,-5.590390935384575,0.006120008319632079
174,IT-LAT0029_3,non_christian,-34.538776394910684,0.003913247137462153,-3.082789466870175,0.01465152048120221,-1.0288093210445004,0.6122178611233965,-7.89957332611084,0.0013991733474424638,-5.378459152494062,0.0075107316343115465
175,MQDQ-137,non_christian,-15.261707789323424,0.02931391504513192,-3.69280627535157,0.0038432832926198696,-1.1567436005777179,0.5367428476405874,-6.290909767150879,0.005423807866535647,-6.797333523874941,0.0018996564886839234
176,MQDQ-132,NA,-34.538776394910684,0.003913247137462153,-2.7941223892117115,0.027384040716357975,-0.944816219460984,0.6592111803242587,-8.69722843170166,7.137165210781707e-4,-7.142434691364833,0.001358656771560943
177,MQDQ-88,NA,0.3173869521315141,0.13567779165378813,-3.69280627535157,0.0038432832926198696,-0.7436349070456567,0.7588410069338897,-6.464841365814209,0.004686129145175331,-6.532543578487563,0.0024564220000384274
178,MQDQ-126,non_christian,-34.538776394910684,0.003913247137462153,-3.252058807224705,0.010122595801319469,-1.0001873149804301,0.6285185327087884,-5.674139976501465,0.009098655319733036,-5.805630895457803,0.004969565377750233
179,MQDQ-133,non_christian,-34.538776394910684,0.003913247137462153,-2.5343052193501747,0.04763358969573934,-0.9902608682945826,0.6341062519931963,-8.394726753234863,9.213345394269245e-4,-5.704327615586431,0.005481434481006578
180,MQDQ-518,non_christian,-3.176737931431944,0.09785015512042379,-3.69280627535157,0.0038432832926198696,-0.9942728865667395,0.6318520843760892,-6.052925109863281,0.006623566840462792,-6.667339397021953,0.0021551855428482243
181,MQDQ-539,NA,-34.538776394910684,0.003913247137462153,-2.824229563789322,0.02566530998831244,-0.9486268907650038,0.6571377462704343,-7.156247138977051,0.0026184994762624503,-5.088679353634474,0.009932290949630638
182,MQDQ-522,non_christian,-1.0676066321225335,0.11939246828398543,-3.69280627535157,0.0038432832926198696,-0.9945130264752824,0.6317169768445003,-5.374082565307617,0.011692941668742827,-6.463603067648607,0.0026263671225043544
183,MQDQ-274,NA,-34.538776394910684,0.003913247137462153,-3.2859745556231537,0.00939796434621919,-1.0777430434031166,0.5837772278512637,-10.653153419494629,1.3683161542569583e-4,-7.377893932825691,0.0010808170093037624
184,MQDQ-45,NA,-7.5166962388502725,0.06413303807831722,-3.7049246451829028,0.0037420269109642496,-0.9261047140697729,0.6693030455083026,-6.126560688018799,0.006226586373247878,-7.451369231381212,0.001006334160842239
185,MQDQ-419,non_christian,2.6957890815660623,0.16797794185152323,-3.69280627535157,0.0038432832926198696,-0.991713724693894,0.633290631433441,-5.00079345703125,0.015958701591286647,-6.343505504115959,0.0029508947659011627
186,MQDQ-568,NA,-0.15977276758879105,0.1298657223810351,-3.69280627535157,0.0038432832926198696,-0.8616914054507039,0.7028314126080634,-6.052925109863281,0.006623566840462792,-6.720593175611547,0.0020465997149183477
187,IT-LAT0393,NA,-34.538776394910684,0.003913247137462153,-3.69280627535157,0.0038432832926198696,-0.9692149766779992,0.6458330936842723,-5.712118148803711,0.008813908936551094,-6.334037825583576,0.002978117526760889
188,MQDQ-127,NA,-34.538776394910684,0.003913247137462153,-2.554235691788631,0.04567338081079336,-1.1553022033371119,0.5376095305384457,-6.093359470367432,0.006402564622919293,-5.014942719259068,0.010663051654112169
189,MQDQ-128,NA,-34.538776394910684,0.003913247137462153,-2.582036290566779,0.04306706606713748,-1.0772752360615307,0.5840521077714755,-7.979382038116455,0.0013080697894939058,-5.794072116545445,0.005025478669569094
190,MQDQ-129,non_christian,-34.538776394910684,0.003913247137462153,-2.6511075383530964,0.03719293597249341,-1.0635842846298909,0.592072983578803,-7.575693607330322,0.001838676652897904,-6.056557861050368,0.00389738060576007
191,MQDQ-541,NA,-34.538776394910684,0.003913247137462153,-1.9353133127598285,0.1583351028192818,-0.813964303016199,0.7263624943297614,-5.753177642822266,0.008515990405744526,-4.036292742943667,0.027167030254356454
192,MQDQ-495,non_christian,-34.538776394910684,0.003913247137462153,-2.666795632209965,0.03597023709977151,-0.993864995904741,0.6320815244193135,-5.467487335205078,0.010815358020157607,-4.176881736832982,0.023776940302667457
193,MQDQ-496,NA,-34.538776394910684,0.003913247137462153,-3.0386991415323292,0.016127980660890363,-0.9933274848799318,0.6323837850960958,-4.379246711730957,0.026685213222613455,-3.67955679264421,0.03800939119951866
194,MQDQ-497,non_christian,-34.538776394910684,0.003913247137462153,-2.7827483115964577,0.028062051956866067,-0.9968637642695984,0.6303933157286196,-4.882023334503174,0.017613314503387496,-4.3872815400749,0.019461681303668217
195,MQDQ-134,NA,-34.538776394910684,0.003913247137462153,-2.693480612886098,0.033978851925276284,-0.8898667540545705,0.6884055566935419,-6.833693981170654,0.003435854569646498,-6.639933055667166,0.0022132893308287652
196,MQDQ-542,non_christian,-2.346804137520408,0.1058797903054204,-3.69280627535157,0.0038432832926198696,-0.9975139749424314,0.6300268455119011,-6.077740669250488,0.006487050340460121,-6.579810218334657,0.0023462884193493475
197,MQDQ-131,non_christian,-34.538776394910684,0.003913247137462153,-3.7531649163772247,0.003364626436318504,-1.1101234501744899,0.5646331331204862,-7.777726650238037,0.0015506320944608713,-7.101138504766029,0.001414271080440966
198,MQDQ-245,NA,-34.538776394910684,0.003913247137462153,-2.593421279598736,0.042041226621070134,-1.2354332262143446,0.48923335812453367,-8.825979232788086,6.402087267534489e-4,-6.661412334102381,0.002167621040863611
199,MQDQ-246,non_christian,-34.538776394910684,0.003913247137462153,-3.12643840847734,0.013321221256097497,-1.0992260504525062,0.5711004563546787,-8.909911155700684,5.964137808708943e-4,-7.432170302796474,0.0010252865687631143
200,MQDQ-184,non_christian,-5.925470395247686,0.07501003492416933,-3.69280627535157,0.0038432832926198696,-0.9992499600911536,0.6290476802649538,-6.052925109863281,0.006623566840462792,-6.717742886152978,0.0020522707279763183
201,MQDQ-519,non_christian,-12.687782358810523,0.03813953931047394,-3.69280627535157,0.0038432832926198696,-0.9966027265949458,0.6305403989214663,-5.866927146911621,0.00774179592195477,-5.842915978894029,0.004793390859356812
202,MQDQ-356,non_christian,-34.538776394910684,0.003913247137462153,-3.1267726345919713,0.013311509119192709,-1.22675102478199,0.49448137090025285,-8.932921409606934,5.849390993277394e-4,-6.673633964634266,0.0021420569248217615
203,MQDQ-357,NA,-34.538776394910684,0.003913247137462153,-2.697374431313526,0.03369731216111328,-1.0164052161095953,0.6193154591707144,-8.64157772064209,7.48045419827382e-4,-6.023657333186199,0.004023627879635878
204,MQDQ-358,non_christian,-34.538776394910684,0.003913247137462153,-2.5915776778350996,0.04220574378742878,-1.0000849452388956,0.6285763366207235,-9.300707817077637,4.287903370940916e-4,-6.383252184818651,0.002839290881460555
205,MQDQ-359,non_christian,-34.538776394910684,0.003913247137462153,-2.815491053676231,0.026153050505717784,-1.0325012732382683,0.6100959530844501,-9.365290641784668,4.0603243247901724e-4,-7.286617506097597,0.0011810591903339198
206,MQDQ-130,NA,-34.538776394910684,0.003913247137462153,-2.45787284841197,0.05591559837331353,-1.135333029241516,0.5495909361768794,-5.0222930908203125,0.015675973726602038,-4.432023771412899,0.01864822501017013
207,MQDQ-135,non_christian,-34.538776394910684,0.003913247137462153,-2.978566827166141,0.018379836523688426,-0.999327067564382,0.6290041638827191,-9.819636344909668,2.766473674049267e-4,-6.932148665487569,0.001666552070682131
208,MQDQ-136,NA,-34.538776394910684,0.003913247137462153,-3.047426788479176,0.015824538571512954,-0.8869408825104188,0.6899213958044407,-6.600518226623535,0.004180782366080621,-5.633969689398208,0.00586747037632907
209,MQDQ-186,non_christian,-7.345242653223437,0.06523044120548502,-3.69280627535157,0.0038432832926198696,-0.9934554222749443,0.6323118509853745,-5.994373798370361,0.006957086415428032,-6.4854037704569665,0.002571395397496326
210,MQDQ-294,non_christian,-1.2121098547832718,0.11779439420490545,-3.69280627535157,0.0038432832926198696,-0.9958352047252635,0.6309727230649063,-6.052925109863281,0.006623566840462792,-6.720593175611547,0.0020465997149183477
211,MQDQ-38,NA,-5.776108243492672,0.07611386609553797,-3.69280627535157,0.0038432832926198696,-1.1485860737223024,0.5416447238043075,-6.226449012756348,0.005725611254074509,-6.744496059125789,0.001999653229085522
212,MQDQ-36,non_christian,-34.538776394910684,0.003913247137462153,-3.66001140028629,0.004131199534192038,-0.9991213559804941,0.629120254635306,-5.667674541473389,0.00914803066400449,-5.816246568125444,0.004918759654439938
213,MQDQ-37,non_christian,-1.1977771649046358,0.11795206893697134,-3.69280627535157,0.0038432832926198696,-0.9932040227842969,0.6324531973367039,-6.052925109863281,0.006623566840462792,-6.720593175611547,0.0020465997149183477
214,MQDQ-222,NA,1.1402572702060638,0.14621484203710494,-1.6852898031866579,0.24643613892592314,-0.5774063218307341,0.8246764388452972,-2.81178617477417,0.09343047141245087,-2.863811845281924,0.08034968833583614
215,MQDQ-505,non_christian,-34.538776394910684,0.003913247137462153,-2.980659116518025,0.018296535546492555,-0.9986414539095337,0.6293910233504145,-6.547979354858398,0.0043696900513420164,-5.566923957425802,0.006260443902890912
216,MQDQ-504,non_christian,-5.6002028234568115,0.07743296322224152,-3.69280627535157,0.0038432832926198696,-1.068275728169488,0.5893297822433127,-7.291361331939697,0.002336708122411454,-7.065059894018815,0.0014647160974965644
217,IT-LAT0849,NA,-20.65058430472385,0.01678920612025964,-3.69280627535157,0.0038432832926198696,-0.9366195125208358,0.6636504425481898,-6.796037197113037,0.0035465171875716938,-6.326890613307145,0.0029988338934184007
218,MQDQ-626,non_christian,-26.915786382062947,0.008723701326867768,-2.74390560338498,0.030502525299878163,-0.9950787470439274,0.631398609418194,-4.602666854858398,0.0221973016863341,-3.259445612277964,0.056121291668272975
219,MQDQ-106,non_christian,-1.9017934763936566,0.11042046576971735,-3.69280627535157,0.0038432832926198696,-0.9983413158004003,0.6295603249331546,-6.052925109863281,0.006623566840462792,-6.772961401979319,0.0019451458859322342
220,MQDQ-225,non_christian,-4.8622135748136515,0.0831980363913055,-3.69280627535157,0.0038432832926198696,-0.9990899083777398,0.6291380003815822,-6.09816837310791,0.006376772939581649,-6.718046416352616,0.0020516660707719
221,MQDQ-231,non_christian,1.5730977383419862,0.1520247987280542,-3.69280627535157,0.0038432832926198696,-0.992231136484168,0.6329999763112988,-6.028786659240723,0.006759095526816525,-6.666409824469344,0.0021571311503358844
222,MQDQ-459,non_christian,-13.671068095894412,0.03450122106638023,-3.69280627535157,0.0038432832926198696,-0.9940574688259909,0.6319732651154095,-7.256843090057373,0.0024056835421706804,-6.875084150400747,0.0017615159229654484
223,MQDQ-509,non_christian,-1.65303561399266,0.1130323265395276,-3.69280627535157,0.0038432832926198696,-0.9983061369446451,0.6295801665003274,-6.052925109863281,0.006623566840462792,-6.720593175611547,0.0020465997149183477
224,MQDQ-390,NA,-2.2658461685980242,0.10669341244626936,-3.69280627535157,0.0038432832926198696,-0.9012217725656865,0.6824846044659357,-5.610422134399414,0.009597001216350116,-5.409333761528298,0.007290119672227155
225,MQDQ-517,non_christian,-17.659463180995942,0.022896134879598,-3.69280627535157,0.0038432832926198696,-1.007256834905105,0.6245178499641176,-5.863038539886475,0.007767071597263434,-6.299453076069402,0.003079705411827136
226,MQDQ-265,non_christian,0.8943102634553098,0.14299625116893258,-3.69280627535157,0.0038432832926198696,-0.9886288833024387,0.6350215173200413,-5.1455278396606445,0.01414802362708331,-6.076555948685642,0.0038225793137114327
227,MQDQ-248,non_christian,-34.538776394910684,0.003913247137462153,-2.982606842110658,0.018219323178340165,-1.0835717295125795,0.5803480196497774,-9.439419746398926,3.813949482389795e-4,-7.165403903921139,0.0013286745285885542
228,IT-LAT0378,NA,-7.495878108631189,0.06426536337411902,-3.69280627535157,0.0038432832926198696,-0.78129021863181,0.7417849985334739,-5.815331935882568,0.008083905228938164,-6.298620169362917,0.003082194094816308
229,MQDQ-247,non_christian,-34.538776394910684,0.003913247137462153,-3.000320551039297,0.017531634397767327,-0.9930952454329021,0.6325143490445582,-5.762259483337402,0.008451455015076393,-5.352181071862867,0.007703710114325724
230,MQDQ-249,non_christian,-34.538776394910684,0.003913247137462153,-3.1424282932996737,0.012864321878945768,-1.189484279729335,0.5170068914018215,-9.341004371643066,4.1444529989270376e-4,-5.697762865828288,0.005516358665828076
231,MQDQ-331,non_christian,-2.0557584818245185,0.10883050014260981,-3.69280627535157,0.0038432832926198696,-0.9995560565076964,0.6288749193172908,-6.052925109863281,0.006623566840462792,-6.720593175611547,0.0020465997149183477
232,MQDQ-57,non_christian,-6.249808739382502,0.07266357521276808,-2.286262158179191,0.0796703599855613,-0.9893168753062924,0.6346357896639897,-3.8058977127075195,0.04260483799527791,-3.181365618370838,0.06028318969219434
233,MQDQ-250,NA,-34.538776394910684,0.003913247137462153,-2.2841225765976074,0.0800180111606111,-0.9224891779907253,0.6712355685444249,-7.1535444259643555,0.0026244690984906422,-5.626655221776472,0.005909122245733047
234,MQDQ-252,NA,-34.538776394910684,0.003913247137462153,-1.8421711664312688,0.18775362983989327,-0.8651372480025348,0.7010878967264998,-5.8295183181762695,0.007988373042269546,-5.13666385203805,0.009483603607278358
235,MQDQ-251,NA,-34.538776394910684,0.003913247137462153,-1.8650194600723755,0.1801687137073349,-0.8059580618216617,0.7301941724550198,-5.048067569732666,0.015343521300801346,-5.187499959230941,0.009030142208092638
236,MQDQ-262,non_christian,-34.538776394910684,0.003913247137462153,-2.68933439782235,0.03428113566377006,-0.9894247844264883,0.6345752739478697,-6.959997653961182,0.00308921054239917,-5.813034534964706,0.004934077401944833
237,MQDQ-253,NA,-34.538776394910684,0.003913247137462153,-2.054130202600308,0.12636962240799499,-0.9973071300772351,0.6301434432052732,-4.787353515625,0.019051849699013045,-4.217300831347721,0.022881145814582008
238,MQDQ-254,NA,-34.538776394910684,0.003913247137462153,-2.9882209505945756,0.017998551881459074,-1.0566347280926094,0.5961259895820523,-7.6410441398620605,0.0017400929330172498,-6.4245892483428735,0.0027276844843490693
239,MQDQ-255,NA,-34.538776394910684,0.003913247137462153,-2.550606165034774,0.04602454111317526,-1.0409754548750096,0.6052098382743276,-5.8989715576171875,0.0075365930764730435,-5.26846525281246,0.008351893961421148
240,MQDQ-256,NA,-34.538776394910684,0.003913247137462153,-2.789494834160534,0.02765794780660251,-0.9128376361521758,0.676365937882856,-8.030991554260254,0.0012523353729611854,-6.128917879276846,0.0036334295168713574
241,MQDQ-257,non_christian,-34.538776394910684,0.003913247137462153,-3.0413746917758147,0.01603435399447321,-1.0541658881748324,0.597562704544924,-7.899707794189453,0.0013990146397847253,-6.7369960916231415,0.002014266667647601
242,MQDQ-258,non_christian,-34.538776394910684,0.003913247137462153,-2.7640887060472052,0.029209809410048023,-0.9907436275626726,0.6338353203042315,-6.371099472045898,0.00507035773175569,-5.075335356707126,0.010060758818417908
243,MQDQ-259,NA,-34.538776394910684,0.003913247137462153,-2.599363641991028,0.04151511255241152,-0.9729628614133213,0.6437570801348511,-6.724066734313965,0.003767992765423171,-5.816857255743693,0.004915852726539163
244,MQDQ-260,NA,-34.538776394910684,0.003913247137462153,-2.8632826402268594,0.023591715291019968,-0.8434651947636199,0.7119548665685445,-6.110919952392578,0.006308880858366165,-5.741322773929294,0.005288693812084783
245,IT-LAT0029_4,NA,-34.538776394910684,0.003913247137462153,-3.663752796768314,0.00409729622644606,-1.0931781078498037,0.5746794489483146,-7.9246697425842285,0.0013698622427807778,-7.2249788701178055,0.0012539536133525648
246,IT-LAT0996,NA,-11.332537835954895,0.043762369720605376,-3.69280627535157,0.0038432832926198696,-1.0673689191836842,0.5898604544818636,-6.480307579040527,0.004625582438893189,-7.000891530509108,0.0015589161718999967
247,MQDQ-46,non_christian,-34.538776394910684,0.003913247137462153,-3.7576529032820307,0.0033315059721448874,-0.9963168574902532,0.6307014457173079,-4.917579174041748,0.01710104949043545,-4.835714236150468,0.012668405890172355
248,MQDQ-239,non_christian,0.6775680968388682,0.14020897986426456,-3.69280627535157,0.0038432832926198696,-0.9972295698867156,0.630187159687942,-5.748079299926758,0.008552433006848006,-6.368151078626799,0.0028811883907280756
249,MQDQ-385,non_christian,-9.128043964429239,0.05462989198533809,-3.69280627535157,0.0038432832926198696,-0.9988867188849408,0.629252650929806,-6.160508632659912,0.006051619980630651,-6.720593175611547,0.0020465997149183477
250,MQDQ-58,NA,-6.624364914089782,0.07003808505009489,-3.69280627535157,0.0038432832926198696,-0.9785047914656239,0.6406774072285422,-6.052925109863281,0.006623566840462792,-6.720593175611547,0.0020465997149183477
251,MQDQ-112,NA,-2.4817835820265657,0.10453541657809921,-3.69280627535157,0.0038432832926198696,-0.7652302126203476,0.7491544614968305,-6.052925109863281,0.006623566840462792,-6.58437757567558,0.002335910865514615
252,MQDQ-113,NA,-34.538776394910684,0.003913247137462153,-2.811298837386252,0.026390229720410593,-0.7273974676486885,0.7659542649987504,-4.20188570022583,0.03086538413782574,-3.2824114624599954,0.05494949681718527
253,MQDQ-391,non_christian,-34.538776394910684,0.003913247137462153,-3.090312596046274,0.01441324523232068,-0.9981295103901769,0.6296797807404427,-7.981189727783203,0.001306076384814257,-6.228350966689586,0.003299537696891998
254,MQDQ-392,NA,-0.2617210814297977,0.12865173399936422,-3.69280627535157,0.0038432832926198696,-1.0091807548926741,0.623426117379265,-6.052925109863281,0.006623566840462792,-6.720593175611547,0.0020465997149183477
255,MQDQ-108,non_christian,-34.538776394910684,0.003913247137462153,-3.343160152167832,0.008290724251236932,-0.9997941175432501,0.6287405347751266,-7.065770626068115,0.0028258962015900954,-5.337212304186219,0.007815827483349493
256,MQDQ-109,non_christian,-34.538776394910684,0.003913247137462153,-3.3766937261153815,0.007702666390227661,-0.9988487721964735,0.6292740608990088,-8.0194673538208,0.0012645713163056782,-6.784898370558545,0.001922731855246021
257,IT-LAT0278,non_christian,-34.538776394910684,0.003913247137462153,-3.2610461451529797,0.009925356833865329,-1.0727521404916869,0.5867071231212191,-9.0491943359375,5.30244529851326e-4,-7.027355697668302,0.0015193548320636928
258,MQDQ-261,NA,-34.538776394910684,0.003913247137462153,-2.8264340386252402,0.025543672739459976,-1.0336547815980692,0.6094321275318131,-6.010217666625977,0.006865224925144803,-5.7902801052407575,0.005043957776041613
259,IT-LAT0142,NA,-34.538776394910684,0.003913247137462153,-2.589653378130606,0.04237811852299314,-1.1481230468686414,0.5419227251109778,-7.776473045349121,0.001552272550496168,-6.29077841662541,0.003105723369258372
260,MQDQ-264,non_christian,-0.40212540237226346,0.12699566250177566,-3.69280627535157,0.0038432832926198696,-0.9910906202711177,0.6336405305120415,-5.494551658630371,0.010573474523556508,-6.329500083728094,0.0029912536810368143
261,MQDQ-187,NA,-34.538776394910684,0.003913247137462153,-1.7779496419076923,0.2103795055261449,-0.7437362135368071,0.7587961671746376,-6.563165187835693,0.004314231480314529,-3.8990273982028976,0.030928060551472646
262,MQDQ-99,NA,-15.422633744970767,0.028833308095552092,-3.7909829391845085,0.003095494886340029,-0.826837290215341,0.7201310499055108,-4.855966567993164,0.017998262731631458,-6.065895125425129,0.0038622755510714303
263,MQDQ-178,non_christian,-34.538776394910684,0.003913247137462153,-3.2960730137608443,0.00919230506543562,-1.0189135560520244,0.6178841914074152,-7.526360511779785,0.0019167731249393224,-6.630103010751346,0.00223450853501008
264,IT-LAT0632,non_christian,-34.538776394910684,0.003913247137462153,-3.54966460706267,0.005267057899441563,-0.9927164170470778,0.6327272829069759,-8.56235122680664,7.997828825186951e-4,-6.279226540565481,0.0031407114746496755
265,MQDQ-105,NA,0.7136980939606873,0.14067042715905195,-3.69280627535157,0.0038432832926198696,-0.7751398702480792,0.7446238086540915,-6.054080009460449,0.006617150597386157,-6.720593175611547,0.0020465997149183477
266,IT-LAT0148,NA,-34.538776394910684,0.003913247137462153,-2.6750530944820823,0.035342302585405376,-1.1827996031165655,0.5210427228912081,-7.4164862632751465,0.002102811907562496,-5.024593039851965,0.010564468543261379
267,IT-LAT0883,NA,-34.538776394910684,0.003913247137462153,-2.316399184473991,0.07491815351290046,-0.9528545536416915,0.6548303872284238,-5.8245649337768555,0.008021601591918528,-4.540343385123196,0.016814526623354056
268,MQDQ-269,NA,-18.26943929392033,0.021495943250766713,-3.69280627535157,0.0038432832926198696,-1.0531994118720385,0.5981246807087893,-6.052925109863281,0.006623566840462792,-6.720593175611547,0.0020465997149183477
269,MQDQ-267,non_christian,-34.538776394910684,0.003913247137462153,-2.9296907246993555,0.020435094241337146,-1.033232564704838,0.6096751537375747,-7.311613082885742,0.0022971625011195605,-5.635307391067346,0.0058598845314683685
270,IT-LAT0382,NA,-34.538776394910684,0.003913247137462153,-2.9697906733273545,0.018733316877593473,-0.9464502937671139,0.658322800498726,-5.721477508544922,0.008745103282028122,-5.669929600311442,0.005666904986117483
271,MQDQ-104,non_christian,-8.168145375541599,0.060118430639292564,-3.69280627535157,0.0038432832926198696,-1.0724503527811553,0.5868840922582927,-6.052925109863281,0.006623566840462792,-6.720593175611547,0.0020465997149183477
272,IT-LAT0083,non_christian,-34.538776394910684,0.003913247137462153,-2.693554881562882,0.03397346081034238,-0.9944486624553396,0.6317531913623573,-8.322794914245605,9.789998937619942e-4,-6.694716358616951,0.0020986637559668934
273,IT-LAT0116,NA,-34.538776394910684,0.003913247137462153,-2.5197269703062104,0.049117734292705405,-1.1156313051689104,0.5613558340167646,-7.978279113769531,0.0013092875161758353,-6.2290801251244865,0.0032972057675512566
274,IT-LAT0112,NA,-34.538776394910684,0.003913247137462153,-3.1570211303625264,0.012460860065834212,-1.0700072949588326,0.5883158780677654,-7.6913886070251465,0.00166775990221492,-4.966693835535551,0.011169752209679048
275,IT-LAT0266,non_christian,-34.538776394910684,0.003913247137462153,-2.736305685093411,0.031003519485405532,-1.13082205259136,0.5522900565976668,-8.730329513549805,6.94049058503256e-4,-5.92727666810275,0.004417388793744675
276,MQDQ-224,NA,-2.4954905737174045,0.1043997436475241,-3.69280627535157,0.0038432832926198696,-1.0668380201806773,0.5901710440580182,-6.090606689453125,0.006417375286284898,-6.7555299879312,0.0019783461065020487
277,MQDQ-303,NA,-34.538776394910684,0.003913247137462153,-2.7705303415977647,0.028808526522395267,-0.8127365548000716,0.726952274849886,-4.7017822265625,0.0204508668493856,-4.5802873586867365,0.01618405154151932
278,MQDQ-298,NA,-34.538776394910684,0.003913247137462153,-2.484006678514455,0.05294165063746362,-0.6539441856486116,0.7962877095424711,-6.621301651000977,0.004108318805123969,-4.585313624109794,0.01610638245172889
279,MQDQ-299,NA,-34.538776394910684,0.003913247137462153,-2.384247223732925,0.06515935657761701,-0.7280855506653943,0.7656558086884538,-2.1517271995544434,0.15253565037279104,-1.2842135718137693,0.28885453254436605
280,MQDQ-300,NA,-34.538776394910684,0.003913247137462153,-2.454136969294785,0.05635336372276856,-0.5046511941004996,0.8486838573358179,-3.5041821002960205,0.05430173827919065,-2.874509568798835,0.07958403782309091
281,MQDQ-301,NA,-34.538776394910684,0.003913247137462153,-3.0617469363680345,0.015338783729651001,-0.6408696740824809,0.8013689670409796,-4.219548225402832,0.0304221726533696,-3.1004931283210992,0.06489722476655174
282,MQDQ-302,non_christian,-34.538776394910684,0.003913247137462153,-3.208974245362437,0.011123337643116703,-0.9957072342531466,0.6310447849174735,-5.808633804321289,0.008129403932610716,-4.766644216508393,0.013536953001995589
283,MQDQ-341,non_christian,1.4722467445497969,0.15065438275898727,-3.69280627535157,0.0038432832926198696,-0.9971567047775495,0.6302282278621808,-6.052925109863281,0.006623566840462792,-6.688621365656238,0.002111117936325639
284,MQDQ-340,NA,-2.364933788787013,0.10569833971997483,-3.69280627535157,0.0038432832926198696,-0.7197189804512755,0.7692668831632938,-5.159504413604736,0.01398428210028394,-6.235366837362948,0.003277168180445118
285,MQDQ-425,NA,-34.538776394910684,0.003913247137462153,-2.814133198972455,0.026229644599969407,-0.7548114824169897,0.7538598544299595,-6.480525970458984,0.004624733085132439,-5.545711856865972,0.006390138550269318
286,IT-LAT0228,NA,-34.538776394910684,0.003913247137462153,-2.6535278016132837,0.037001731704365055,-0.882584262284374,0.6921709326738749,-7.363393306732178,0.002199061047502985,-6.069617400927392,0.003848368985626927
287,IT-LAT0045,non_christian,-34.538776394910684,0.003913247137462153,-2.9268448151128514,0.020561466922590425,-0.9980623026128619,0.6297176818352466,-9.151500701904297,4.863636340947466e-4,-6.381105654751905,0.00284520910951402
288,IT-LAT0425,NA,-34.538776394910684,0.003913247137462153,-3.230113870810132,0.010620655612499452,-1.0985406473385928,0.571506438642831,-4.714622974395752,0.02023468931721985,-5.138941065386612,0.009462816422669414
289,IT-LAT0079,non_christian,-34.538776394910684,0.003913247137462153,-3.103698447128545,0.013998689039100318,-0.9956317786976443,0.6310872721920682,-7.031267166137695,0.0029092332419721053,-5.847382358599406,0.004772708201689937
290,IT-LAT0239,non_christian,-34.538776394910684,0.003913247137462153,-3.0612868450766935,0.015354159850249679,-0.9960709699797816,0.6308399452605659,-7.175103187561035,0.0025772262961772452,-5.338316940518062,0.007807498621941924
291,MQDQ-155,NA,-1.2762407776278764,0.11709112155317031,-3.69280627535157,0.0038432832926198696,-0.8961547817205764,0.6851341808306788,-6.052925109863281,0.006623566840462792,-6.720593175611547,0.0020465997149183477
292,MQDQ-291,NA,-6.608438196075781,0.07014791698710904,-3.69280627535157,0.0038432832926198696,-0.8908538399405341,0.6878932519357123,-5.3018059730529785,0.012419983601015696,-6.305098014101164,0.003062891338381307
293,MQDQ-292,NA,-34.538776394910684,0.003913247137462153,-2.3467607604493352,0.07039521111095474,-0.6726749931803049,0.7888407119372347,-4.020829200744629,0.0357839248554758,-3.2921999618496605,0.054457090405971256
294,IT-LAT0071,non_christian,-34.538776394910684,0.003913247137462153,-2.6191393098144813,0.03980925365294393,-0.9967823867092981,0.6304391709864545,-7.499634742736816,0.0019604549029734685,-5.961252887134478,0.004274383667943325
295,IT-LAT0078,non_christian,-34.538776394910684,0.003913247137462153,-3.440150007917906,0.00670084981904048,-0.9922277143074765,0.633001899030845,-8.051871299743652,0.0012304664991729473,-5.370461421508528,0.007568951161690251
296,IT-LAT0072,non_christian,-34.538776394910684,0.003913247137462153,-3.1405512803699103,0.012917144546128351,-1.0907622358505191,0.576106927093833,-8.06726360321045,0.0012145896276258028,-6.364704309433248,0.0028908374196837186
297,MQDQ-173,NA,-2.695952278344791,0.10243326818597501,-3.69280627535157,0.0038432832926198696,-0.944400041438622,0.6594372610937675,-6.052925109863281,0.006623566840462792,-6.720593175611547,0.0020465997149183477
298,MQDQ-430,non_christian,-34.538776394910684,0.003913247137462153,-2.7171665749401885,0.0323007223536062,-0.987760238951336,0.6355082814588724,-4.742827892303467,0.019767678869934892,-4.123512310463443,0.02501231606872754
299,MQDQ-429,NA,-34.538776394910684,0.003913247137462153,-2.6050560127829345,0.041017042735709996,-0.8598871696285889,0.7037419686365758,-5.940388202667236,0.007279351268191683,-3.4935119571052407,0.0452094935932808
300,MQDQ-428,NA,-34.538776394910684,0.003913247137462153,-2.513283891099182,0.04978755916152005,-0.7732417694364416,0.7454957607421153,-8.62685775756836,7.5739836728038e-4,-5.8201029773596975,0.004900431463471938
301,IT-LAT0073,NA,-34.538776394910684,0.003913247137462153,-2.7365718950618714,0.030985836792352707,-1.0033942939158165,0.6267058303856993,-8.0431976318359375,0.001239504364078262,-5.7157434417029895,0.005421225648410381
302,IT-LAT0109,NA,-34.538776394910684,0.003913247137462153,-1.6430730497510682,0.2641822233767954,-0.8084518801366913,0.7290042990372451,-7.3531622886657715,0.0022181073080605137,-5.376116367867915,0.007527739769995685
303,MQDQ-171,non_christian,-12.688199493803268,0.03813792032277006,-3.69280627535157,0.0038432832926198696,-0.9946892819545033,0.6316177988190796,-4.907750606536865,0.017241170732631268,-5.035941312385285,0.010449693099481306
304,MQDQ-427,NA,-34.538776394910684,0.003913247137462153,-3.112143965417881,0.013743204355930327,-0.9571703404491517,0.6524673855152212,-8.768165588378906,6.722307101342424e-4,-5.815498962720536,0.004922320652103792
305,MQDQ-426,NA,-34.538776394910684,0.003913247137462153,-2.6468913462887262,0.0375282919277876,-0.9522857005498143,0.6551412818002166,-8.8437957763671875,6.306511732795087e-4,-6.185047182474066,0.0034410161932379767
306,IT-LAT0237,non_christian,-34.538776394910684,0.003913247137462153,-2.7273118485447596,0.03160669680788248,-0.9999831894918629,0.6286337901886647,-5.991899013519287,0.00697154482187658,-5.119687002119245,0.009640006040967904
307,MQDQ-29,non_christian,-34.538776394910684,0.003913247137462153,-3.374093754698502,0.0077467413816724754,-0.9997691261941855,0.6287546432321737,-8.981412887573242,5.614748275076254e-4,-6.720065725136055,0.0020476479641721988
308,MQDQ-170,non_christian,-34.538776394910684,0.003913247137462153,-2.6509277405543457,0.037207178099014325,-0.9994316440001216,0.6289451417683066,-8.182110786437988,0.0011024101375141705,-6.817322868914955,0.001863141035664685
309,MQDQ-432,NA,-34.538776394910684,0.003913247137462153,-2.68386626651909,0.0346837630040022,-0.6619714940866571,0.7931203817938988,-4.803133010864258,0.018804315994093483,-3.7176409748332286,0.03667766262244282
310,MQDQ-435,NA,-10.753820442517622,0.04639740556457061,-3.2877872688122043,0.009360714971526145,-0.9257213140864178,0.6695082472707901,-5.905279636383057,0.00749683848742627,-5.837935714274286,0.004816558382714986
311,IT-LAT0230,non_christian,-34.538776394910684,0.003913247137462153,-2.299289011591721,0.0775833084297439,-0.9789342204383942,0.6404382833765504,-7.6628923416137695,0.0017083253806418207,-4.828693677682161,0.012754115908010075
312,MQDQ-297,non_christian,-34.538776394910684,0.003913247137462153,-3.134296234382989,0.013094723193432797,-0.9906450690664211,0.6338906396840914,-6.147472381591797,0.006118222781427428,-4.510980871211491,0.017293319766794973
313,MQDQ-295,non_christian,-34.538776394910684,0.003913247137462153,-3.187122421220375,0.011667681309503629,-0.9992657469302074,0.6290387709731828,-6.983714580535889,0.003028118408882581,-5.646069126121979,0.0057992105032130545
314,MQDQ-296,non_christian,-34.538776394910684,0.003913247137462153,-3.049338892561149,0.015758812606422295,-0.9980088793937002,0.6297478081383411,-8.125782012939453,0.0011560743657562204,-6.623599925635613,0.0022486575747988893
315,LC-10,non_christian,-34.538776394910684,0.003913247137462153,-3.034237146215828,0.016285318685794803,-0.9912937973688636,0.6335264535784342,-4.446070671081543,0.02525752926318372,-3.9690384113891266,0.02895071016789455
316,MQDQ-632,NA,-34.538776394910684,0.003913247137462153,-3.1907326880008102,0.011575965269421003,-1.0129134629864613,0.6213044141235715,-9.380768775939941,4.007600262035956e-4,-6.8889430782743695,0.0017379673183650806
317,MQDQ-235,non_christian,-10.28076086013968,0.04866281042194455,-3.69280627535157,0.0038432832926198696,-0.9988381070345093,0.6292800782177307,-6.052925109863281,0.006623566840462792,-6.720593175611547,0.0020465997149183477
318,MQDQ-508,non_christian,-2.799320810723337,0.10143212574204763,-3.69280627535157,0.0038432832926198696,-1.024084737362172,0.6149270564317239,-6.630712985992432,0.004075917972765525,-6.861288268432231,0.001785273727058141
319,MQDQ-263,non_christian,-34.538776394910684,0.003913247137462153,-3.409812163772662,0.0071625443190264735,-0.9930711528543039,0.6325278926690378,-5.799627780914307,0.00819098011733767,-5.481249496888604,0.006800881330230866
320,MQDQ-620,NA,-11.314501291410636,0.04384229541264357,-3.69280627535157,0.0038432832926198696,-0.9562168226738742,0.6529901120052776,-6.029080390930176,0.006757429888637305,-6.720593175611547,0.0020465997149183477
321,MQDQ-194,NA,-34.538776394910684,0.003913247137462153,-3.289435065332983,0.009326981375428619,-1.0020987863611184,0.6274385306769957,-5.539778709411621,0.010181153566209153,-4.032779005878431,0.02725751607060068
322,IT-LAT0588,non_christian,-34.538776394910684,0.003913247137462153,-3.507057919547284,0.0057844974565654074,-0.9928721847565425,0.6326397344334631,-6.464535236358643,0.004687335499527776,-6.2940071118977166,0.0030960140220567607
323,MQDQ-207,non_christian,-34.538776394910684,0.003913247137462153,-2.9905672100648686,0.01790706671060402,-1.0088152235423773,0.6236336357795061,-5.416617393493652,0.011284904017284745,-4.857331481887408,0.012408048381389336
324,MQDQ-208,NA,-34.538776394910684,0.003913247137462153,-2.460825252581945,0.05557190482138749,-0.9265514970292043,0.6690638388766503,-4.222100257873535,0.03035864551001922,-4.55636834514538,0.01655873990526428
325,MQDQ-195,non_christian,-34.538776394910684,0.003913247137462153,-3.046802299845163,0.015846062888742816,-0.9982914216497186,0.6295884660865779,-8.22116470336914,0.0010666713529298738,-6.052628438239069,0.003912248800591775
326,MQDQ-196,NA,-34.538776394910684,0.003913247137462153,-3.3056996897271254,0.00900040722537358,-0.870069947923871,0.698581886754597,-7.851154804229736,0.0014575046411109693,-6.325605006246583,0.00300257547340152
327,MQDQ-197,NA,-34.538776394910684,0.003913247137462153,-2.8096643405977093,0.026483269071802554,-0.8769227163879046,0.6950806728062685,-6.9613261222839355,0.0030857563010669212,-4.565106374348309,0.016420881177346185
328,MQDQ-198,non_christian,-34.538776394910684,0.003913247137462153,-2.9647948549975696,0.01893750488965554,-1.055496056484418,0.596788833743022,-8.441577911376953,8.856132852486227e-4,-6.315424058531323,0.0030323705401748354
329,MQDQ-199,non_christian,-34.538776394910684,0.003913247137462153,-3.126998114767401,0.013304960931284419,-1.038969237669355,0.6063685408228382,-9.87152099609375,2.647867496779965e-4,-7.074022910098015,0.0014520187414003708
330,MQDQ-450,non_christian,-11.559345519714043,0.04276910906688968,-3.69280627535157,0.0038432832926198696,-0.9961967245236005,0.6307691149645978,-7.048400402069092,0.0028675490399924296,-6.965558220025233,0.001613343861508406
331,MQDQ-200,NA,-34.538776394910684,0.003913247137462153,-2.8661989137933843,0.023443601280350945,-0.8958448919806672,0.6852958369983473,-6.5130615234375,0.004499916772661207,-5.391472134938941,0.0074169519709844575
332,MQDQ-448,non_christian,-34.538776394910684,0.003913247137462153,-1.961902788557766,0.15065485826865826,-0.985075039758646,0.6370112367182293,-5.367109298706055,0.011761213505559058,-4.920767974229185,0.011674143282699398
333,MQDQ-201,non_christian,-34.538776394910684,0.003913247137462153,-2.8562241859749524,0.023953995357050322,-1.0267855034156899,0.6133792296035823,-7.802127361297607,0.0015190440679763628,-6.097997262860448,0.003743967803296259
334,MQDQ-202,NA,-34.538776394910684,0.003913247137462153,-2.9506667400343565,0.01952683165123767,-0.9373856596411737,0.6632367114041606,-7.2448883056640625,0.0024300424758993094,-6.5152410918885675,0.0024980144175532275
335,MQDQ-203,non_christian,-34.538776394910684,0.003913247137462153,-2.9230522985450076,0.020731063464581128,-0.9950588806501791,0.6314097914594875,-5.159473419189453,0.013984643138208524,-4.127071012029006,0.024928029311036323
336,MQDQ-204,non_christian,-34.538776394910684,0.003913247137462153,-2.885811158781437,0.02247083729462046,-1.0820172795171392,0.5812633272501678,-9.46805477142334,3.722830595322448e-4,-6.053979336711429,0.003907130893426663
337,IT-LAT0588_1,NA,-34.538776394910684,0.003913247137462153,-2.9470307928944828,0.01968138368704667,-1.0742422775689997,0.5858329751242969,-6.6514410972595215,0.004005451076015983,-6.004224919071742,0.0041000995229292635
338,MQDQ-421,NA,-2.250054448839812,0.10685275846367119,-3.69280627535157,0.0038432832926198696,-1.0656737800182605,0.5908519024277586,-6.347216606140137,0.0051731595535433736,-6.79639832163037,0.0019013822485841466
339,MQDQ-506,NA,-2.809535816550209,0.10133366429340092,-3.69280627535157,0.0038432832926198696,-0.9180391256925138,0.6736062068346976,-6.052925109863281,0.006623566840462792,-6.627460268906634,0.0022402477151299846
340,IT-LAT0332,NA,-34.538776394910684,0.003913247137462153,-2.3128056744834713,0.07547082145476862,-0.9667893115128108,0.6471737908610272,-7.358080863952637,0.0022089303367735682,-5.590990412371888,0.006116462128579334
341,IT-LAT0563,NA,-34.538776394910684,0.003913247137462153,-1.7836588077006175,0.20828965951224584,-0.9205247549362525,0.6722831433141336,-4.884141445159912,0.017582380421905602,-5.225761705005148,0.008703076965794454
342,IT-LAT0563_1,NA,-34.538776394910684,0.003913247137462153,-2.974682577811748,0.018535469242670518,-1.0621734867367896,0.5928967989398316,-7.478147506713867,0.0019962939936552255,-5.9996432933980435,0.004118339263959165
343,MQDQ-205,non_christian,-34.538776394910684,0.003913247137462153,-3.110753259901402,0.013784956008645467,-0.9981828516449255,0.629649698382829,-6.425124168395996,0.00484525084126921,-4.750242467397807,0.013751684355038353
344,MQDQ-446,non_christian,-34.538776394910684,0.003913247137462153,-2.3460403831782806,0.07049954119178709,-0.987190375703866,0.6358274665247734,-5.720147609710693,0.008754847532521605,-5.60321878169995,0.006044569579733977
345,MQDQ-473,non_christian,-1.5575778315960849,0.11404882560222976,-3.69280627535157,0.0038432832926198696,-0.9951466811756133,0.6313603707992659,-6.052925109863281,0.006623566840462792,-6.720593175611547,0.0020465997149183477
346,IT-LAT0588_2,non_christian,-34.538776394910684,0.003913247137462153,-3.234408209416331,0.010521320187952255,-0.9974509237966894,0.6300623888197486,-5.362858295440674,0.011803026085476497,-5.00130425969216,0.010803929326859231
347,IT-LAT0534_1,NA,-34.538776394910684,0.003913247137462153,-2.573682408879544,0.04383494966769952,-0.9266223881816276,0.6690258758691177,-7.027899265289307,0.0029174979349216265,-4.417558548606139,0.018907499974148905
348,IT-LAT0534_2,non_christian,-34.538776394910684,0.003913247137462153,-3.2025161409069027,0.011281545780806658,-1.070137644316023,0.588239522647292,-8.049665451049805,0.0012327587088528948,-5.845134867688608,0.004783104629790051
349,LC-19,NA,-34.538776394910684,0.003913247137462153,-3.238789587070795,0.010420918781066895,-0.9538927453049878,0.6542626442642642,-7.817422866821289,0.0014995716666331062,-5.114540049233623,0.00968792595380108
350,IT-LAT0284,NA,-34.538776394910684,0.003913247137462153,-2.160991222616417,0.10249705014769306,-0.8222261984756596,0.7223730978776697,-5.897307395935059,0.007547115738661086,-5.7418832142490714,0.005285826424159545
351,MQDQ-163,non_christian,-34.538776394910684,0.003913247137462153,-3.065804442049316,0.015203837712551432,-0.9968992205995284,0.6303733357850932,-6.558252334594727,0.004332096072357183,-5.229178516676532,0.008674447231240034
352,MQDQ-434,NA,-34.538776394910684,0.003913247137462153,-2.170511306606476,0.10057633352362803,-0.701846890092082,0.7768494157129104,-5.800581932067871,0.008184434527485279,-3.662813471249337,0.03860946244969586
353,MQDQ-510,NA,-34.538776394910684,0.003913247137462153,-2.4787724115564522,0.05352508155191759,-0.9239176452858705,0.670472733117338,-6.559401512145996,0.004327910733809139,-5.319231056227361,0.007952650727936314
354,IT-LAT0111,non_christian,-34.538776394910684,0.003913247137462153,-2.885257662920189,0.02249774198862011,-0.9881461445169943,0.6352920648638475,-7.301886081695557,0.0023160723928371714,-6.009665165804009,0.004078546007860925
355,MQDQ-206,NA,-34.538776394910684,0.003913247137462153,-2.210364945006631,0.09287899165764535,-0.9065669210914921,0.6796767067542047,-7.448360443115234,0.0020470605480488067,-6.012293269800622,0.004068174277798162
356,MQDQ-556,non_christian,-17.01823321621586,0.02446405029101309,-3.69280627535157,0.0038432832926198696,-1.1587113692861133,0.5355593107990817,-6.361233711242676,0.005112575375674839,-6.757000905065893,0.001975522854002949
357,IT-LAT0342,NA,-34.538776394910684,0.003913247137462153,-3.616911437466237,0.004542490965874377,-0.7902114668607569,0.7376308316463165,-7.241817951202393,0.0024363382072100205,-6.069818442177499,0.003847619309079834
358,IT-LAT0534_3,non_christian,-34.538776394910684,0.003913247137462153,-3.300167166667032,0.009110201893866453,-1.122682029044186,0.55715270625173,-8.249917984008789,0.0010411007090608802,-6.318043205582338,0.003024677426793395
359,MQDQ-554,non_christian,-2.1700473898230683,0.10766329103505085,-3.69280627535157,0.0038432832926198696,-1.0704308305133543,0.5880677659265414,-6.130011558532715,0.006208573587323113,-6.720593175611547,0.0020465997149183477
360,IT-LAT0534_4,NA,-34.538776394910684,0.003913247137462153,-2.137531850635302,0.10736925363065426,-0.8769431971406044,0.6950701746150229,-6.960038661956787,0.0030891038570688228,-4.647573950781505,0.015174176516168385
361,MQDQ-330,NA,-22.07812528340071,0.01446971392203253,-3.69280627535157,0.0038432832926198696,-0.9554863131476805,0.653390334099079,-6.530247688293457,0.004435344816476763,-5.449744740898538,0.007011059027518439
362,IT-LAT0345,NA,-34.538776394910684,0.003913247137462153,-3.69280627535157,0.0038432832926198696,-0.8290351153240553,0.7190585160078345,-8.375144004821777,9.366885224307032e-4,-6.897567737796894,0.0017234715069618211
363,IT-LAT0346,non_christian,-34.538776394910684,0.003913247137462153,-3.0171911320176314,0.01690040980841495,-1.0288029939649914,0.612221493915527,-5.478780746459961,0.010713766413619246,-4.930999816062834,0.01155985588862554
364,IT-LAT0349,non_christian,-34.538776394910684,0.003913247137462153,-3.352381103149117,0.008124721513857291,-0.997018023226535,0.6303063862382816,-6.0601935386657715,0.006583288541396585,-5.429439354150564,0.007149927523869256
365,IT-LAT0120,non_christian,-34.538776394910684,0.003913247137462153,-3.374998062861656,0.007731383144924422,-0.9973998781959552,0.6300911633069752,-7.744939804077148,0.0015941115085643437,-6.980282230095804,0.0015904360354930317
366,IT-LAT0720,NA,-34.538776394910684,0.003913247137462153,-3.1112249132579293,0.013770782071561752,-0.9319254374355287,0.6661798204673502,-5.222623348236084,0.013267789212074797,-2.8070803430206626,0.08452341230365062
367,IT-LAT0325,NA,-34.538776394910684,0.003913247137462153,-2.217497759401706,0.0915584101144957,-0.7991736862864485,0.733414476072624,-6.26980447769165,0.005520838404612858,-4.716452200006657,0.014204707633924632
368,MQDQ-433,non_christian,-34.538776394910684,0.003913247137462153,-2.978144435628535,0.018396698425048496,-0.993469810322724,0.6323037607896397,-8.974250793457031,5.648803145575025e-4,-5.814574202016789,0.004926729026041532
369,IT-LAT0054,non_christian,-34.538776394910684,0.003913247137462153,-2.2962972088034124,0.07805815488031517,-0.9857573296354436,0.6366295988107932,-8.016938209533691,0.0012672725992655103,-5.804860547608688,0.004973272453867702
370,MQDQ-150,NA,-34.538776394910684,0.003913247137462153,-2.065656293665144,0.1235820690877526,-0.884615367782549,0.691123300189407,-7.300933361053467,0.002317932870606955,-6.085274103761367,0.003790419006267306
371,IT-LAT0534,NA,-34.538776394910684,0.003913247137462153,-1.7959918874315197,0.2038274723581303,-0.8831365846805496,0.6918862432884773,-4.774935722351074,0.019248892297879728,-1.845730311134329,0.1904322802115183
372,IT-LAT0339,NA,-34.538776394910684,0.003913247137462153,-2.9911312919404756,0.01788514023544676,-0.8026745666734366,0.7317557905415679,-3.3640544414520264,0.060711399146155844,-3.229083302894908,0.05770657530212829
373,IT-LAT0340,NA,-34.538776394910684,0.003913247137462153,-3.050457625637175,0.015720482319336638,-0.8655382916452485,0.7008845971427181,-0.8771666288375854,0.34566789757793337,-2.706937638736944,0.0923732121122127
374,IT-LAT0341,non_christian,-34.538776394910684,0.003913247137462153,-3.6962850432720606,0.0038139399537655124,-0.9994773672348263,0.6289193347260682,-6.290678977966309,0.0054248596819259035,-6.304877137605802,0.0030635475198499927
375,MQDQ-115,non_christian,-3.083689217774406,0.0987226403865611,-3.69280627535157,0.0038432832926198696,-0.9972406067876173,0.6301809389143836,-6.103472709655762,0.006348443804681317,-6.840146987680245,0.0018223030960548361
376,MQDQ-96,NA,-25.901496459946884,0.009702352441007747,-3.4313072795847144,0.006832282447674248,-0.7970301922242709,0.7344268160064491,-7.1175713539123535,0.0027052294092556905,-5.997614600374531,0.004126441408923127
377,MQDQ-470,NA,-1.2054721552467527,0.1178673931959164,-3.69280627535157,0.0038432832926198696,-0.8574133496564038,0.704987817948885,-6.018497467041016,0.0068176995576332165,-6.265120784396694,0.0031839679685828817
378,MQDQ-465,non_christian,-11.815807059253927,0.041671933281616856,-3.69280627535157,0.0038432832926198696,-0.9959207687771077,0.6309245375649445,-6.331853866577148,0.005240380359328973,-6.261437107453853,0.0031953617371501745
379,MQDQ-471,non_christian,-13.639880233273317,0.034611305843468276,-3.69280627535157,0.0038432832926198696,-0.9980614808343458,0.6297181452584102,-6.0207977294921875,0.006804554336028233,-6.639435815973881,0.0022143578320102586
380,MQDQ-467,non_christian,-7.246409728441904,0.06587094204995089,-3.69280627535157,0.0038432832926198696,-0.9942244211855739,0.6318793494634213,-5.795809268951416,0.008217227565047391,-6.3267501335061205,0.0029992425139565033
381,MQDQ-466,NA,-18.517398593010512,0.020951007432993763,-3.69280627535157,0.0038432832926198696,-1.0013305768288294,0.6278727309365111,-6.350444316864014,0.005159145880882582,-6.35856292148555,0.002908109795961411
382,MQDQ-469,NA,-17.32897823672289,0.023691568505733607,-3.4275578539286533,0.006888781499015925,-0.7769201917071491,0.7438041803349067,-6.343481063842773,0.005189425344569207,-6.198793120892222,0.0033954636949076714
383,MQDQ-472,non_christian,-34.538776394910684,0.003913247137462153,-3.5322417259720442,0.005472840991354839,-0.9925161319398812,0.6328398392986143,-7.030333995819092,0.0029115208635468325,-5.879172201326368,0.004628041256606744
384,MQDQ-468,NA,-25.9768829371734,0.009626016830890562,-3.69280627535157,0.0038432832926198696,-1.0322677158847124,0.6102303120397291,-5.849032878875732,0.007858787781241236,-6.139619992142165,0.003595932933034218
385,MQDQ-223,non_christian,-9.712491125580385,0.051522953906129744,-3.69280627535157,0.0038432832926198696,-0.996179603276945,0.6307787587087095,-6.394146919250488,0.0049730796201909976,-6.903761256257893,0.0017131363291897123
386,MQDQ-336,NA,-6.515543183824121,0.07079170733868363,-3.69280627535157,0.0038432832926198696,-1.0946631806105738,0.5738013367568264,-6.054080009460449,0.006617150597386157,-6.720593175611547,0.0020465997149183477
387,IT-LAT0407,NA,-34.538776394910684,0.003913247137462153,-2.6567150117443843,0.0367513790473706,-0.5257973950282913,0.8419984823511497,-5.137014389038086,0.014248686945103931,-4.046035465005003,0.026917660174773962
388,MQDQ-213,non_christian,-3.669418818999347,0.093344187067814,-3.69280627535157,0.0038432832926198696,-1.0718956085864737,0.5872093371918713,-6.052925109863281,0.006623566840462792,-6.720593175611547,0.0020465997149183477
389,IT-LAT0044,NA,34.53957599234088,0.8543415444903693,1.0215609336024616,0.9923761334338634,-0.0038379079470783894,0.9495749844264958,3.262877941131592,0.9457953647047125,2.538000574332849,0.9436057056848398
390,MQDQ-335,non_christian,-13.601993042387676,0.034745493082110515,-3.238979450483713,0.010416589464583596,-0.9927928726542693,0.6326843125033704,-6.417512893676758,0.004876352783174709,-6.265035487226963,0.0031842313377693564
391,IT-LAT0043,NA,-34.538776394910684,0.003913247137462153,-1.2348770546461443,0.46964529021070817,-0.34117978058706133,0.892800286224116,-5.780961990356445,0.008320078906330592,-2.8764290775038193,0.07944736316529481
392,IT-LAT0360,non_christian,-34.538776394910684,0.003913247137462153,-2.463631641545442,0.05524705311631837,-0.9917841459714721,0.6332510781054327,-7.643075466156006,0.0017371146612801594,-5.39067827698605,0.007422639571344904
393,IT-LAT0062,christian,34.53957599234088,0.8543415444903693,1.8176752052080931,0.9986809479419363,0.9758975192424113,0.9950578820797568,5.529382228851318,0.9916237264385238,5.078948597472283,0.9949795573054814
394,IT-LAT0246,christian,34.53957599234088,0.8543415444903693,1.8882828794406452,0.9988714353457702,0.9760106162336206,0.9950592270042312,5.999546051025391,0.9943538662319059,5.088154876966519,0.9950240967901042
395,IT-LAT0448,NA,34.53957599234088,0.8543415444903693,-0.03566723623754977,0.9262613903824011,0.3879441822178076,0.9798273365236059,-3.3361763954162598,0.0620683608167764,-1.461494104658386,0.2547543123147276
396,IT-LAT0737,NA,34.53957599234088,0.8543415444903693,4.824887732925402,0.9999982922600843,1.433616840469511,0.9983609471025379,6.283377647399902,0.9955522324212673,5.898763055825475,0.9977323230216704
397,IT-LAT0058,christian,34.53957599234088,0.8543415444903693,2.200773637509365,0.9994342490952491,0.9822007064209182,0.9951322853970875,6.845410346984863,0.9972287594810256,5.725733383606322,0.9973177242572535
398,IT-LAT0248,NA,34.53957599234088,0.8543415444903693,-0.0756786298767032,0.9199847517499341,0.28542231886594616,0.9742967860529292,-3.528960704803467,0.05323677573863329,-2.1418168333765366,0.1499185301463734
399,MQDQ-345,NA,-34.538776394910684,0.003913247137462153,-2.909985099108191,0.021325962937042538,-0.968223847052076,0.646381182498666,-7.007918357849121,0.002967013938059054,-5.285224246737466,0.008217944035212822
400,IT-LAT0051,non_christian,-34.538776394910684,0.003913247137462153,-2.9251708087295314,0.020636158265683623,-0.9925053427849181,0.6328459021858759,-7.044246673583984,0.0028775998126520596,-5.409946068095063,0.007285810169117805
401,IT-LAT0355,NA,-34.538776394910684,0.003913247137462153,-2.8796246477699907,0.02277335138206722,-0.9887635690914264,0.6349460183930736,-7.269922733306885,0.0023793115731481906,-5.2530987577801955,0.008476615540198129
402,IT-LAT0784,NA,-34.538776394910684,0.003913247137462153,-2.917291266886253,0.020991312339136908,-0.5627706407647258,0.8297355426945423,-4.512745380401611,0.023907293851222627,-3.508035431168717,0.044603527746534165
403,IT-LAT0348,NA,-34.538776394910684,0.003913247137462153,-3.281442830526097,0.009491730140286099,-0.9124346250456261,0.676579253419822,-6.505617618560791,0.004528174701702838,-4.541127292450548,0.016801924215299434
404,MQDQ-436,NA,-34.538776394910684,0.003913247137462153,-3.040614813618189,0.016060890238061516,-1.0449772636198906,0.6028950467225341,-7.1229071617126465,0.002693095674259419,-6.285645400224694,0.0031212219265319852
405,MQDQ-394,non_christian,-7.8290209909635,0.06217806320564661,-3.100946500576812,0.01408294503940099,-0.9957312515896047,0.631031260885542,-3.798424005508423,0.042863111934047876,-3.835157821886221,0.03284555082184188
406,MQDQ-395,non_christian,-7.735980002038929,0.06275455405337431,-3.69280627535157,0.0038432832926198696,-0.9978028971864552,0.6298639557103682,-6.843461990356445,0.003407715639818364,-6.775773253246267,0.0019398427088834767
407,MQDQ-396,NA,-11.800265216794969,0.04173765001270335,-3.69280627535157,0.0038432832926198696,-0.8673001629023814,0.6999905201518033,-6.688229084014893,0.0038833620668273262,-6.321896630018672,0.003013394280652204
408,MQDQ-397,non_christian,-0.9695408386821215,0.12048763348030027,-2.7958009027332125,0.027285341706350476,-0.9840466952765463,0.6375861136942248,-4.412601470947266,0.025963043084643856,-3.864080021029143,0.031963419859098965
409,MQDQ-398,NA,-4.675285389901518,0.08471904677450906,-2.781507044775353,0.028137023538567837,-0.6020800823084217,0.8158807705733794,-2.5590972900390625,0.11314758685847703,-3.2135879228862967,0.0585317375641352
410,MQDQ-399,non_christian,-16.3911838006253,0.026098302899197488,-3.69280627535157,0.0038432832926198696,-0.9993167664778766,0.629009977526243,-6.506888389587402,0.004523338233830355,-6.476901587900938,0.002592696291573562
411,MQDQ-400,NA,-9.890946504978217,0.050608059941649124,-3.69280627535157,0.0038432832926198696,-0.7497188397519409,0.7561380931558741,-5.775262832641602,0.008359896765950753,-5.952208716075774,0.004311993916220972
412,MQDQ-401,NA,-10.790784299255591,0.046224680097254896,-3.69280627535157,0.0038432832926198696,-0.8074242703212172,0.7294950007945376,-6.02585506439209,0.00677574182119885,-6.584346964599737,0.0023359802646995224
413,MQDQ-402,NA,-11.119823597580591,0.04471388386984709,-3.69280627535157,0.0038432832926198696,-0.7902460349122961,0.737614651606248,-7.026259899139404,0.002921529340153971,-6.405685245002607,0.002778170127553395
414,MQDQ-403,non_christian,-31.291176146023417,0.00550888623371736,-3.69280627535157,0.0038432832926198696,-1.0305975615077756,0.6111906160500356,-6.73966121673584,0.003718862935974131,-6.339542005044591,0.0029622608363919
415,MQDQ-404,non_christian,-34.538776394910684,0.003913247137462153,-2.9996915365759054,0.017555611900185838,-0.9996826237725821,0.6288034750628557,-3.772643566131592,0.043765547044126024,-3.7767770460733914,0.03469835323729992
416,MQDQ-405,non_christian,-16.174903632389373,0.02668626379930348,-3.69280627535157,0.0038432832926198696,-0.9965584519514028,0.6305653433225482,-5.7082695960998535,0.008842357132919592,-5.905925647610914,0.004509681653721313
417,MQDQ-408,non_christian,-29.413824745674788,0.006711199699442852,-3.69280627535157,0.0038432832926198696,-0.9975588515533615,0.630001546727601,-5.7919464111328125,0.0082438647032717,-5.9257630133253825,0.004423869397358854
418,MQDQ-409,NA,-1.1770606329960742,0.11818029577529851,-2.81264785688313,0.026313680005812645,-0.7225644058520558,0.7680431628961435,-3.013012647628784,0.07999309876050979,-3.3178230371214927,0.05318775374140586
419,MQDQ-410,NA,-6.623202468728351,0.07004609598503088,-3.69280627535157,0.0038432832926198696,-0.8867437633606148,0.6900233734797491,-6.281101226806641,0.005468689380342089,-6.740112911145441,0.0020081807496694407
420,MQDQ-411,non_christian,-7.719342811490321,0.06285816391947194,-3.69280627535157,0.0038432832926198696,-0.9957514749173768,0.6310198730796754,-6.200804233551025,0.005850270710365634,-6.092147971517222,0.0037652522314824506
421,MQDQ-412,NA,-10.22533571082289,0.0489350031371534,-2.965398457681148,0.018912719113023904,-0.7531002769746346,0.7546269734908256,-2.7902731895446777,0.09498121134237904,-3.0827722018994503,0.06595127090210927
422,IT-LAT0934,non_christian,-34.538776394910684,0.003913247137462153,-2.105511663996581,0.11434750033189502,-0.9641653504633081,0.6486214838256056,-6.278369426727295,0.005481255066142378,-4.9641797531634,0.011196797573664345
423,IT-LAT0916,NA,-34.538776394910684,0.003913247137462153,-3.6074746117941396,0.004637847802321061,-0.9003069644171298,0.6829638481438973,-6.6370038986206055,0.004054401997002017,-6.105676103527918,0.0037162078669676457
424,MQDQ-490,non_christian,-18.432379942850616,0.021136311225543776,-3.69280627535157,0.0038432832926198696,-0.995934973141466,0.6309165381071349,-6.2682881355285645,0.005527875815095119,-6.418336892144143,0.0027442801452600522
425,MQDQ-240,non_christian,-6.813017977101254,0.06874916465057945,-3.001417785990065,0.017489885689469922,-0.9942012446748696,0.631892387535849,-5.654863357543945,0.009246652813846757,-5.569206066391524,0.00624664746867644
426,MQDQ-138,non_christian,-34.538776394910684,0.003913247137462153,-2.4328172602149962,0.05891383722649665,-0.9604095692185876,0.6506888725981047,-5.465060710906982,0.0108373111385912,-4.2181722687463346,0.022862199949605005
427,IT-LAT0749,NA,34.53957599234088,0.8543415444903693,2.6771906852974925,0.9998026718185368,0.7251334238987623,0.9909736208769536,6.958737373352051,0.997481124618155,6.2248398171900075,0.998347711500453
428,IT-LAT0256,christian,34.53957599234088,0.8543415444903693,3.361081070345686,0.9999565106802968,1.2589253818855721,0.9975013598082338,8.660028457641602,0.99940038611875,6.712393739002173,0.9989711029307867
429,IT-LAT0350,NA,34.53957599234088,0.8543415444903693,4.2239067407774655,0.9999935485263479,1.3030081704359264,0.9977534726762397,7.085909843444824,0.9977371223181484,6.396038104550361,0.9986008412880784
430,IT-LAT0750,christian,34.53957599234088,0.8543415444903693,2.3441836350533363,0.9995879523403575,0.9855171319815179,0.9951709841306627,7.421432971954346,0.9982946758335703,6.358228600130774,0.9985484960296329
431,IT-LAT0606,NA,34.53957599234088,0.8543415444903693,3.4044900818087607,0.9999604915307713,1.3370119999411223,0.9979304626482035,6.835834980010986,0.997206314864343,6.441083770781161,0.9986607494314262
432,IT-LAT0733,NA,34.53957599234088,0.8543415444903693,-1.0170715817145863,0.5890730985499832,-0.4460578472247909,0.8659974148801538,-5.685626029968262,0.009011588805112436,-6.339803562983483,0.0029615094270159176
433,IT-LAT0744,NA,34.53957599234088,0.8543415444903693,2.090522432816511,0.999278139711642,0.7672255209478751,0.991840147870658,2.8343513011932373,0.9239489661063178,2.248350074790883,0.9265977560325762
434,IT-LAT0736,NA,34.53957599234088,0.8543415444903693,1.7346521824585457,0.9984155093133993,0.6002855096020945,0.9878306795982763,5.413850784301758,0.9907729205909338,5.299122682596174,0.9959435887981657
435,IT-LAT0747,christian,34.53957599234088,0.8543415444903693,2.879353154918091,0.9998738044726374,0.995610382986228,0.9952868865014398,8.282281875610352,0.9991751755960723,6.054003122868738,0.9980495609075003
436,IT-LAT0755,NA,34.53957599234088,0.8543415444903693,3.4980697921468944,0.9999678774093205,1.0559915021472377,0.9959246436139636,5.232925891876221,0.9892655265398417,3.3529148384174325,0.9736632048357998
437,IT-LAT0788,NA,34.53957599234088,0.8543415444903693,4.047522710393585,0.9999904704240336,1.3579628916052253,0.9980325115620408,7.175543785095215,0.9979017953594397,6.13196554103699,0.99819175954928685
438,MQDQ-491,NA,-1.0049743789187673,0.12009092702023927,-3.69280627535157,0.0038432832926198696,-0.8288288707540575,0.719159269329651,-6.052925109863281,0.006623566840462792,-6.720593175611547,0.0020465997149183477
439,IT-LAT0471,christian,34.53957599234088,0.8543415444903693,1.898354465641897,0.998896268257553,0.9824250153104455,0.9951349125174185,6.38920783996582,0.9959310690095979,5.834918914488058,0.9975873662974677
440,IT-LAT0746,christian,34.53957599234088,0.8543415444903693,2.124524064598081,0.9993303968886206,0.9841217512667202,0.9951547391505222,7.0792083740234375,0.9977243045797287,5.957726289566358,0.9978584662987994
441,IT-LAT0347,non_christian,-34.538776394910684,0.003913247137462153,-3.448361574533666,0.006581048515902855,-0.9985242841429859,0.6294571201332494,-6.004143714904785,0.006900297970400165,-5.823597189352278,0.004883883363237456
442,LC-1,NA,-34.538776394910684,0.003913247137462153,-1.840002207778564,0.1884862660088685,-0.6630323145226942,0.7926991032087227,-5.272097587585449,0.012731611437614199,-5.119517036258484,0.009641584727987759
443,MQDQ-152,NA,-1.8664826083519728,0.11078797060471869,-3.69280627535157,0.0038432832926198696,-0.5945043653451438,0.8186171447137554,-6.0565032958984375,0.006603707675077478,-6.614300907615775,0.002269045284060802
444,IT-LAT0201,non_christian,-34.538776394910684,0.003913247137462153,-2.549220661668164,0.04615926645200113,-0.9878810636481004,0.635440591228518,-6.552762508392334,0.00435214585716492,-4.978258437276458,0.011046175020471704
445,IT-LAT0267,NA,34.53957599234088,0.8543415444903693,-0.27511638382015396,0.88090822576166,0.04111459557195063,0.9545333835104844,-5.020074367523193,0.015704921148176187,-2.887207893030714,0.07868385624486263
446,IT-LAT0865,christian,34.53957599234088,0.8543415444903693,2.968796006418531,0.9998964513634768,1.1947087567156522,0.9970827710723852,8.439305305480957,0.9992775675685506,6.663371446543235,0.9989209007981062
447,IT-LAT0059,christian,34.53957599234088,0.8543415444903693,3.926796177522412,0.9999875540072066,1.3166052960482513,0.9978259891402224,9.06515884399414,0.9995740948571775,6.116738595973665,0.998164824329915
448,IT-LAT0893,non_christian,-34.538776394910684,0.003913247137462153,-3.7856679080459172,0.0031319819916890276,-0.9972088361167678,0.6301988458305267,-7.058292865753174,0.0028437529853238535,-6.738959800018037,0.0020104301787643567
449,IT-LAT0895,non_christian,-34.538776394910684,0.003913247137462153,-3.4264874103684813,0.006904996686419567,-0.9950222669078786,0.6314303995796282,-6.220354080200195,0.005754997394441289,-5.9461910288972115,0.0043372008823543634
450,IT-LAT0896,non_christian,-16.799508066755266,0.025022449395991218,-3.067748326158599,0.015139602099871485,-0.9919814846965359,0.6331402298358233,-5.374177932739258,0.011692010692674034,-5.783114101240727,0.005079063702751231
451,MQDQ-439,non_christian,-6.739392669073368,0.06924955468948255,-3.0739878189586194,0.01493521838017102,-0.9891122838019626,0.6347505134375441,-2.74112606048584,0.09861061169895295,-3.3129330066464204,0.05342782439698406
452,MQDQ-41,christian,34.53957599234088,0.8543415444903693,4.762733675089949,0.9999980406127211,1.279399684156615,0.9976217843142944,7.274209976196289,0.9980692677048585,5.527437368418622,0.9967488794710311
453,MQDQ-39,christian,34.53957599234088,0.8543415444903693,2.862380299311992,0.999868978004366,0.9863860131462912,0.9951810722241511,6.26971435546875,0.9955008295119769,4.481286576895958,0.9910560302616273
454,MQDQ-40,christian,34.53957599234088,0.8543415444903693,2.117791855690836,0.999320359338351,0.9940842995203347,0.9952695415614972,7.918831825256348,0.9988790780564458,5.966307970135603,0.9978762323581384
455,IT-LAT0846,NA,-34.538776394910684,0.003913247137462153,-3.1691051130619052,0.012136239820385438,-0.6787652741136074,0.7863768023818792,-2.9398813247680664,0.08465929327129124,-3.240862902363374,0.05708660572674984
456,MQDQ-232,non_christian,-34.538776394910684,0.003913247137462153,-3.5343916831383253,0.005447021405592902,-0.9959347598779278,0.6309166582110824,-5.0403618812561035,0.015442179196598542,-5.345629398780402,0.007752584981796889
457,MQDQ-233,non_christian,-34.538776394910684,0.003913247137462153,-2.626455248431733,0.03919536265131347,-0.9968058791570826,0.6304259335217537,-6.836068630218506,0.0034289926321521324,-4.7481129123281915,0.013779809665506612
458,MQDQ-377,NA,-6.262051040359722,0.0725763453841863,-3.69280627535157,0.0038432832926198696,-0.9264624608487407,0.6691115156325027,-7.606288909912109,0.0017918470207103482,-6.561204567935634,0.0023890400265697853
459,MQDQ-558,NA,-34.538776394910684,0.003913247137462153,-2.6041757120776197,0.041093691509987276,-0.6986773474491114,0.778175444260732,-7.152734279632568,0.002626261153429356,-5.373022358211583,0.007550260230687646
460,IT-LAT0204,non_christian,-34.538776394910684,0.003913247137462153,-3.0302926023869463,0.016425666864729384,-0.9847337712175969,0.6372020601058612,-4.220895290374756,0.0303886244532352,-4.1553701631402324,0.024267554070569252
461,IT-LAT0913,NA,-34.538776394910684,0.003913247137462153,-2.7686045056428314,0.02892793298072935,-0.6369606098516469,0.8028695423476532,-6.520275115966797,0.004472700634073579,-6.822357960828546,0.0018540541990583169
462,IT-LAT0914,non_christian,-34.538776394910684,0.003913247137462153,-3.662513710681388,0.004108493618623943,-0.9986891342829571,0.6293641249279204,-7.14938497543335,0.002633682822370067,-6.293462528040138,0.003097649573018991
463,MQDQ-107,non_christian,-5.564133810660991,0.07770601606291681,-3.69280627535157,0.0038432832926198696,-0.9941716009010225,0.631909063521437,-5.4377312660217285,0.01108761811974427,-6.506152846063275,0.002520141753030505
464,IT-LAT0621,NA,-34.538776394910684,0.003913247137462153,-2.728371416807172,0.03153505046682631,-0.3665607317764603,0.8867821760798122,-4.909483432769775,0.0172163850046933,-4.853648656784505,0.012452027823132962
465,MQDQ-234,non_christian,-16.898737829517813,0.024767596004061195,-3.69280627535157,0.0038432832926198696,-0.996439932121917,0.6306321141407474,-6.756368637084961,0.00366693479859487,-6.393790614784948,0.002810412822541529
466,IT-LAT0264,christian,34.53957599234088,0.8543415444903693,0.7462742815214091,0.9860742037859426,0.9277258568270736,0.9944506202587178,5.446925640106201,0.9910248816849364,4.605538489888407,0.9920662591414573
467,MQDQ-157,NA,-34.538776394910684,0.003913247137462153,-2.8058341620392335,0.026702543378782206,-0.5808869522527441,0.8234560112951668,-4.759855270385742,0.01949087307763144,-2.6060862503556326,0.10093425086672334
468,MQDQ-289,non_christian,-1.7144625677226912,0.11238239840597453,-3.69280627535157,0.0038432832926198696,-0.9959264692116754,0.630921327265498,-6.052925109863281,0.006623566840462792,-6.720593175611547,0.0020465997149183477
469,MQDQ-158,non_christian,-0.7628577136464898,0.12282420700684585,-3.69280627535157,0.0038432832926198696,-0.9901792438616112,0.6341520524602775,-6.052925109863281,0.006623566840462792,-6.720593175611547,0.0020465997149183477
470,IT-LAT0268,christian,34.53957599234088,0.8543415444903693,0.9311703483261589,0.9907047106792783,0.9489280624503815,0.9947265422078845,6.319337844848633,0.9956847416110614,4.844521093705176,0.993701656058541
471,MQDQ-1,christian,34.53957599234088,0.8543415444903693,0.9252840017643881,0.9905840569204405,0.96923531668533,0.9949780105322346,5.493001461029053,0.9913645552515711,4.968726932835714,0.9944144944219079
472,IT-LAT0665,non_christian,-34.538776394910684,0.003913247137462153,-2.252899593417305,0.08525107354849218,-0.98564983777556,0.6366897356680912,-6.006218910217285,0.006888295126988459,-4.845873169396451,0.012545387026078963
473,MQDQ-499,non_christian,-23.337540803578122,0.012687503785900313,-3.05482223053294,0.015571816458896524,-0.9873042715795265,0.6357636820592334,-4.51486873626709,0.02386547103569184,-3.7303547943550797,0.03624316144498412
474,MQDQ-500,non_christian,0.22925868323852686,0.13458807891178834,-3.6701946961914866,0.004039569867279285,-0.9982488472492947,0.6296124780799179,-5.648978233337402,0.009292309624312737,-5.636117567124106,0.005855294922700314
475,MQDQ-151,christian,34.53957599234088,0.8543415444903693,1.679519407664584,0.9982104030941799,0.9934848291858482,0.9952627108219602,7.501237392425537,0.9984056760143893,6.086328248264439,0.9981098264543679
476,MQDQ-241,non_christian,-34.538776394910684,0.003913247137462153,-1.6486369236890284,0.26179717004786374,-0.9724381834791314,0.6440480352459133,-2.8986122608184814,0.08740031073044205,-3.327995076666964,0.052691626819091744
477,IT-LAT0886,NA,-29.938437881044592,0.006351149016187542,-3.252851257384971,0.010105049593936632,-0.7475465037384526,0.7571055492366339,-3.7079555988311768,0.04611039246932,-3.3321159941026752,0.05249188133557188
478,LC-11,non_christian,-34.538776394910684,0.003913247137462153,-1.9628010663486624,0.15040082688548256,-0.9580906553796357,0.6519625123659015,-4.997786998748779,0.015998635322800384,-3.9484528208382494,0.029519031731045902
479,MQDQ-166,non_christian,-1.0774038752522015,0.11928353009965682,-3.69280627535157,0.0038432832926198696,-0.9960022767993972,0.6308786337946302,-6.406275749206543,0.004922634636093534,-6.8604249858209165,0.001786770969870201
480,MQDQ-540,non_christian,-6.4674259579389854,0.07112731614797688,-3.69280627535157,0.0038432832926198696,-1.0344626302518818,0.608966982059879,-6.129034042358398,0.006213670743806213,-6.7120412960614155,0.0020636618680351217
481,MQDQ-580,NA,-5.073127700492705,0.08151170067547106,-3.7734131886786493,0.0032177513824597696,-1.028223902325864,0.6125539356057009,-6.738619804382324,0.0037221238869485037,-6.247449128501858,0.0032389985466656345
482,IT-LAT0233,non_christian,-34.538776394910684,0.003913247137462153,-3.2427751921998125,0.01033041043112495,-1.023569629513436,0.6152220053088753,-6.866436958312988,0.003342433203630032,-6.326196097120736,0.003000854608216995
483,MQDQ-569,non_christian,-34.538776394910684,0.003913247137462153,-2.5319175541565757,0.04787371574845132,-0.97344601659118,0.643489057166525,-7.629988193511963,0.0017563924382176575,-5.342662617275814,0.00777481797525576
484,MQDQ-570,NA,-34.538776394910684,0.003913247137462153,-3.506815484370312,0.005787581835299063,-0.9551247808505353,0.6535883255368595,-6.254159927368164,0.005593875710242745,-6.0960275549585,0.0037511217658942235
485,MQDQ-571,NA,-1.130688366372681,0.11869254924521168,-2.6304449816346525,0.03886441495606144,-0.7091798606735407,0.7737599374044981,-5.447843074798584,0.010994345939775918,-5.0430490697581565,0.010378435134969255
486,MQDQ-573,non_christian,-34.538776394910684,0.003913247137462153,-3.0813180323624927,0.014698575982101914,-0.9933229254017009,0.6323863486006994,-7.1045942306518555,0.0027349676761939516,-4.8615562722837815,0.01235778579067594
487,MQDQ-350,NA,-34.538776394910684,0.003913247137462153,-1.1121606811746807,0.5373885372527007,0.09419952030307921,0.9597911889295274,2.483689308166504,0.9003413004666615,2.6389255354903622,0.9486084021049349
488,MQDQ-617,NA,34.53957599234088,0.8543415444903693,3.4565136830553236,0.9999647853272153,0.9362420614061298,0.9945631331607291,8.236759185791016,0.9991428657945721,6.307287219827243,0.9984748651017799
489,MQDQ-592,NA,-34.538776394910684,0.003913247137462153,-3.7734243110763273,0.0032176724861472795,-0.8440160365051065,0.711681587331969,-7.574892997741699,0.0018399183425272826,-5.805100674074349,0.004972116619667059
490,MQDQ-581,NA,34.53957599234088,0.8543415444903693,1.6590577157686246,0.9981277122508554,0.475878065097618,0.983628642980875,4.931519985198975,0.9861958124139909,4.355108107385002,0.9898997516277305
491,MQDQ-595,NA,-34.538776394910684,0.003913247137462153,-3.292398131916879,0.009266624340273023,-0.9276648069066638,0.6684673950790615,-6.992913722991943,0.003004747977711842,-6.565103833371186,0.0023800164924298955
492,IT-LAT0115,NA,-34.538776394910684,0.003913247137462153,-3.0223240554492086,0.016712828109128643,-1.0729159949308702,0.5866110290453547,-7.420249938964844,0.0020961507312523154,-6.022282811049651,0.0040289899853138906
493,MQDQ-593,NA,-34.538776394910684,0.003913247137462153,-2.9728424662442294,0.0186096488184986,-0.8742278890511439,0.6964602371419655,-7.326263427734375,0.0022689716497757816,-5.630454014834147,0.005887453654558606
494,IT-LAT0574,NA,-34.538776394910684,0.003913247137462153,-3.3440441036538773,0.008274665984226253,-1.0258442452640664,0.6139189327354772,-3.8130717277526855,0.04235831993622987,-4.54693800905543,0.0167087978386029
495,IT-LAT0286,non_christian,-34.538776394910684,0.003913247137462153,-3.1425016282419573,0.0128622624291864,-0.9912244493616196,0.633565391776365,-4.68203592300415,0.020787720698820327,-3.8491198596327374,0.03241680849909468
496,MQDQ-149,NA,21.59070393948127,0.5984636350880613,-2.8023887725383134,0.026901296680580195,-0.5653094144806288,0.8288663607898278,-8.408817291259766,9.104425558228566e-4,-6.352427332089235,0.002925468615607897
497,MQDQ-476,NA,-34.538776394910684,0.003913247137462153,-3.292191144033029,0.00927082803969322,-0.9580439452468985,0.6519881451924956,-4.37327241897583,0.026816611020211854,-4.0547821718586965,0.02669568066508501
498,MQDQ-477,NA,-4.029684574872022,0.09016797732183589,-3.69280627535157,0.0038432832926198696,-0.8930315420042297,0.686761383745457,-7.412623882293701,0.002109669740406842,-7.031232608380613,0.001513644029258313
499,MQDQ-479,non_christian,-0.963325770847973,0.12055733254305787,-3.69280627535157,0.0038432832926198696,-0.9962088783449529,0.6307622691179922,-6.9789299964904785,0.003040345198516445,-6.895938278420712,0.0017262009265833075
500,MQDQ-480,non_christian,-8.463460458603521,0.058377058619922796,-3.560033931902995,0.0051482576303933545,-1.0169414169422102,0.6190096743014647,-4.515803813934326,0.023847075862934514,-5.013642800277427,0.010676400371204061
501,MQDQ-478,NA,0.37714106556583726,0.1364208800907384,-3.69280627535157,0.0038432832926198696,-0.7400219081266933,0.760436453908744,-5.299317359924316,0.01244579644039237,-5.465018917796419,0.006908366954084401
502,MQDQ-481,non_christian,-4.351786690456777,0.08741101818517888,-3.69280627535157,0.0038432832926198696,-0.9950953517796717,0.6313892631324459,-6.482829570770264,0.004615783521040433,-6.450671843681691,0.002659526146771474
503,IT-LAT0574_1,non_christian,-14.01886180231486,0.03329626274582592,-3.723456153217886,0.0035923012494351787,-0.9886202656513967,0.6350263477700177,-7.365170478820801,0.002195769304035568,-6.054242355044924,0.0039061352188427454
504,MQDQ-597,non_christian,-34.538776394910684,0.003913247137462153,-3.2988420214091647,0.009136696202975431,-0.9989814063131703,0.6291992249511217,-5.005853176116943,0.01589171639135192,-4.9580248258445865,0.011263283080995874
505,IT-LAT0574_3,non_christian,-34.538776394910684,0.003913247137462153,-2.9594400828484546,0.01915878757134074,-0.9830079957380684,0.6381663802174702,-4.948264122009277,0.016670750567668435,-5.436978558381543,0.00709805103064686
506,IT-LAT0574_7,non_christian,-34.538776394910684,0.003913247137462153,-3.1947344884536246,0.01147513507204425,-0.9893272789970768,0.6346299554322627,-5.853153705596924,0.007831691518478534,-5.198629769802811,0.00893376711782339
507,IT-LAT0574_8,NA,-26.1928715830162,0.009410586552546585,-3.69280627535157,0.0038432832926198696,-1.011020714538653,0.6223808543976713,-6.427582740783691,0.004835246622871569,-6.27795114705902,0.003144598367679662
508,MQDQ-579,NA,34.53957599234088,0.8543415444903693,-0.8820454912621828,0.6589821329883758,-0.008988739331332152,0.9489751515286813,0.505733072757721,0.6295062662806202,1.0349294623618235,0.7949679379176089
509,MQDQ-583,NA,-17.305995097592245,0.02374787798923778,-3.251147511466502,0.010142810734948616,-0.7920309491352298,0.7367783254226997,-2.7492926120758057,0.0979990898723724,-2.569433335686454,0.10421629684513779
510,IT-LAT0878,NA,34.53957599234088,0.8543415444903693,1.8559412342334545,0.9987878563420127,0.3760341765724575,0.9792500614651048,6.812586307525635,0.9971510628487325,5.3965412456603845,0.9963090068258276
511,IT-LAT0574_6,non_christian,-34.538776394910684,0.003913247137462153,-2.5294515498986714,0.048122926898173414,-0.9916564971288612,0.6333227729621029,-5.5365495681762695,0.010208680636584401,-4.325448431343894,0.02064335712817799
512,MQDQ-599,NA,-34.538776394910684,0.003913247137462153,-3.0052249150023154,0.01734578401808433,-0.7810490858002099,0.7418966845551312,-5.394726276397705,0.011493116720623983,-4.4223659690141695,0.01882094180238718
513,MQDQ-596,NA,-34.538776394910684,0.003913247137462153,-3.329675481186102,0.00853955904284141,-0.7330966333579909,0.7634742911738631,-7.942591667175293,0.0013493065776713801,-6.331416495025949,0.0029856988951503364
514,MQDQ-598,NA,-7.12875985422329,0.06664100822967182,-3.2961667966233765,0.009190416187530288,-0.6985635888123384,0.7782229321084823,-6.802095413208008,0.003528477014017586,-4.939711588072908,0.011463419398580246
515,IT-LAT0574_4,NA,-34.538776394910684,0.003913247137462153,-3.6999460961810122,0.0037833000454337838,-1.1603488191167215,0.5345741420294636,-9.30221176147461,4.282461418698935e-4,-7.296898113993259,0.001169319918328612
516,MQDQ-56,NA,34.53957599234088,0.8543415444903693,3.811623312812163,0.9999839434978507,1.1603206553843783,0.9968305804322695,5.69123649597168,0.9926863381028415,4.54248369559104,0.9915685958444755
517,IT-LAT0719,NA,34.53957599234088,0.8543415444903693,2.654414477068973,0.9997924794446102,0.7915326431669869,0.9923024238137808,5.61658239364624,0.9922139485964342,5.179060129460128,0.9954433192562164
518,MQDQ-588,non_christian,-34.538776394910684,0.003913247137462153,-3.0424075104833532,0.015998355338550853,-0.9871598085768123,0.6358445840484634,-6.47627067565918,0.004641310492058979,-5.973481568756051,0.004224049506296701
519,MQDQ-589,NA,-34.538776394910684,0.003913247137462153,-3.698710674063436,0.003793611970208212,-0.7989008692678028,0.7335434597658514,-9.299439430236816,4.292498342057676e-4,-6.55448100861956,0.0024046796713399314
520,IT-LAT0263,NA,34.53957599234088,0.8543415444903693,2.539291700086399,0.9997323237464575,0.5627605121761976,0.9866899889198599,7.299527645111084,0.9981100459040109,5.296817772375904,0.9959345201512343
521,IT-LAT0574_2,non_christian,-15.911806185778914,0.027418880830966736,-3.674109620585768,0.004004884384128441,-0.9943231412972162,0.6318238117675385,-4.401630878448486,0.026198444991740514,-4.710168314927782,0.014290562771057176
522,IT-LAT0061,NA,-34.538776394910684,0.003913247137462153,-2.456779874104392,0.05604333951744954,-0.35429875094934027,0.8897255947119033,-5.078458786010742,0.014960428848223437,-3.5215398833339306,0.04404703201658716
523,MQDQ-584,NA,-10.19357484426314,0.049091630914684166,-3.786151397045846,0.00312864524214673,-0.7867849693906873,0.7392314567080527,-4.937236785888672,0.01682414910882108,-5.094778979623396,0.009874109582636681
524,IT-LAT0574_5,NA,-34.538776394910684,0.003913247137462153,-3.519283277011057,0.005631061341304129,-0.9876839394891864,0.6355510243308411,-10.750997543334961,1.2597782540735213e-4,-7.2685133305267895,0.0012020189744290006
525,MQDQ-591,non_christian,-34.538776394910684,0.003913247137462153,-2.9813360934417883,0.018269662266478793,-0.9921700679528745,0.6330342864863648,-9.529007911682129,3.5360540538942765e-4,-6.102420027568915,0.0037279538456992927
526,MQDQ-601,non_christian,-34.538776394910684,0.003913247137462153,-2.423790116942847,0.0600305325080564,-0.9877640571590125,0.6355061424471042,-7.641136169433594,0.0017399578917562638,-5.057534705064396,0.010234696346366425
527,IT-LAT0793,christian,34.53957599234088,0.8543415444903693,0.4741773827636361,0.9748693018970708,0.9466074195782084,0.9946970193698024,4.427906036376953,0.9790294705526437,4.224879733390782,0.9885512053819049
528,MQDQ-602,NA,-34.538776394910684,0.003913247137462153,-3.3542506362778246,0.008091468841123306,-0.9035097855408074,0.6812842818453378,-7.1770830154418945,0.0025729305575734026,-6.044692495588299,0.003942449405765807
529,IT-LAT0121,NA,-34.538776394910684,0.003913247137462153,-1.3475977585917234,0.4083322951541412,-0.5879280696402498,0.8209667681460053,-6.764172077178955,0.0036429291494607897,-5.099137254648247,0.009832744915186474
530,IT-LAT0397,NA,34.53957599234088,0.8543415444903693,4.725680793255339,0.9999978732848716,1.2573734465816444,0.9974919875070462,8.307666778564453,0.9991926610855436,6.349955809174816,0.998536784548475
531,MQDQ-590,NA,-34.538776394910684,0.003913247137462153,-2.4835623206314716,0.052990946302471274,-0.7220576222991397,0.7682614443377694,-6.765101432800293,0.003640080636044027,-5.102476198157712,0.009801170897560423
532,MQDQ-603,non_christian,-34.538776394910684,0.003913247137462153,-2.1082232045663094,0.11374158435132416,-0.9903869993691115,0.6340354735367381,-7.541886329650879,0.0018918445361044327,-5.452033466351374,0.0069955753594878696
533,MQDQ-578,non_christian,-34.538776394910684,0.003913247137462153,-3.400292170377585,0.00731383310115473,-0.9996741255833663,0.6288082722679502,-8.554109573364258,8.053661586653437e-4,-5.913587642739378,0.004476342809884359
534,MQDQ-512,NA,34.53957599234088,0.8543415444903693,3.7926309395394617,0.9999832547080852,0.735859038246852,0.9912027191736166,4.183646202087402,0.974346816290387,4.787241049681209,0.9933431355873943
535,MQDQ-609,NA,15.757572947972237,0.44569473526833,-2.6230627857670084,0.0394788918106189,-0.29538643090889094,0.9029481770080264,0.6986602544784546,0.6666514884289522,2.0160354187350737,0.9096662521903233
536,LC-9,NA,-34.538776394910684,0.003913247137462153,-2.5537971420111485,0.04571567505680976,-0.9486534956432167,0.6571232490093578,-7.381444454193115,0.0021658537753570335,-5.5114316739687155,0.006605399631758918
537,MQDQ-16,non_christian,-34.538776394910684,0.003913247137462153,-3.421607547794239,0.006979398888028749,-1.088254162354084,0.5775875419584957,-9.440751075744629,3.809664089966985e-4,-7.222488441846622,0.0012569914483915368
538,MQDQ-165,non_christian,-34.538776394910684,0.003913247137462153,-2.322538685602312,0.07398252165471325,-0.9789528947138387,0.6404278831823423,-4.369155406951904,0.026907525994612828,-3.823976400070063,0.03319285204172648
539,MQDQ-281,NA,34.53957599234088,0.8543415444903693,1.6314145077281126,0.9980099109952246,0.2895907403848803,0.9745480436690469,3.981506109237671,0.9697146340069143,3.7475599051485355,0.9819077507149454
540,IT-LAT0410,christian,34.53957599234088,0.8543415444903693,2.477033391410325,0.9996928210293439,0.9949573429767813,0.9952794720343778,8.138376235961914,0.9990686534426222,5.910202840399383,0.9977573632551893
541,MQDQ-179,NA,0.6158962951250898,0.13942424356921337,-3.69280627535157,0.0038432832926198696,-0.81666848733645,0.7250606729689858,-5.9801411628723145,0.007040646232941547,-6.249115124152492,0.0032337703154906717
542,MQDQ-180,christian,34.53957599234088,0.8543415444903693,3.904929760336841,0.9999869373327972,1.1478295956507658,0.9967336904702804,7.269320487976074,0.9980612918039484,5.647147141033214,0.9971052402466404
543,IT-LAT0847,NA,34.53957599234088,0.8543415444903693,4.672296631139223,0.9999976067700602,1.3794803186004492,0.9981320941674646,9.681880950927734,0.9997469974276457,6.5065143783181,0.9987432347977862
544,IT-LAT0843,christian,34.53957599234088,0.8543415444903693,3.9618169625112674,0.9999884815866932,1.2265046305219531,0.9972981083853858,7.77601432800293,0.9987355261582762,6.478400622692603,0.9987084337081163
545,MQDQ-27,NA,-34.538776394910684,0.003913247137462153,-2.502005927545522,0.05098090070398497,-0.8284358076158926,0.719351225110405,-5.027773857116699,0.015604691677229894,-5.526628353467173,0.006509097880022218
546,MQDQ-15,NA,-34.538776394910684,0.003913247137462153,-2.5707578575146792,0.04410684715525907,-0.9162243741983718,0.6745704306575478,-7.554600715637207,0.001871671242281598,-5.225876693365244,0.008702111947984852
547,MQDQ-17,NA,-34.538776394910684,0.003913247137462153,-2.630539589393502,0.038856599893562924,-0.9914893862164097,0.6334166230430288,-5.943998336791992,0.00725734580791339,-5.7518438324979675,0.005235121988369706
548,IT-LAT0726,NA,34.53957599234088,0.8543415444903693,0.6902224125843195,0.9842652398342923,0.32767667615008156,0.9767355988272799,4.178647041320801,0.9742410464126781,4.593588690640134,0.9919742365398078
549,LC-8,NA,-34.538776394910684,0.003913247137462153,-3.099480690794338,0.014128027392338665,-0.9820806765615994,0.6386840842505785,-7.3755106925964355,0.0021767140708096344,-6.55327689183555,0.002407491327056783
550,IT-LAT0373,NA,-34.538776394910684,0.003913247137462153,-3.2422086760087665,0.010343227756609705,-1.0664869284228473,0.5903764022817054,-4.928762912750244,0.016942968956362648,-3.9580317957653484,0.029253244629092394
551,LC-4,non_christian,-34.538776394910684,0.003913247137462153,-2.8496120325801977,0.02429828828393579,-1.0287222637884899,0.6122678453197119,-8.059653282165527,0.0012224137918018122,-5.920252025719473,0.004447544359445422
552,MQDQ-21,NA,-34.538776394910684,0.003913247137462153,-2.2856497572177714,0.07976972513963956,-0.7876781504171313,0.7388148333114154,-7.444429874420166,0.0020538549970442613,-6.519536994512945,0.0024876226546152705
553,IT-LAT0403,christian,34.53957599234088,0.8543415444903693,4.4974388753015475,0.9999964768272133,1.273562652490274,0.9975880549804812,7.359580039978027,0.9982033651042741,6.872279099250758,0.9991191806184596
554,MQDQ-22,non_christian,-34.538776394910684,0.003913247137462153,-2.6303343503007515,0.0388735555571071,-0.9787695562299379,0.6405299834853354,-6.590036392211914,0.0042178097690195055,-4.695130265591456,0.014498105534241622
555,LC-3,NA,-34.538776394910684,0.003913247137462153,-3.5395204697902862,0.005385916176887514,-0.7556577169189911,0.7534798982196851,-8.168022155761719,0.0011155943451372147,-6.383237267267604,0.0028393319684617484
556,IT-LAT0337,NA,-34.538776394910684,0.003913247137462153,-3.520541651949579,0.005615499489099811,-0.9139064227645358,0.6757998694313259,-6.826875686645508,0.0034556332974085874,-5.557765081215345,0.006316118936012599
557,IT-LAT0351,NA,-34.538776394910684,0.003913247137462153,-3.369476109828702,0.007825637911219473,-1.2930335366533214,0.4545312196172963,-8.352374076843262,9.548631455231684e-4,-6.815593572514388,0.0018662721432236655
558,MQDQ-440,NA,-34.538776394910684,0.003913247137462153,-2.987782209132301,0.01801571010480374,-0.6104114337481104,0.8128346735140145,-7.105385780334473,0.0027331444674124016,-4.439617855414315,0.018513507903931664
559,MQDQ-290,NA,-34.538776394910684,0.003913247137462153,-3.2117448736013765,0.01105613816186603,-0.880889553111653,0.6930435419559455,-5.469888210296631,0.01079368113675978,-4.9824364449185525,0.011001862844223704
560,MQDQ-563,NA,-34.538776394910684,0.003913247137462153,-3.3796473697778446,0.00765289773586061,-0.7680160395595641,0.7478862137588049,-6.5178656578063965,0.004481772995383088,-5.40322625329921,0.007333243940465595
561,MQDQ-449,non_christian,-34.538776394910684,0.003913247137462153,-3.419032026373937,0.007018987695310042,-0.9955824365219568,0.6311150545284849,-6.491002559661865,0.004584170039358935,-6.1811998849311385,0.0034538744353588653
562,MQDQ-293,NA,-34.538776394910684,0.003913247137462153,-3.1834817609153445,0.01176089659952749,-0.9532854898458899,0.6545947799985719,-4.880427360534668,0.017636658309905618,-3.6626484561145873,0.03861542151681214
563,MQDQ-492,NA,34.53957599234088,0.8543415444903693,4.650251016190497,0.9999974871933133,1.532557581681968,0.9987093056874207,7.0138726234436035,0.9975954797296648,5.951834410526738,0.9978461829641561
564,IT-LAT0361,NA,-24.272385464549643,0.011506429153672353,-3.69280627535157,0.0038432832926198696,-0.7836611914206851,0.7406851531453732,-7.428479194641113,0.0020816593692964515,-6.733919229975951,0.002020292617412871
565,IT-LAT0362,NA,-34.538776394910684,0.003913247137462153,-3.4054681678066903,0.0072311884698215,-0.8921106253907753,0.6872403058528866,-7.174462795257568,0.002578617320251534,-5.817776871628304,0.004911478497400514
566,IT-LAT0364,non_christian,-34.538776394910684,0.003913247137462153,-3.2884676372481723,0.009346771884238166,-0.9916499883064465,0.6333264285291893,-4.811683654785156,0.018671502249390588,-3.91469580770184,0.03047447424165227
567,IT-LAT0365,NA,-11.38879730946428,0.04351395832598331,-3.0559362232481866,0.01553409415257337,-0.7359237916344212,0.7622373515942424,-7.219668865203857,0.0024822393208468823,-6.057111681029835,0.003895289585790755
568,IT-LAT0366,NA,-34.538776394910684,0.003913247137462153,-3.69280627535157,0.0038432832926198696,-0.8992431495230807,0.6835206647073727,-6.003464221954346,0.006904232641349975,-5.817082601763587,0.004914780491088216
569,IT-LAT0367,NA,-34.538776394910684,0.003913247137462153,-3.269175898254024,0.009750218743658374,-0.7336798768073829,0.7632194742861144,-7.704843521118164,0.0016489419767997016,-4.535190296009278,0.016897601326415837
570,IT-LAT0850,NA,-34.538776394910684,0.003913247137462153,-3.1264389766931178,0.013321204738622233,-1.0701931439876933,0.5882070110265093,-7.125351905822754,0.0026875544225517605,-6.011866869441722,0.004069855266519104
571,IT-LAT0329,non_christian,-34.538776394910684,0.003913247137462153,-3.5020571580270383,0.005848451646319887,-0.9952141022889699,0.63132241931506194,-5.955968379974365,0.007184854183956919,-4.725574444841229,0.014080976664757229
572,IT-LAT0238,non_christian,-34.538776394910684,0.003913247137462153,-3.440561370204377,0.0066947971024393284,-0.9966161702225692,0.630532824623321,-9.8478422164917,2.7013521201684995e-4,-7.723121688116435,7.727374423407295e-4
573,MQDQ-114,non_christian,-32.22359564990893,0.004993961771452515,-3.4189628167267045,0.007020054600050759,-0.98623170847706,0.6363641541930657,-5.145806789398193,0.014144737203347215,-3.331095346126042,0.05254128654762582
574,MQDQ-10,non_christian,17.739546262677123,0.4979031981375931,-3.0556318522636223,0.015544391901852946,-0.9829270510501085,0.6382115828415992,-4.044261932373047,0.03510715905999014,-3.289938853093997,0.05457046389609039
575,IT-LAT1004,NA,34.53957599234088,0.8543415444903693,-0.37616646069354165,0.8553971091379877,0.3065212231164558,0.9755441842766885,6.83362340927124,0.9972011052373055,5.232363394014078,0.9956725835313477
576,MQDQ-379,NA,29.733735110890517,0.7791303251570509,-2.3304848471897484,0.07278752671986347,-0.22371714667844844,0.9171129255753814,-3.809115171432495,0.04249410855217931,-3.707571816650299,0.03702533260000083
577,IT-LAT0015,NA,34.53957599234088,0.8543415444903693,-0.3146683475299678,0.8714213759928598,0.23920617117273224,0.9713442456048444,5.148138523101807,0.9884776379350332,3.937624513014641,0.9849158366769957
578,MQDQ-26,NA,-34.538776394910684,0.003913247137462153,-1.4153382136406667,0.37269321120892707,-0.6830419002177267,0.7846341571076384,-2.156338930130005,0.1520327192469637,-2.7674330029146876,0.08755610312959713
579,MQDQ-23,NA,-34.538776394910684,0.003913247137462153,-2.570429399204867,0.04413748443928891,-1.050449522993492,0.5997222418411705,-6.42803955078125,0.004833390075362432,-5.814561756138275,0.004926788382862228
580,LC-5,non_christian,-34.538776394910684,0.003913247137462153,-2.982440367833859,0.01822591008799503,-0.9985778626826924,0.6294268964781422,-8.622000694274902,7.605100752809007e-4,-5.968103548563108,0.004246112718301151
581,MQDQ-25,NA,-34.538776394910684,0.003913247137462153,-3.204963991751395,0.011221319170040007,-0.9499496426831774,0.6564166110699292,-8.036752700805664,0.0012462628183863358,-6.856528791490861,0.0017935439828905993
582,MQDQ-116,non_christian,0.9002654212448532,0.1430734812684743,-1.494146721011752,0.3329273374148518,-0.972789619355394,0.6438531616039083,-3.275245428085327,0.06513330798694286,-1.4616975154497764,0.2547167456480308
583,MQDQ-28,NA,-10.071677298964687,0.04969718957616918,-3.69280627535157,0.0038432832926198696,-0.9291669238020097,0.6676617944258976,-5.838468551635742,0.007928678498804523,-6.324952618568983,0.003004475936511122
584,IT-LAT0612,christian,34.53957599234088,0.8543415444903693,2.421033486329554,0.999652334558952,0.9880900120949059,0.9952007955468195,6.101869106292725,0.9948189954483444,5.426650062884838,0.9964151669058036
585,MQDQ-282,NA,34.53957599234088,0.8543415444903693,4.7729719491312,0.9999980844808779,1.3389584467488724,0.9979401619998156,8.213491439819336,0.9991258662061779,5.575964063780439,0.9968983249465226
586,MQDQ-368,NA,34.53957599234088,0.8543415444903693,2.0970314511543178,0.9992884494616822,1.0713341795025917,0.9960725099566485,5.820179462432861,0.9934361869546988,4.545983354914919,0.9915970110335057
587,MQDQ-367,NA,34.53957599234088,0.8543415444903693,2.190053540985431,0.9994206834151963,0.9380817189180952,0.9945871384501282,7.889986515045166,0.9988514599779855,5.246051437320073,0.9957295805194488
588,MQDQ-371,NA,34.53957599234088,0.8543415444903693,5.396136439227075e-4,0.9315474157070067,0.039263650757863644,0.9543387107121389,4.015477180480957,0.9705461705740618,1.719090068498595,0.882952831699146
589,MQDQ-374,NA,34.53957599234088,0.8543415444903693,2.255569120742576,0.9994987867874949,0.793540645472099,0.992339429506889,4.727561950683594,0.9836426409050748,4.6486183513086585,0.9923894020327683
590,MQDQ-375,christian,12.00884444086763,0.35098800867490615,0.8369610591368037,0.988576049233715,0.9606343337191772,0.9948729933104539,4.161511421203613,0.9738752677521433,3.983833552114956,0.9855693271936437
591,MQDQ-369,NA,34.53957599234088,0.8543415444903693,1.0293721954326143,0.992505730263959,0.6078809269260919,0.9880495354295716,4.877687454223633,0.9855628290925494,5.434601940027513,0.9964426927700297
592,MQDQ-373,NA,34.53957599234088,0.8543415444903693,1.8989678189522259,0.9988977628114153,0.7271702776380711,0.9910175780470691,5.783936500549316,0.9932334950280802,4.5927962070363035,0.9919680965097529
593,MQDQ-366,christian,34.53957599234088,0.8543415444903693,1.4413613954431588,0.9969733217649529,0.9711264075274055,0.9950008120137557,6.873483180999756,0.9972935309595398,5.695347578478946,0.9972374759084657
594,MQDQ-372,christian,34.53957599234088,0.8543415444903693,1.4205471777393441,0.9968311893620727,0.9358931694984285,0.9945585686167024,5.113522529602051,0.988139773897266,4.483896958370005,0.9910785114768734
595,IT-LAT0270,NA,34.53957599234088,0.8543415444903693,1.0111370109336943,0.9921997198346952,0.4025252746251642,0.9805126917118966,4.717964172363281,0.9835116729449105,4.604333716271045,0.9920570291062712
596,MQDQ-284,NA,3.323305972682871,0.17746252318933106,-2.2315762403403605,0.08900136160085975,-0.44753984983072786,0.8655809364012935,-5.515665531158447,0.010388495357787695,-5.901541708957378,0.004528868083305375
597,MQDQ-280,christian,34.53957599234088,0.8543415444903693,2.2912990632401753,0.9995368511205059,0.98569525971239,0.9951730539833479,5.791513442993164,0.9932763774358939,4.831699015234605,0.9936231059819082
598,MQDQ-279,NA,34.53957599234088,0.8543415444903693,3.6337707163746025,0.99997620563513,1.082059291892842,0.996172688673667,6.665986061096191,0.9967766720831941,5.179683689487853,0.9954460699460512
599,MQDQ-192,NA,-29.941386733265517,0.006349180406471774,-2.9888481562077667,0.017974051090898717,-0.5057499256995297,0.8483422954932195,-6.031888008117676,0.006741529540767944,-5.340634295261798,0.007790054572345182
600,IT-LAT0001,NA,34.53957599234088,0.8543415444903693,1.903755682675314,0.9989093600984146,0.7301767374912256,0.9910820728537458,2.2823476791381836,0.8840069524156289,2.0478177201345344,0.9121749348993873
601,MQDQ-278,christian,34.53957599234088,0.8543415444903693,1.0426798966758786,0.99272150236394,0.9648185120280266,0.9949243518645089,5.803900718688965,0.993345903737693,5.074035462014695,0.9949556257196597
602,MQDQ-365,christian,34.53957599234088,0.8543415444903693,2.1741560658609824,0.9993999652471932,0.9939205438803786,0.995267676601143,7.490718364715576,0.9983914683099039,5.935390713488963,0.9978115281338165
603,MQDQ-418,non_christian,-34.538776394910684,0.003913247137462153,-3.677315122157793,0.003976705242429454,-1.0939476912902553,0.5742244585865828,-7.370294570922852,0.0021863057708886332,-5.540556742827958,0.006422058975212924
604,MQDQ-417,non_christian,-34.538776394910684,0.003913247137462153,-2.3143434924880584,0.07523385414968753,-0.9872335015776323,0.6358033155460118,-7.724344730377197,0.0016220433974216428,-5.213612821881882,0.008805634042837747
605,IT-LAT0880,christian,34.53957599234088,0.8543415444903693,2.0015530421853525,0.9991213019952416,0.9770655171932423,0.9950717541262681,7.206061840057373,0.9979550882553324,5.809086911776245,0.9975261212826277
606,MQDQ-87,NA,-34.538776394910684,0.003913247137462153,-2.2419082413813625,0.08716595933977957,-0.598339408496884,0.8172358901548319,-7.0153021812438965,0.002948618739613671,-5.846077748673131,0.004778740315941842
607,IT-LAT0353,non_christian,-13.34920778918854,0.035653715047419314,-3.6977175500132846,0.0038019217583399054,-0.992561431103253,0.6328143833041194,-7.297674179077148,0.0023243087000646874,-6.937176714601261,0.001658433780394617
608,MQDQ-562,non_christian,-34.538776394910684,0.003913247137462153,-2.2814845049699928,0.08044856624067237,-0.9768007199360796,0.6416256152532122,-4.021086692810059,0.035776420348360205,-3.280384175175387,0.055052001564717935
609,IT-LAT0333,NA,-34.538776394910684,0.003913247137462153,-3.69280627535157,0.0038432832926198696,-0.8297329410415373,0.7187174552385445,-7.587730407714844,0.0018201089186510478,-6.650868749513455,0.0021899196323284507
610,IT-LAT0334,NA,-34.538776394910684,0.003913247137462153,-2.563063982318208,0.04482985483124427,-0.8918330976804956,0.6873845557015429,-7.307618618011475,0.0023049092761893873,-5.937178609611473,0.0043752268748117155
611,IT-LAT0336,non_christian,-34.538776394910684,0.003913247137462153,-3.505539591984768,0.005803841327279571,-0.9901889013530925,0.63414663365027,-8.910028457641602,5.963547183315884e-4,-6.337833174875399,0.002967174681002548
612,MQDQ-630,NA,3.722901581217537,0.1837181172544453,-3.69280627535157,0.0038432832926198696,-0.761745781031778,0.7507347647247389,-6.919914722442627,0.003195265377964938,-6.982496396863926,0.0015870194063309691
613,MQDQ-52,christian,34.53957599234088,0.8543415444903693,1.2528112330966343,0.995414484484421,0.9656379591647972,0.9949343500410827,4.140472412109375,0.9734192497284517,3.7460141074622957,0.9818810169950515
614,MQDQ-49,christian,34.53957599234088,0.8543415444903693,1.6060066301898768,0.9978951231752295,0.9775834033449544,0.9950778925377586,6.958069324493408,0.9974797062748434,5.94693803660373,0.9978359215790097
615,MQDQ-55,christian,17.213241967289836,0.48398783119550276,1.1724632728250073,0.9945276371683718,0.9573326724655666,0.9948321025229615,4.681125640869141,0.9829993460513605,5.054387166380894,0.9948587801986003
616,MQDQ-48,christian,34.53957599234088,0.8543415444903693,1.1542795449259764,0.994304357119144,0.9744164268262818,0.995040235596704,4.726386547088623,0.9836266568870067,4.364987514604608,0.98999539162589
617,MQDQ-53,christian,34.53957599234088,0.8543415444903693,1.183621882662426,0.994660322437585,0.9720557557616001,0.9950119796815682,5.284796237945557,0.9897210095295953,4.090476794730253,0.9869728547004583
618,MQDQ-54,NA,34.53957599234088,0.8543415444903693,0.42879945439000333,0.9722898308744289,0.607225902275669,0.9880308156310301,2.6441705226898193,0.9118626279671643,2.4835380154045374,0.9407191656672839
619,MQDQ-50,NA,34.53957599234088,0.8543415444903693,0.11950350971682493,0.946536426460794,0.5083220388872021,0.9848453999571071,1.0940414667129517,0.7363505869232443,1.3002026330786989,0.8338546681762129
620,MQDQ-51,NA,34.53957599234088,0.8543415444903693,1.7988875615117141,0.9986250621401871,0.7224034470098577,0.9909143710128449,6.902375221252441,0.9973586163143399,5.15213600889977,0.9953229590733788
621,MQDQ-243,NA,34.53957599234088,0.8543415444903693,4.819745538028649,0.999998272727838,1.3808810280503043,0.9981383994217252,8.8941497802734375,0.9995079333194349,5.663209712247169,0.9971499938618122
622,MQDQ-242,christian,34.53957599234088,0.8543415444903693,1.6454478474921406,0.9980706102800806,0.9794880212655037,0.995100402263451,7.10759162902832,0.997778101066642,5.073919793862414,0.9949550609417083
623,MQDQ-381,christian,34.53957599234088,0.8543415444903693,1.2747928184385502,0.9956311264669322,0.9575777281928957,0.9948351486315605,5.633739471435547,0.9923251245635204,5.391465355419962,0.9962908038241697
624,MQDQ-380,NA,34.53957599234088,0.8543415444903693,-1.5976638468034003,0.28416077161689657,-0.1980472003422108,0.9217116751935861,-2.4809892177581787,0.11993963016429209,-1.5307746384176157,0.24217144523509052
625,MQDQ-514,NA,-3.3465175019848914,0.09627589552773581,-3.69280627535157,0.0038432832926198696,-0.9357585803197321,0.6641150597549642,-6.544538497924805,0.004382354346183381,-6.564646697948974,0.002381072616219288
626,IT-LAT0016,NA,34.53957599234088,0.8543415444903693,-0.3038801671819872,0.8740711196408105,0.17970945621745815,0.9670555929556017,7.761409282684326,0.9987198486088098,5.187082405651429,0.9954785817737065
627,MQDQ-516,NA,34.43421547668306,0.8529488761995585,-0.43716276166786705,0.8378984309784621,-0.08031050940934914,0.9399460369598364,2.9120116233825684,0.9284325611230742,2.5330763884897642,0.9433502521470685
628,IT-LAT0768,christian,34.53957599234088,0.8543415444903693,0.7358524464351861,0.98575412394586015,0.9581289945830658,0.994841994494211,4.605097770690918,0.9818920513300219,3.9615639259690325,0.9852579469965201
629,IT-LAT0608,NA,34.53957599234088,0.8543415444903693,2.0160508363465928,0.9991490057552692,0.7865215473352987,0.9922092983330165,7.0368194580078125,0.997641533269285,5.987451765031821,0.9979193798242816
630,MQDQ-360,christian,14.208265835100816,0.4056448630469793,0.48895602155902196,0.975657742937633,0.9603383154180225,0.994869340323122,4.083067417144775,0.9721352752673785,4.131299622543153,0.9874737092288396
631,MQDQ-361,christian,34.53957599234088,0.8543415444903693,2.3067840270247792,0.9995524370179575,1.112126498065326,0.9964401664066224,8.092101097106934,0.9990315602295355,6.061990335446889,0.9980646279800869
632,MQDQ-362,NA,3.289636617718205,0.17694314196081526,-2.6650155080035294,0.036107006336470564,-0.5247619188970191,0.8423313601563973,-7.024894714355469,0.0029248907375173092,-5.0568150019843445,0.010241791114560047
633,MQDQ-189,christian,34.53957599234088,0.8543415444903693,1.4665717764723882,0.9971369884673547,0.9750418222361152,0.9950476945079992,7.36578369140625,0.9982127392707232,6.2669969097445035,0.9984139973695012
634,MQDQ-422,NA,34.53957599234088,0.8543415444903693,2.9840571315424307,0.9998998876531472,1.144510246507835,0.9967074503050233,6.462987899780273,0.9961759929907852,5.892706117873394,0.9977189524065624
635,MQDQ-364,christian,14.909026326359639,0.42363764902537027,0.7321423911352216,0.9856384379067087,0.9641583336215049,0.9949162826675476,5.96257209777832,0.994175771850194,4.99385951891693,0.9945486646523268
636,IT-LAT0904,christian,34.53957599234088,0.8543415444903693,2.9243771132452,0.9998857637682186,0.997748760103502,0.9953110841250847,6.758920192718506,0.9970193257355706,5.8898169756668795,0.9977125469824887
637,IT-LAT0383,NA,34.53957599234088,0.8543415444903693,-0.47185798078535113,0.8272042080354589,-0.05516648649590883,0.9432881959826751,-3.2246408462524414,0.06778525447172673,-2.8794198414155985,0.07923483934945319
638,MQDQ-66,christian,34.53957599234088,0.8543415444903693,2.2707055667730542,0.999515279713704,0.9757853089073112,0.9950565473391919,5.722704887390137,0.9928768336641571,5.255303729098271,0.9957676830306331
639,MQDQ-220,non_christian,-34.538776394910684,0.003913247137462153,-3.1993738301631085,0.011359327401357118,-0.9982108660166639,0.6296338989823111,-6.33732271194458,0.00521635200053264,-3.63019279740675,0.039804782152431016
640,MQDQ-121,NA,0.2416836110132298,0.13474126531118938,-3.69280627535157,0.0038432832926198696,-0.9087408649412182,0.6785309487611346,-6.0565032958984375,0.006603707675077478,-6.655163935325482,0.002180808261850722
641,LC-16,non_christian,-34.538776394910684,0.003913247137462153,-1.8912479224803822,0.17175893603251677,-0.9785110438505875,0.6406739261423846,-5.517179012298584,0.010375359380293107,-3.4829403901891425,0.04565549682154066
642,MQDQ-185,NA,-2.1845131274831004,0.10751634276631064,-3.925413524692678,0.0023012090238787295,-1.10304682258264,0.5688355733782969,-7.060156345367432,0.0028392925246310983,-7.235388799955914,0.0012413347163819227
643,MQDQ-423,christian,34.53957599234088,0.8543415444903693,2.798158188663795,0.9998489848410033,1.1270588237556964,0.9965659978087876,10.493003845214844,0.9998724752152647,6.470662093671332,0.9986986866384997
644,IT-LAT0189,non_christian,-34.538776394910684,0.003913247137462153,-2.6225178109022123,0.03952462170766304,-0.9814322776142106,0.6390458814193866,-4.19859504699707,0.03094864563397097,-4.255091684240645,0.022073463046853096
645,MQDQ-218,NA,29.851290899642176,0.7812632118538063,-1.9625507229498007,0.1504715881069987,-0.12077212447274155,0.9341786188312401,-5.88312292098999,0.007637399386405754,-3.538012670320548,0.04337718121403112
646,IT-LAT0610,NA,34.53957599234088,0.8543415444903693,3.504826547339552,0.9999683538457292,1.2217029585598804,0.9972666352485139,7.345625400543213,0.998182098878656,6.304732251753415,0.9984710754632277
647,MQDQ-363,NA,34.53957599234088,0.8543415444903693,2.3281827858887447,0.999573116133099,0.9927198390412197,0.9952539797880672,8.6060638427734375,0.9993724359238548,5.622014083075537,0.9970338043526985
648,LC-16_1,NA,34.53957599234088,0.8543415444903693,-0.6449685528611594,0.7655022238019569,0.12236760829246318,0.9623394391989025,5.008700847625732,0.9870558568821142,3.4484762427912767,0.975944960678583
649,MQDQ-219,NA,-34.538776394910684,0.003913247137462153,-3.0659811985897845,0.015197985722558599,-0.674615888886375,0.7880577613774297,-0.6696661114692688,0.3863109418771966,-2.030807991543059,0.16420750194564027
650,IT-LAT0776,christian,34.53957599234088,0.8543415444903693,0.9140872613612362,0.9903502575334335,0.9542013052399816,0.9947930211009076,4.818559169769287,0.9848345930835958,4.449834228853152,0.9907807020547534
651,MQDQ-444,non_christian,-34.538776394910684,0.003913247137462153,-1.7983967269562078,0.20296572050383388,-0.9744285745801623,0.6429437209633692,-4.399801254272461,0.02623790578164666,-3.9330572010930416,0.02995112541143979
652,MQDQ-285,christian,34.53957599234088,0.8543415444903693,2.062081053007629,0.9992313111135578,0.9816016087292219,0.9951252618034898,8.086718559265137,0.9990271509809745,5.978069593082116,0.9979003429550076
653,IT-LAT0919,non_christian,-34.538776394910684,0.003913247137462153,-2.530796931640509,0.04798681208714863,-0.9802736287172789,0.6396919976231094,-7.194446086883545,0.002535561625718329,-5.762579174615328,0.005181015456548922
654,MQDQ-273,NA,-34.538776394910684,0.003913247137462153,-3.3277167643843213,0.00857631419336629,-1.0309345526280949,0.6109969223873261,-6.875731945037842,0.003316377385681705,-6.072658174868941,0.0038370455614551327
655,MQDQ-608,christian,34.53957599234088,0.8543415444903693,0.8754061214511978,0.9894974531465137,0.9665630065266471,0.9949456131160838,8.011757850646973,0.9989636190590624,5.106209485678599,0.9951103055956635
656,MQDQ-125,non_christian,7.285991573523378,0.24705523182922148,-3.5954366849339343,0.004762385203241921,-0.9914692357100842,0.6334279389551982,-3.7390189170837402,0.04496983336772722,-2.8972393066675273,0.0779793257089575
657,MQDQ-445,christian,34.53957599234088,0.8543415444903693,0.9110235315284575,0.990285288035952,0.9470042823538032,0.9947020798209137,6.267520904541016,0.9954925225802788,4.848439735563109,0.9937254699065042
658,MQDQ-120,christian,34.53957599234088,0.8543415444903693,0.959615194231705,0.9912665068672954,0.9675583345290828,0.9949577040797986,7.098013877868652,0.9977600911400815,5.169872644628731,0.9954025985800729
659,MQDQ-118,NA,34.53957599234088,0.8543415444903693,-0.2863146534086108,0.8782854074678461,0.26870073473832345,0.9732643786192523,3.331514358520508,0.9486922171427783,2.815482632852137,0.9563649210237198
660,MQDQ-59,christian,34.53957599234088,0.8543415444903693,2.295202355829362,0.9995408302665457,0.9658509808442233,0.9949369459346112,5.9200663566589355,0.9939641224204934,4.726849973280102,0.9929431767671656
661,MQDQ-60,NA,34.53957599234088,0.8543415444903693,0.4014455921612168,0.9706125052735248,0.1553586191434304,0.9651268460691954,2.123525381088257,0.8695250560390653,0.7595552790155078,0.7478631896879577
662,IT-LAT0251,NA,34.53957599234088,0.8543415444903693,0.3964315813330201,0.9702945453193695,0.08652452474448324,0.9590687016808576,-2.291598081588745,0.13788014335523535,-2.289452638243573,0.13251964140590708
663,MQDQ-268,NA,-34.538776394910684,0.003913247137462153,-3.7954699659446183,0.003065022020796503,-1.0939749054169232,0.5742083668422245,-8.833346366882324,6.362392535881535e-4,-6.1494376440018534,0.003561874393804279
664,MQDQ-343,NA,7.521253703529181,0.25171450174149873,-3.5383648886154515,0.005399624191639335,-0.6872162157226781,0.7829232770334643,-4.7713446617126465,0.019306245891768024,-2.962273292867243,0.07355033426415715
665,MQDQ-344,NA,8.300091482859134,0.2675502101500093,-2.1300476509674406,0.10896597679418375,-0.5198431432071265,0.8439048335127667,1.250614881515503,0.7612155028747347,-0.2577483438254121,0.5243815156290785
666,MQDQ-305,NA,-7.350280103537955,0.06519795093819583,-3.69280627535157,0.0038432832926198696,-0.9059149946439382,0.6800198777752247,-7.264195442199707,0.002390823602386042,-6.5004409595181745,0.00253414853822934
667,MQDQ-304,non_christian,-34.538776394910684,0.003913247137462153,-3.379045964592108,0.007663005426210446,-0.9917965728595742,0.6332440981425204,-7.996861934661865,0.001288920753768549,-6.403788641446877,0.002783286408518725
668,MQDQ-482,NA,-34.538776394910684,0.003913247137462153,-2.1919763228126032,0.09636262707752924,-0.19270901719140532,0.9226382184224945,-3.665440320968628,0.04771612222103895,-1.5784351365369433,0.23376439762704734
669,MQDQ-414,NA,-34.538776394910684,0.003913247137462153,-3.69280627535157,0.0038432832926198696,-1.0069887013456218,0.6246699027732149,-7.369174003601074,0.0021883718303851232,-6.327254600606114,0.002997775403774757
670,MQDQ-413,NA,-22.710819808468386,0.01354551662550585,-3.69280627535157,0.0038432832926198696,-0.888576339577348,0.6890745963583735,-5.360816478729248,0.011823161437726952,-6.133285430641583,0.003618080270991088
671,MQDQ-123,non_christian,-24.426839304380337,0.01132203856298786,-3.7528337007817685,0.00336708370556309,-0.99296289473946,0.6325887473029665,-5.802178382873535,0.00817349428508103,-5.459408057247426,0.006945915429194025
672,LC-12,non_christian,-34.538776394910684,0.003913247137462153,-3.3153219938570246,0.008812564254911344,-0.9952255104858271,0.6313159974566572,-5.347127437591553,0.011959035003567906,-4.690433114368609,0.014563538375586266
673,LC-12_1,NA,-34.538776394910684,0.003913247137462153,-3.4679838295478547,0.006303320815126957,-0.8386044032633916,0.7143596636182572,-8.5949249267578125,7.780918932092829e-4,-6.437608024115451,0.0026934491591147033
674,MQDQ-382,christian,29.604303018016918,0.7767647712086129,0.5396162490647725,0.9781815488048616,0.9506574936757248,0.9947484373775248,4.488320350646973,0.9800520638856348,3.4909462192941576,0.9768960571481108
675,MQDQ-441,non_christian,-4.374721083790064,0.08721765128420687,-3.69280627535157,0.0038432832926198696,-0.9924510910727472,0.6328763879043613,-7.459595203399658,0.0020277633826753945,-6.603244740912343,0.002293525593345867
676,MQDQ-615,NA,13.095220527726013,0.37759710505968236,-1.9740717618866803,0.14724338495945272,-0.317816440356922,0.8980893695071137,-5.410845756530762,0.011339434972126522,-6.39807212807098,0.0027987641931464893
677,MQDQ-2,non_christian,-34.538776394910684,0.003913247137462153,-3.005375797091768,0.017340097149228725,-0.9847735494033586,0.6371798199978802,-5.553092002868652,0.0100684370395011,-5.078324101050203,0.01003184281519601
678,MQDQ-349,NA,-1.2668845122673247,0.11719349686921854,-3.69280627535157,0.0038432832926198696,-1.0661820716733714,0.5905546914747777,-6.052925109863281,0.006623566840462792,-6.720593175611547,0.0020465997149183477
679,MQDQ-287,christian,34.53957599234088,0.8543415444903693,1.0830897998021083,0.9933396267775727,0.9621897138301501,0.9948921448658621,4.143742084503174,0.973490624286738,3.5085239197972844,0.9772788708936971
680,MQDQ-286,NA,34.53957599234088,0.8543415444903693,-1.0374900971693661,0.5780996012496344,-0.10719215717204233,0.9361695313268361,4.419600009918213,0.9788849269979223,1.965215690722483,0.9055206368060814
681,MQDQ-212,NA,-34.538776394910684,0.003913247137462153,-2.5520811520799858,0.04588152577271311,-0.5748086415287501,0.825582937977588,-5.744557857513428,0.00857769426206083,-4.6419689378949105,0.015255875835492433
682,MQDQ-98,non_christian,-18.394261529432242,0.021219912604114537,-2.5089564909696542,0.05024228686298247,-0.9778495435959108,0.6410421417391762,-3.9924402236938477,0.03662066953462756,-3.2673043189803055,0.05571769248139731
683,MQDQ-383,NA,34.53957599234088,0.8543415444903693,0.3405046644054166,0.9665143713763354,0.28152322098680704,0.9740595773680841,4.092668533325195,0.9723541425004296,4.091347223747679,0.9869837374212861
684,MQDQ-277,non_christian,-4.332299976355898,0.08757562117052138,-3.326953070869159,0.008590687292007645,-0.990948862917671,0.6337201135052272,-4.573068141937256,0.022746540178183797,-4.315096407576446,0.02084794180013893
685,MQDQ-111,NA,26.02340554596734,0.7043398429431227,1.1163794995289367,0.9938094485788593,-0.015583819731297188,0.9481972710829375,6.549039840698242,0.9964431594685452,5.553988696953934,0.9968315161968483
686,MQDQ-62,non_christian,-0.9807348705810597,0.12036218540013931,-3.69280627535157,0.0038432832926198696,-0.9919933128733082,0.6331335853150423,-6.070614814758301,0.00652596277457402,-6.720593175611547,0.0020465997149183477
687,MQDQ-63,NA,-34.538776394910684,0.003913247137462153,-1.7052955959325031,0.2383120295393874,-0.3181750489546351,0.8980099634029457,-4.457655429840088,0.025017706143599987,-1.516456637025252,0.2447368768389542
688,MQDQ-61,NA,-34.538776394910684,0.003913247137462153,-2.168158906297962,0.10104794524826069,-0.40069749585188924,0.8782248523526768,-4.729019641876221,0.019994978075085195,-4.031985724963552,0.02727798515171979
689,MQDQ-75,non_christian,34.53957599234088,0.8543415444903693,-0.5020992994305313,0.8174340478705128,-0.9388801905922528,0.6624289217956352,-2.579190731048584,0.11145544046806057,-2.394220045382329,0.1212356132186725
690,MQDQ-76,non_christian,12.754131111917626,0.3691541262431044,-0.8337875746282302,0.6825444399582932,-0.9552042402138198,0.6535448145525328,-3.2612078189849854,0.06585912325007734,-2.8925838047789103,0.07830557193229021
691,MQDQ-83,non_christian,4.996198713741771,0.20478669095074084,-3.69280627535157,0.0038432832926198696,-0.9846101605042664,0.6372711674947779,-5.143620491027832,0.0141705150757211,-5.7366548545595295,0.0053126365352505825
692,MQDQ-77,NA,-4.883121612608306,0.08302946272241994,-3.69280627535157,0.0038432832926198696,-1.0467661786511901,0.6018587750202627,-6.815730094909668,0.003488209406441179,-6.825120644184966,0.0018490871893295975
693,MQDQ-78,non_christian,-1.1509019177213986,0.11846902346914712,-3.69280627535157,0.0038432832926198696,-0.9913783875231661,0.633478954709435,-4.662051677703857,0.021134161234171313,-5.136364885892566,0.009486336029229884
694,MQDQ-79,christian,25.968147172777694,0.7031209113928304,0.922607774078102,0.9905286899652238,0.9655121388739238,0.994932816166328,5.091479301452637,0.9879195423846681,4.497472365399185,0.9911945262381543
695,MQDQ-84,NA,2.5104683239492838,0.1652554441561219,-3.4223488614458146,0.0069680451704003605,-0.6659911275337105,0.7915207377481086,-4.984605312347412,0.016174886467883332,-4.860062708209718,0.012375531797303718
696,MQDQ-85,non_christian,-1.4037299306999103,0.11570386268460345,-3.69280627535157,0.0038432832926198696,-0.9893984648299781,0.6345900344382831,-5.501348972320557,0.010513570166547364,-5.977295744827648,0.004208471157362062
697,MQDQ-81,NA,-1.7284627307947176,0.112234727070508,-1.7748834014809942,0.2115082379344182,-0.5213616081499863,0.8434204601462773,1.4668716192245483,0.7928256809787524,1.4583703929534526,0.8540921282164347
698,MQDQ-80,non_christian,-1.9295629515791008,0.11013219993414,-2.328434515758228,0.07309415520963432,-0.990712925356929,0.6338525533623367,-3.847634792327881,0.04118963161855423,-3.267757812422014,0.05569448598393132
699,MQDQ-86,non_christian,-1.5350424812903045,0.11428995646564502,-2.3904487849774165,0.06432886163918926,-0.9886021352785969,0.6350365102949856,-3.878741979598999,0.040164235646158196,-3.186740498561139,0.05998766594571298
700,MQDQ-82,NA,1.4208458371539057,0.14995983854200348,-3.5648408012134007,0.005094093850296053,-0.8715553147491719,0.6978249248038014,-6.038216590881348,0.006705825100288182,-6.670763461260073,0.002148034023640747
701,MQDQ-347,non_christian,-34.538776394910684,0.003913247137462153,-1.9872496312183348,0.1436214192863467,-0.9703739489399565,0.6451917027817813,-3.542342185974121,0.05266987799680572,-3.4480466859905454,0.04715753820294222
702,MQDQ-623,christian,34.53957599234088,0.8543415444903693,1.0918912106869239,0.9934671811059481,0.9730052045760562,0.9950233632580018,6.151841640472412,0.9950320974640959,4.844299806293845,0.9937003086044243
703,MQDQ-622,christian,34.53957599234088,0.8543415444903693,1.930110032096,0.9989710483213027,0.9876564621436166,0.9951957849572203,7.451240539550781,0.9983370102973426,6.248093192116724,0.9983846088884859
704,MQDQ-94,NA,2.8491344980111513,0.1702576661929048,-2.199840165321077,0.09485879456519175,-0.4484341120404912,0.8653290985650048,-3.98793888092041,0.0367550607635067,-3.8452570598036813,0.03253488208524757
705,IT-LAT0917,non_christian,34.53957599234088,0.8543415444903693,-3.680364470142096,0.00395008213850278,-0.9865701448199762,0.6361747271212539,-5.609870433807373,0.009601432096947452,-6.259321721752396,0.003201923075858319
706,MQDQ-627,NA,-34.538776394910684,0.003913247137462153,-1.8087764033743472,0.19927743858328054,-0.49988979120736426,0.8501567301848344,-4.771812915802002,0.01929875781860331,-2.1064905216894925,0.15435110674634456
707,MQDQ-393,NA,-34.538776394910684,0.003913247137462153,-3.177238477388965,0.011922465250532725,-1.1678849609177486,0.5300366753456822,-1.3721051216125488,0.258027303796614,-2.8114214927078836,0.08419720343426053
708,MQDQ-122,NA,-21.533393089017864,0.015314999633157071,-3.4557248755229777,0.006475433501983145,-0.7583416626336379,0.752272207932626,-4.379614353179932,0.026677147849493904,-4.955611768030901,0.011289455295309636
709,MQDQ-348,non_christian,0.16932159940966324,0.133851182065156,-3.69280627535157,0.0038432832926198696,-0.9910601822303293,0.6336576191322085,-5.185882091522217,0.013680330433365308,-6.269263596142696,0.0031712024532817035
710,MQDQ-346,NA,-34.538776394910684,0.003913247137462153,-3.0359937020742778,0.016223199993108717,-1.103556545881131,0.5685331988811277,-7.712292194366455,0.0016386156411136675,-5.601800424067828,0.006052865084240295
711,MQDQ-415,christian,34.53957599234088,0.8543415444903693,0.9545624500255374,0.9911692315294189,0.9780905642171389,0.9950838964511132,7.155915260314941,0.9978667884685813,4.87800188118642,0.9939022607342941
712,MQDQ-416,christian,34.53957599234088,0.8543415444903693,1.4699694406115142,0.9971583605966752,0.9779329441913243,0.9950820312817024,5.109995365142822,0.9881048028443943,4.5511390085456425,0.991638699035774
713,MQDQ-618,christian,9.744032489686683,0.29852791270934287,1.499273405371882,0.99733620925613,0.982388977746566,0.9951344905382731,3.9346842765808105,0.96853117836204194,3.959303936903184,0.9852259796646297
714,IT-LAT0987,NA,-34.538776394910684,0.003913247137462153,-2.9452104036675095,0.019759212068282767,-0.6643294041808829,0.7921831357132616,-0.08235572278499603,0.5083237201417239,-0.29991305444101735,0.5141425152291286
715,IT-LAT0202,NA,-34.538776394910684,0.003913247137462153,-1.6853155367168817,0.2464255700603965,-0.3854671005506108,0.8821095983044888,-5.753432273864746,0.00851417436265792,-5.514437978927518,0.006586236956948466
716,MQDQ-611,NA,-0.31041359020268533,0.12807533020938272,-3.69280627535157,0.0038432832926198696,-0.9396774435551708,0.6619976204979572,-6.052925109863281,0.006623566840462792,-6.6805294554126275,0.002127766535882111
717,MQDQ-177,NA,-34.538776394910684,0.003913247137462153,-2.282616603751059,0.08026354002227234,-0.5003185825820299,0.8500245750094404,-4.720932483673096,0.020129288535120027,-3.3435351830374556,0.05194211139341019
718,IT-LAT0791,NA,34.53957599234088,0.8543415444903693,0.7962036608547781,0.9875119145638953,0.4487131568381957,0.982536372958484,4.860380172729492,0.9853533110213282,4.2532137838575235,0.9888589992046406
719,IT-LAT0867,NA,34.53957599234088,0.8543415444903693,-0.1859169684539367,0.9000998389064777,0.06893433276377336,0.9573656857056125,0.21129906177520752,0.5698819386616218,-0.6593223634886227,0.42725675750836
720,IT-LAT0250,NA,34.53957599234088,0.8543415444903693,1.2022453750993658,0.9948746816551592,0.823326471588395,0.9928680668485917,7.313965797424316,0.998132914802376,6.199206185411271,0.9983060615346078
721,MQDQ-353,NA,34.53957599234088,0.8543415444903693,4.201907394850274,0.9999932268756228,1.2326370299851983,0.9973377789401261,6.783941268920898,0.9970814854782803,5.595879009652161,0.996957655823167
722,MQDQ-621,NA,15.967099386754438,0.4511777439441751,-2.0073042630477915,0.13825197392193944,-0.2483419994417978,0.9124718301749658,-1.618364691734314,0.22023792840229095,-1.6505058647978625,0.22144124319792816
723,MQDQ-183,christian,34.53957599234088,0.8543415444903693,1.5247045250344289,0.997481529216843,0.9810857519445717,0.9951192060150349,7.037613391876221,0.9976431108206015,5.445860107639338,0.9964813037594443
724,IT-LAT1001,NA,34.53957599234088,0.8543415444903693,0.06657756951108172,0.9402938134707737,-0.01791428736124301,0.9479197244642545,2.8148112297058105,0.9227809224479837,1.918414309219964,0.901552929905664
725,IT-LAT0252,non_christian,2.62360992464619,0.16691334472190503,-2.24771369436856,0.08614974854530369,-0.9807422149634449,0.639430753049229,-4.371973991394043,0.02684525158459563,-4.10267276047154,0.02551149626947952
726,MQDQ-42,non_christian,-34.538776394910684,0.003913247137462153,-1.9395284156745358,0.15709673053961484,-0.96748939057898,0.6467870846168188,-3.6503567695617676,0.04829846570504703,-3.908438972659373,0.030654826048577482
727,MQDQ-351,NA,-12.484554976029244,0.038936203918694984,-2.7256842147245623,0.031717061666027044,-0.7163882812667881,0.7706935523122959,-5.661635398864746,0.009194390242715029,-5.403357463681155,0.007332314825977577
728,MQDQ-354,NA,21.73098620354959,0.6020249592597146,-4.154560280098978e-4,0.931412601216264,-0.10937164169019009,0.9358538280089858,1.712423324584961,0.8248383514348834,0.9001329704735401,0.7727673811870122
729,MQDQ-355,NA,11.270046248249725,0.33339616539588884,-2.4753242081561013,0.05391274000990229,-0.6302641846355435,0.8054201958711152,-2.461296558380127,0.12170674140475188,-2.8817966480677795,0.07906631403728107
730,MQDQ-352,christian,34.53957599234088,0.8543415444903693,0.8699210940154802,0.9893706353816648,0.9545422848859848,0.9947972909646097,3.724684238433838,0.9626508678319188,3.0975730018977226,0.9664858507923145
731,IT-LAT0196,NA,34.53957599234088,0.8543415444903693,-1.6677651975318313,0.25370418711524356,-0.256054081994596,0.9109706785632286,0.07494648545980453,0.5414502900369441,-1.4473412658554627,0.25737705283372586
732,IT-LAT0906,NA,-34.538776394910684,0.003913247137462153,-0.7446221771239393,0.7236600470972694,-0.34111566960763584,0.8928151250012502,-1.0896525382995605,0.3062651015874562,-0.9383581235852891,0.36250651648619286
733,IT-LAT0990_6,christian,34.53957599234088,0.8543415444903693,1.316527721654686,0.9960147953338035,0.9815701091841034,0.9951248922358678,7.148464202880859,0.9978533476435676,5.006883842231541,0.994616929048201
734,MQDQ-537,NA,34.53957599234088,0.8543415444903693,-1.0376049058555772,0.5780376704374517,-0.002281612711133807,0.9497549032974697,2.405749559402466,0.89427587484186,2.497815365989926,0.941488993142435
735,MQDQ-65,NA,-7.002262037955006,0.0674783085084886,-3.69280627535157,0.0038432832926198696,-0.8169807527816569,0.7249100978725763,-5.5316033363342285,0.01025098806730519,-5.373421295445075,0.007547352723816492
736,MQDQ-209,NA,34.53957599234088,0.8543415444903693,-0.6274624085299041,0.772380685026329,0.11414750897145431,0.9616122755865565,6.226931095123291,0.9953360179468779,4.092119589962209,0.986993386578851
737,MQDQ-210,christian,0.13045226902772836,0.13337512831337986,0.2903021724061346,0.9627288022518683,0.9391152476524725,0.994600578464177,2.8682358264923096,0.9259360967783854,2.0308609441745786,0.9108444142311459
738,IT-LAT0482,christian,34.53957599234088,0.8543415444903693,2.7433517182927836,0.999829527851206,0.9879133341120894,0.9951987542859931,6.846724987030029,0.997231826919837,6.191104327215319,0.9982926807532148
739,IT-LAT0990,christian,34.53957599234088,0.8543415444903693,3.232535723956183,0.9999422112140792,0.999598620042953,0.9953319171483037,8.776841163635254,0.999456699765266,6.334719977975704,0.998514968294186
740,MQDQ-43,non_christian,-4.705854714695306,0.08446859374033404,-2.4736748180830728,0.05409910468065875,-0.9768334022628751,0.6416074399908724,-3.0854332447052,0.07560481176354712,-1.8468454956064857,0.19026508519580157
741,MQDQ-44,non_christian,-34.538776394910684,0.003913247137462153,-0.7830082119560227,0.7063649853400025,-0.945360955610868,0.6589151533102294,-2.8074238300323486,0.0937430794711905,-2.9733111185773544,0.07282200048361012
742,IT-LAT0990_1,NA,34.53957599234088,0.8543415444903693,2.6496253235267164,0.999790270211163,0.7135517545964849,0.9907195960224169,11.038833618164062,0.9999195805717142,6.2574253707831815,0.9983991844003488
743,IT-LAT0990_9,NA,34.53957599234088,0.8543415444903693,1.5668231411173743,0.9977050169147541,0.8239174592691161,0.9928781806758558,6.433417797088623,0.9960796453586167,4.509696311541741,0.9912977114175143
744,IT-LAT0990_2,NA,34.53957599234088,0.8543415444903693,7.154063978781746,0.9999999901085435,1.4188353638879136,0.9983013942511468,7.107410430908203,0.9977777616877065,5.0862279247911655,0.9950148069496298
745,IT-LAT0011,christian,34.53957599234088,0.8543415444903693,2.477151930790863,0.9996929015254047,0.9936887384760662,0.995265035392761,7.772865295410156,0.9987321621762787,6.324662148760558,0.9985003887704795
746,IT-LAT0990_3,NA,-34.538776394910684,0.003913247137462153,-2.621045091379285,0.039648454675067064,-0.5430450288469417,0.836369594207093,1.6241973638534546,0.8138081867120984,0.6567708439815649,0.7285460516815886
747,MQDQ-523,christian,34.53957599234088,0.8543415444903693,2.207954912047677,0.99944315855714,0.9707772884790067,0.9949966103414526,7.036599159240723,0.9976410953476523,5.952919172945288,0.9978484497350625
748,MQDQ-524,NA,34.53957599234088,0.8543415444903693,1.7702155230313015,0.9985351831339403,0.6947811018745613,0.9902927717450258,6.773935317993164,0.9970567843528721,4.654270267432834,0.9924308163094636
749,MQDQ-525,NA,34.53957599234088,0.8543415444903693,3.1339959711989795,0.999928140465018,0.9656926805977746,0.9949350170057397,6.4818034172058105,0.996236067467166,4.382093933762434,0.990158878999033
750,MQDQ-526,NA,34.53957599234088,0.8543415444903693,1.2382888345729202,0.9952655246079276,0.5620697542960755,0.9866680314476831,4.9258809089660645,0.9861308102186559,3.562158806034865,0.9784090459426574
751,MQDQ-527,NA,34.53957599234088,0.8543415444903693,2.0872987873141655,0.9992729785857591,0.8061754816922313,0.9925682615294971,5.443147659301758,0.990996449837454,4.121544873311342,0.9873557849411065
752,MQDQ-528,NA,34.53957599234088,0.8543415444903693,1.3907084801633,0.9966157507849799,0.8854118360225463,0.9938563171222339,7.918503761291504,0.998878767710055,4.5549571396317425,0.9916694397567306
753,MQDQ-529,NA,34.53957599234088,0.8543415444903693,-0.3547053570141626,0.8611695919783137,-0.12816324853619754,0.9330709148771897,0.8646907210350037,0.6970600315181767,0.65095196843373615,0.7274251125425509
754,MQDQ-530,NA,-34.538776394910684,0.003913247137462153,-1.1817443261904979,0.4989852885928552,-0.20349491901208028,0.9207556609026161,2.575284242630005,0.9070722220671915,1.2080205801395592,0.8210563015377115
755,IT-LAT0990_4,christian,34.53957599234088,0.8543415444903693,1.236486065091499,0.9952467002711839,0.9732548584898886,0.9950263522310834,6.584997653961182,0.9965492109759841,5.02274371419125,0.9946989083415627
756,IT-LAT0990_5,christian,34.53957599234088,0.8543415444903693,1.4642729417989282,0.9971224374078949,0.9733430489531363,0.9950274076614444,5.116333961486816,0.9881675758526612,4.23826508411329,0.9886976445503997
757,IT-LAT0433,NA,34.53957599234088,0.8543415444903693,-2.6642371071251953,0.03616696905255205,-0.14345304182703422,0.9307243301895403,-0.7135521769523621,0.3775595790710414,-0.8614697871848734,0.3799633614001332
758,IT-LAT0990_7,NA,34.53957599234088,0.8543415444903693,2.7874735911527013,0.9998453743711645,0.6626566865328145,0.9895167430636981,8.476431846618652,0.9992998583190742,6.17149652308144,0.9982598587835598
759,MQDQ-211,NA,27.806703341054863,0.7420640628359276,-1.302225019106118,0.4327802877123883,0.07485616237801285,0.957946442604663,0.10879729688167572,0.5485413294582147,1.165522530208349,0.8149013091571636
760,IT-LAT0435,christian,34.53957599234088,0.8543415444903693,1.910693080636513,0.998925948123736,0.9925794283359126,0.9952523755050989,8.747467041015625,0.9994430570058767,6.418786041281419,0.9986314219206066
761,IT-LAT0990_8,NA,34.53957599234088,0.8543415444903693,-2.3396924494404705,0.07142508840969841,-0.4240077079695325,0.8720660288492675,-4.0167555809021,0.035902850793063934,-1.7684778960149194,0.2022885600663861
762,MQDQ-531,NA,34.53957599234088,0.8543415444903693,1.1312865225926252,0.9940090124874097,0.36397250281249427,0.978648963380236,4.794645309448242,0.9845298971593636,3.911818267390076,0.9845382903935107
763,MQDQ-532,NA,34.53957599234088,0.8543415444903693,0.9028068126898346,0.9901088979525372,0.4681139780203116,0.9833235027055591,1.425628423690796,0.7870445210688406,0.5165941075074243,0.7007543898086462
764,IT-LAT0783,christian,34.53957599234088,0.8543415444903693,2.941511048567514,0.9998900111518452,1.0819172804669617,0.9961713789794047,6.689178466796875,0.9968390122099178,5.959334845391406,0.9978618076369735
765,MQDQ-619,christian,34.53957599234088,0.8543415444903693,2.1632372163048994,0.9993853080354247,0.9829963386959621,0.9951415975223724,8.079375267028809,0.9990211031658724,6.242871258316753,0.9983763952486732
766,MQDQ-110,NA,-34.538776394910684,0.003913247137462153,-1.268308141608262,0.4512787750219422,-0.47195443976905244,0.8585613632806071,-3.8520829677581787,0.04104148431463883,-3.422950361409961,0.0482667575533467
767,MQDQ-119,NA,34.53957599234088,0.8543415444903693,-1.69317501140884,0.24321194396175777,-0.10462034724421565,0.9365402014629018,1.2755682468414307,0.7650260021065458,2.0631400533507818,0.9133617476810002
768,MQDQ-159,NA,28.949418543192134,0.7645203813519181,-1.202987805531665,0.4872424226088874,-0.12825301481233298,0.9330573558732645,0.751950204372406,0.67657953222507,-2.113160900624146,0.15350601365130556
769,IT-LAT0978,christian,34.53957599234088,0.8543415444903693,1.0282110945559257,0.9924866056588979,0.9703694769950997,0.9949916978520497,5.2848944664001465,0.9897218536856723,4.5069694359207295,0.99127479758312
770,MQDQ-182,christian,-34.538776394910684,0.003913247137462153,0.6675865214709149,0.9834708270964021,0.878496235402549,0.9937533452950233,4.182336330413818,0.9743191435991128,3.459994894083479,0.9762066266332707
771,MQDQ-216,NA,-34.538776394910684,0.003913247137462153,-3.4367981118744533,0.006750372070749102,-0.9885371802374293,0.6350729182234085,-7.011138439178467,0.0029589777751531537,-5.607018252812757,0.0060224033672812835
772,MQDQ-215,non_christian,-34.538776394910684,0.003913247137462153,-2.4657435136723036,0.055003774579121756,-0.9767644672727319,0.6416457755714589,-4.337954044342041,0.027606346164891514,-3.1532287921335804,0.06185257084611298
773,MQDQ-95,christian,34.53957599234088,0.8543415444903693,1.9936944995267283,0.9991059104044775,0.9713974335063182,0.9950040714097345,8.536683082580566,0.9993345797034946,5.908278569442565,0.9977531706539213
774,MQDQ-475,NA,27.609189845298893,0.7380440741469436,-0.7215849963696065,0.7337317888278877,-0.034362705231944846,0.9459204930554979,2.887293815612793,0.9270326437133317,1.0104990848053994,0.7910670366770373
775,MQDQ-191,NA,34.53957599234088,0.8543415444903693,0.4803095622391705,0.9751994296423728,0.4129439751936568,0.9809883700703109,6.301283359527588,0.9956187116671094,4.733702537771716,0.9929897342088263
776,MQDQ-188,christian,34.53957599234088,0.8543415444903693,0.8818559073507304,0.9896446627740721,0.960796754250564,0.9948749965470077,3.6526854038238525,0.9604014350084867,3.40768365014495,0.9749955275168214
777,MQDQ-535,NA,34.53957599234088,0.8543415444903693,0.6383214766988442,0.9823850937945178,0.4378384604046217,0.9820793206320204,3.310551643371582,0.9478233585508903,1.7362264928298077,0.8846647129288129
778,MQDQ-536,NA,34.53957599234088,0.8543415444903693,3.3029520255164586,0.9999505447180783,1.0327829850367456,0.9956903681086582,5.848642349243164,0.9935911299396121,5.090135308585834,0.9950336265065967
779,MQDQ-533,NA,34.53957599234088,0.8543415444903693,2.579439065736646,0.999755060753828,0.815157450711887,0.9927267973533243,6.055599212646484,0.994613585205721,4.5950494218593105,0.9919855418428809
780,MQDQ-534,NA,34.53957599234088,0.8543415444903693,0.7351604570631305,0.9857326163982002,0.3104545742005125,0.9757701135723791,6.177454948425293,0.9951379184525329,3.776020358836296,0.9823930953195258
