row_id,id,manual_label,outer_fold,nb_oof,nb_score_oof,nb_pred_youden_oof,nb_pred_f1_oof,prob_enet,score_enet_logit,label_enet_youden,label_enet_f1,svm_oof,svm_score_oof,svm_pred_youden_oof,svm_pred_f1_oof,xgb_oof,xgb_score_oof,xgb_pred_youden_oof,xgb_pred_f1_oof,lgb_oof,lgb_score_oof,lgb_pred_youden_oof,lgb_pred_f1_oof
4,MQDQ-288,non_christian,5,0.13654084568383865,0.46529900180949835,non_christian,non_christian,0.005721589128152651,-3.048537233907532,non_christian,non_christian,0.0077222710281482235,-2.79979192938806,non_christian,non_christian,0.010791518647500883,-5.518064498901367,non_christian,non_christian,0.006172240904121368,-7.013103768553284,non_christian,non_christian
10,MQDQ-229,non_christian,5,0.10876770499616145,-2.0794734013494747,non_christian,non_christian,0.005721589128152651,-3.048537233907532,non_christian,non_christian,0.016941885085057905,-2.5196304716433953,non_christian,non_christian,0.10793649099927892,-2.556947946548462,non_christian,non_christian,0.15083358589984677,-2.4687526870485614,non_christian,non_christian
13,MQDQ-237,non_christian,4,0.1920392415819064,-0.18169514251236765,non_christian,non_christian,0.011192239991633459,-3.4348135117401317,non_christian,non_christian,0.425624331653947,-1.1258613626345506,non_christian,non_christian,0.009453012452440103,-5.511716365814209,non_christian,non_christian,0.010051190464095553,-5.761110655688325,non_christian,non_christian
14,MQDQ-323,non_christian,5,0.00446115886089328,-34.538776394910684,non_christian,non_christian,0.011478066602439137,-2.7786121691762626,non_christian,non_christian,0.0013527531792071974,-3.4159115851501833,non_christian,non_christian,0.004685528996318918,-6.552341938018799,non_christian,non_christian,0.01588757518894573,-5.718541872585741,non_christian,non_christian
21,MQDQ-309,non_christian,4,0.006960198945179553,-34.538776394910684,non_christian,non_christian,0.015855488121400987,-3.225124178352371,non_christian,non_christian,0.1715360557358047,-1.2116884690290464,non_christian,non_christian,0.0038154840489987886,-6.555469036102295,non_christian,non_christian,0.021800318398523703,-4.9051126732560135,non_christian,non_christian
22,MQDQ-310,non_christian,3,0.0033783081390533942,-34.538776394910684,non_christian,non_christian,0.027455149500717275,-2.4957006000423574,non_christian,non_christian,0.3008960896041165,-1.1715155808466844,non_christian,non_christian,0.04325336202068433,-4.235866069793701,non_christian,non_christian,0.04289646826675653,-3.1976539165323383,non_christian,non_christian
23,MQDQ-311,non_christian,1,0.0018336884955286483,-34.538776394910684,non_christian,non_christian,0.010073911920428662,-2.96728092768262,non_christian,non_christian,1.2953557238325276e-4,-4.028864291030468,non_christian,non_christian,0.008229077291117382,-6.464663028717041,non_christian,non_christian,0.0062026955785241065,-4.742486973520412,non_christian,non_christian
24,MQDQ-312,non_christian,4,0.006960198945179553,-34.538776394910684,non_christian,non_christian,0.024286813551932962,-2.966728366615023,non_christian,non_christian,0.21711531815722404,-1.1920181855185479,non_christian,non_christian,0.01959979559464739,-4.666276931762695,non_christian,non_christian,0.03735448029083199,-4.301302045884489,non_christian,non_christian
27,MQDQ-327,non_christian,5,0.00446115886089328,-34.538776394910684,non_christian,non_christian,0.012496743545944487,-2.7455208029596765,non_christian,non_christian,0.0060986567064673005,-2.8835479800970685,non_christian,non_christian,0.012364350264679228,-5.348668575286865,non_christian,non_christian,0.024893827876871073,-5.097514378822887,non_christian,non_christian
28,MQDQ-315,non_christian,3,0.0033783081390533942,-34.538776394910684,non_christian,non_christian,0.007025624251695001,-3.0721191708578948,non_christian,non_christian,0.22480648691738547,-1.2034440007870248,non_christian,non_christian,0.004417008219348947,-7.140512466430664,non_christian,non_christian,0.009405328490931664,-4.72644140995141,non_christian,non_christian
29,MQDQ-316,non_christian,2,0.009511765506001201,-34.538776394910684,non_christian,non_christian,0.02472255572819773,-2.904661400736001,non_christian,non_christian,0.18607986870735277,-1.2187556599332783,non_christian,non_christian,0.03139839109451972,-4.274172306060791,non_christian,non_christian,0.044546373138205496,-2.744351216767776,non_christian,non_christian
30,MQDQ-317,non_christian,2,0.009511765506001201,-34.538776394910684,non_christian,non_christian,0.02623630639128013,-2.8669976076208887,non_christian,non_christian,0.1953499639766497,-1.213838915799974,non_christian,non_christian,0.01747727583201329,-5.012988090515137,non_christian,non_christian,0.06299495002541032,-2.435127527156248,non_christian,non_christian
31,MQDQ-318,non_christian,3,0.0033783081390533942,-34.538776394910684,non_christian,non_christian,0.00704026156288608,-3.0712460769344543,non_christian,non_christian,0.22052714441549165,-1.2054433244605676,non_christian,non_christian,0.040442959117771043,-4.3235979080200195,non_christian,non_christian,0.06534263886489695,-2.7596902756384125,non_christian,non_christian
32,MQDQ-319,non_christian,3,0.0033783081390533942,-34.538776394910684,non_christian,non_christian,0.007423420236048014,-3.0490101989120566,non_christian,non_christian,0.21637632209117033,-1.2074093602184932,non_christian,non_christian,0.0028868196590019087,-7.674598217010498,non_christian,non_christian,0.012543798182797678,-4.439655126951504,non_christian,non_christian
38,MQDQ-74,non_christian,5,0.10912937919891764,-2.042877782542845,non_christian,non_christian,0.005721589128152651,-3.048537233907532,non_christian,non_christian,0.0054128517840921425,-2.9258294257714055,non_christian,non_christian,0.00950543749767905,-5.675827980041504,non_christian,non_christian,0.008412070891551555,-6.590487818371628,non_christian,non_christian
39,MQDQ-73,non_christian,1,0.05850951908600089,-4.802484452045917,non_christian,non_christian,0.06833743820908268,-2.077528040429661,non_christian,non_christian,0.0026462349592048006,-3.111960831623684,non_christian,non_christian,0.12805180779703873,-2.7741730213165283,non_christian,non_christian,0.05630880679182729,-2.766812388492724,non_christian,non_christian
40,MQDQ-70,non_christian,5,0.012798014805926933,-24.104101897239616,non_christian,non_christian,0.011864796851972536,-2.765719899040416,non_christian,non_christian,0.011017943564140067,-2.673371576737067,non_christian,non_christian,0.07243925949431511,-3.095743417739868,non_christian,non_christian,0.04801135167953722,-4.174921976476045,non_christian,non_christian
41,MQDQ-72,non_christian,2,0.009511765506001201,-34.538776394910684,non_christian,non_christian,0.04554074223482421,-2.5140321834517882,non_christian,non_christian,0.3546391690914733,-1.146976570538306,non_christian,non_christian,0.04086324130979418,-3.9377193450927734,non_christian,non_christian,0.04337078907183498,-2.767984516743758,non_christian,non_christian
44,MQDQ-68,non_christian,1,0.038090380173897105,-8.608354524191043,non_christian,non_christian,0.003930824042925154,-3.3940045005746695,non_christian,non_christian,0.001517252013523895,-3.281214066367153,non_christian,non_christian,0.016923296487441872,-5.527346134185791,non_christian,non_christian,0.00788009678576844,-4.531542948438436,non_christian,non_christian
49,MQDQ-488,non_christian,5,0.00446115886089328,-34.538776394910684,non_christian,non_christian,0.014535977671544024,-2.686603945368559,non_christian,non_christian,0.002342811676649368,-3.2220218140843584,non_christian,non_christian,0.025663690237058293,-4.43329381942749,non_christian,non_christian,0.07738653743550815,-3.485538911586021,non_christian,non_christian
50,MQDQ-487,non_christian,4,0.006960198945179553,-34.538776394910684,non_christian,non_christian,0.012554730500942683,-3.365759548153459,non_christian,non_christian,0.17426414499500725,-1.2104043389488697,non_christian,non_christian,0.005052805887535541,-6.232926368713379,non_christian,non_christian,0.01711241097614772,-5.173943109892004,non_christian,non_christian
52,MQDQ-489,non_christian,2,0.009511765506001201,-34.538776394910684,non_christian,non_christian,0.022679118109407856,-2.9592376346629576,non_christian,non_christian,0.23654326852561208,-1.1938769829995326,non_christian,non_christian,0.011338271656401742,-5.553376197814941,non_christian,non_christian,0.012335634526296754,-3.8571495218867686,non_christian,non_christian
53,IT-LAT0405,non_christian,2,0.009511765506001201,-34.538776394910684,non_christian,non_christian,0.030014242261112475,-2.7815087822680726,non_christian,non_christian,0.360956190396391,-1.1447263715063447,non_christian,non_christian,0.08885276352133169,-2.918269157409668,non_christian,non_christian,0.12055491387037723,-1.8332339849143866,non_christian,non_christian
57,MQDQ-474,non_christian,2,0.1499333880298246,-0.019263654621987605,non_christian,non_christian,0.008978786700122907,-3.5401157961756615,non_christian,non_christian,0.39303840069521695,-1.133541133974965,non_christian,non_christian,0.012967019513372556,-5.386101245880127,non_christian,non_christian,0.005102508224764412,-4.609090917297077,non_christian,non_christian
58,MQDQ-503,non_christian,1,0.03583197882633521,-9.144303631296737,non_christian,non_christian,0.003930824042925154,-3.3940045005746695,non_christian,non_christian,4.0451073911783417e-4,-3.682990597381332,non_christian,non_christian,0.0028251965535918125,-7.844690799713135,non_christian,non_christian,9.156224642723701e-4,-6.421355328063865,non_christian,non_christian
59,MQDQ-502,non_christian,3,0.0033783081390533942,-34.538776394910684,non_christian,non_christian,0.02200465580932079,-2.59021189977983,non_christian,non_christian,0.2783427524563706,-1.1803833987263148,non_christian,non_christian,0.038365931799036926,-4.392272472381592,non_christian,non_christian,0.0702331762522286,-2.6834214907458906,non_christian,non_christian
60,MQDQ-329,non_christian,3,0.11460840418778992,-4.610117808005725,non_christian,non_christian,0.004226571871453339,-3.2849732166762675,non_christian,non_christian,0.3222742866674373,-1.1634538104874597,non_christian,non_christian,0.014150554501735997,-5.671403884887695,non_christian,non_christian,0.022387400602888068,-3.859143446368621,non_christian,non_christian
61,MQDQ-175,non_christian,4,0.1668394510554928,-1.8526819608729994,non_christian,non_christian,0.011192239991633459,-3.4348135117401317,non_christian,non_christian,0.4304365075874072,-1.1245382592527866,non_christian,non_christian,0.00972037784831032,-5.479520320892334,non_christian,non_christian,0.010089021845584266,-5.75697857410747,non_christian,non_christian
65,IT-LAT0372,non_christian,1,0.00800519042752797,-22.041003861622357,non_christian,non_christian,0.003930824042925154,-3.3940045005746695,non_christian,non_christian,0.0023799323113440113,-3.1442503704012306,non_christian,non_christian,0.03394450151798528,-4.610990047454834,non_christian,non_christian,0.020036890680210914,-3.7040599350933894,non_christian,non_christian
69,MQDQ-139,non_christian,2,0.16968253880089662,1.7270819761718599,non_christian,non_christian,0.008978786700122907,-3.5401157961756615,non_christian,non_christian,0.41856312998738304,-1.1248747504653491,non_christian,non_christian,0.015166666315815236,-5.1904520988464355,non_christian,non_christian,0.004956281743218705,-4.63377953515793,non_christian,non_christian
71,MQDQ-337,non_christian,2,0.11764462811323034,-3.3377686241975084,non_christian,non_christian,0.008978786700122907,-3.5401157961756615,non_christian,non_christian,0.2629109316728178,-1.1823501376703813,non_christian,non_christian,0.008329102634003098,-5.936824321746826,non_christian,non_christian,0.003700513941515786,-4.881689220938171,non_christian,non_christian
77,MQDQ-333,non_christian,3,0.013970596641622663,-22.78694124317667,non_christian,non_christian,0.11709987803237484,-1.851217395949701,non_christian,non_christian,0.4346046390390078,-1.1246185210806856,non_christian,non_christian,0.6493283648513329,0.4094514548778534,christian,christian,0.24707580283178007,-1.2364598836518004,non_christian,non_christian
78,MQDQ-332,non_christian,5,0.00446115886089328,-34.538776394910684,non_christian,non_christian,0.0612974846211102,-2.114558650905366,non_christian,non_christian,0.03641153767142774,-2.242962893115614,non_christian,non_christian,0.06928697132265273,-3.1546719074249268,non_christian,non_christian,0.09687541174099575,-3.152225516155975,non_christian,non_christian
80,MQDQ-511,non_christian,1,0.24316234726073788,9.070860285870872,christian,non_christian,0.003930824042925154,-3.3940045005746695,non_christian,non_christian,0.0534936434171347,-2.183124852750672,non_christian,non_christian,0.01893097803371182,-5.380738735198975,non_christian,non_christian,0.00885013579525077,-4.429091782754036,non_christian,non_christian
82,IT-LAT0093,non_christian,2,0.009511765506001201,-34.538776394910684,non_christian,non_christian,0.02542038758627129,-2.8870273765348493,non_christian,non_christian,0.32069203639867083,-1.159408058786086,non_christian,non_christian,0.026127717849890895,-4.507080554962158,non_christian,non_christian,0.03840430218005673,-2.8751038928835464,non_christian,non_christian
84,MQDQ-493,non_christian,5,0.017937932397027023,-20.736376773160202,non_christian,non_christian,0.005721589128152651,-3.048537233907532,non_christian,non_christian,0.008727531395787542,-2.756310416623698,non_christian,non_christian,0.011107730051921692,-5.482129096984863,non_christian,non_christian,0.011277345709126252,-6.189337269358652,non_christian,non_christian
85,MQDQ-494,non_christian,4,0.17640075669535604,-1.1968014762341495,non_christian,non_christian,0.011192239991633459,-3.4348135117401317,non_christian,non_christian,0.42833617076726305,-1.1251152852749229,non_christian,non_christian,0.008896628720575646,-5.581711292266846,non_christian,non_christian,0.010089021845584266,-5.75697857410747,non_christian,non_christian
87,MQDQ-567,non_christian,1,0.022429897272047146,-13.216741554490625,non_christian,non_christian,0.003930824042925154,-3.3940045005746695,non_christian,non_christian,0.0029837540738444227,-3.0754047732479806,non_christian,non_christian,0.016730196965129056,-5.542336940765381,non_christian,non_christian,0.0063051630671172995,-4.728057996954018,non_christian,non_christian
88,MQDQ-635,non_christian,2,0.17609775685798654,2.259202410003411,non_christian,non_christian,0.031777054837819375,-2.7451358416400073,non_christian,non_christian,0.41410808446914843,-1.1263753270710772,non_christian,non_christian,0.027665977536750184,-4.434707164764404,non_christian,non_christian,0.01154853218108526,-3.9135250237758017,non_christian,non_christian
90,MQDQ-338,non_christian,1,0.0701100753387999,-3.170343361791346,non_christian,non_christian,0.003930824042925154,-3.3940045005746695,non_christian,non_christian,5.32012761278901e-4,-3.599750951263629,non_christian,non_christian,0.005992488281127033,-6.87489652633667,non_christian,non_christian,0.0010343820337632126,-6.314525605387206,non_christian,non_christian
93,MQDQ-214,non_christian,5,0.04256600254900367,-11.99864029358099,non_christian,non_christian,0.005721589128152651,-3.048537233907532,non_christian,non_christian,0.005672411526917898,-2.909231760012337,non_christian,non_christian,0.010845796840356635,-5.511822700500488,non_christian,non_christian,0.0061590952550269725,-7.016010945598905,non_christian,non_christian
94,MQDQ-238,non_christian,4,0.006960198945179553,-34.538776394910684,non_christian,non_christian,0.02168886483627392,-3.0355078686574886,non_christian,non_christian,0.30839842298959413,-1.160048805332371,non_christian,non_christian,0.07789071640020306,-3.018705129623413,non_christian,non_christian,0.1591772624604962,-2.5756695777169267,non_christian,non_christian
95,IT-LAT0127,non_christian,3,0.0033783081390533942,-34.538776394910684,non_christian,non_christian,0.0058181309711047,-3.1511812679297693,non_christian,non_christian,0.39717024476172264,-1.1370863222953291,non_christian,non_christian,0.0020943138487039127,-8.077154159545898,non_christian,non_christian,0.010042750320097644,-4.661209590483143,non_christian,non_christian
96,IT-LAT0922_11,non_christian,1,0.0018336884955286483,-34.538776394910684,non_christian,non_christian,0.013675067319590183,-2.8279644304640237,non_christian,non_christian,0.0020787725488147406,-3.1854262062046543,non_christian,non_christian,0.07982796730223504,-3.4502222537994385,non_christian,non_christian,0.03705114769238802,-3.1507743534689316,non_christian,non_christian
97,MQDQ-521,non_christian,2,0.023979424765870675,-23.397572657347723,non_christian,non_christian,0.020330933908782153,-3.028227020870296,non_christian,non_christian,0.36415630842402213,-1.1435930311712468,non_christian,non_christian,0.026478879190179577,-4.490200519561768,non_christian,non_christian,0.012802970415301752,-3.82533487981754,non_christian,non_christian
99,IT-LAT0922_2,non_christian,1,0.0018336884955286483,-34.538776394910684,non_christian,non_christian,0.015129681289749446,-2.781764259225531,non_christian,non_christian,3.5820633176284367e-4,-3.7199209425162163,non_christian,non_christian,0.011417297319571093,-6.039973735809326,non_christian,non_christian,0.013232987763944942,-4.073169711108186,non_christian,non_christian
101,IT-LAT0992,non_christian,2,0.030291416704830987,-20.549281718083876,non_christian,non_christian,0.008978786700122907,-3.5401157961756615,non_christian,non_christian,0.4103216179483993,-1.127654424942464,non_christian,non_christian,0.01668614269086502,-5.071007251739502,non_christian,non_christian,0.015226145881408587,-3.676819460046756,non_christian,non_christian
108,IT-LAT0955,non_christian,3,0.023213985046042267,-18.53719177708558,non_christian,non_christian,0.004226571871453339,-3.2849732166762675,non_christian,non_christian,0.43495871610651976,-1.1245020096631726,non_christian,non_christian,0.017199818849229602,-5.42335319519043,non_christian,non_christian,0.005508651823117764,-5.257295857280353,non_christian,non_christian
111,IT-LAT0128,non_christian,1,0.0018336884955286483,-34.538776394910684,non_christian,non_christian,0.016829593566183305,-2.7330199035639064,non_christian,non_christian,0.0010163380612934075,-3.4030433243311067,non_christian,non_christian,0.011234943796538754,-6.060888767242432,non_christian,non_christian,0.0064162163057565075,-4.712680792399036,non_christian,non_christian
114,IT-LAT0133,non_christian,1,0.0018336884955286483,-34.538776394910684,non_christian,non_christian,0.009463531013595249,-2.9957145282947764,non_christian,non_christian,0.0016122180700332983,-3.262749654312944,non_christian,non_christian,0.00648148333671745,-6.773519992828369,non_christian,non_christian,0.014613172854292183,-3.9851235457051364,non_christian,non_christian
115,IT-LAT0134,non_christian,3,0.0033783081390533942,-34.538776394910684,non_christian,non_christian,0.01246667054144962,-2.830938805965042,non_christian,non_christian,0.3216251206892572,-1.1636942822318996,non_christian,non_christian,0.006755237483776935,-6.605971336364746,non_christian,non_christian,0.012206378042875372,-4.466853233773291,non_christian,non_christian
118,IT-LAT0922_1,non_christian,5,0.00446115886089328,-34.538776394910684,non_christian,non_christian,0.01787151162972194,-2.6058677999440514,non_christian,non_christian,0.016417065796816906,-2.5309076501003203,non_christian,non_christian,0.24111956268400975,-1.3688304424285889,christian,non_christian,0.2133221318625465,-1.8954446725080762,non_christian,non_christian
121,IT-LAT0137,non_christian,3,0.0033783081390533942,-34.538776394910684,non_christian,non_christian,0.03403547000762461,-2.403376149136944,non_christian,non_christian,0.3755456036128259,-1.1444634797173874,non_christian,non_christian,0.011622486402361002,-5.920868873596191,non_christian,non_christian,0.017189513560926722,-4.124630194375477,non_christian,non_christian
122,IT-LAT0922_4,non_christian,3,0.0033783081390533942,-34.538776394910684,non_christian,non_christian,0.02051157944398269,-2.62011631481622,non_christian,non_christian,0.42558586076555005,-1.1275939658086156,non_christian,non_christian,0.00984868605993586,-6.13032341003418,non_christian,non_christian,0.009738140064474873,-4.691854677332681,non_christian,non_christian
124,MQDQ-7,non_christian,5,0.1309058308303541,-0.012585056840151734,non_christian,non_christian,0.005721589128152651,-3.048537233907532,non_christian,non_christian,0.012005580873614356,-2.642767405422312,non_christian,non_christian,0.00959900360399374,-5.663657188415527,non_christian,non_christian,0.005645511269143195,-7.134701711486722,non_christian,non_christian
125,IT-LAT0922_12,non_christian,3,0.0033783081390533942,-34.538776394910684,non_christian,non_christian,0.006806856366104111,-3.0853880737193893,non_christian,non_christian,0.3699858707335997,-1.1463863607127174,non_christian,non_christian,0.017224341127876523,-5.421539306640625,non_christian,non_christian,0.013014756509023425,-4.402876806871305,non_christian,non_christian
128,IT-LAT0119,non_christian,4,0.006960198945179553,-34.538776394910684,non_christian,non_christian,0.033567089440065465,-2.7688312968487625,non_christian,non_christian,0.3909412406744245,-1.1355295287882976,non_christian,non_christian,0.019285822747978205,-4.685105800628662,non_christian,non_christian,0.054851420455818624,-3.8630334750313082,non_christian,non_christian
129,IT-LAT0096,non_christian,2,0.009511765506001201,-34.538776394910684,non_christian,non_christian,0.04211855237725017,-2.56449109589933,non_christian,non_christian,0.34790341774092254,-1.149395926431498,non_christian,non_christian,0.03567709380692226,-4.111445903778076,non_christian,non_christian,0.021985007894222912,-3.3606577956999235,non_christian,non_christian
131,MQDQ-153,non_christian,5,0.09983681818310346,-3.0190085544357146,non_christian,non_christian,0.005721589128152651,-3.048537233907532,non_christian,non_christian,0.007962718836479444,-2.788901308722327,non_christian,non_christian,0.01198141815186641,-5.387862205505371,non_christian,non_christian,0.008321537749467003,-6.605274970663809,non_christian,non_christian
133,IT-LAT0384,non_christian,3,0.2552823175849258,3.3917590756597935,christian,non_christian,0.004226571871453339,-3.2849732166762675,non_christian,non_christian,0.42624339530453403,-1.127376506634035,non_christian,non_christian,0.004120365300545887,-7.227872848510742,non_christian,non_christian,0.0048798478577604,-5.377318739544023,non_christian,non_christian
137,MQDQ-633,non_christian,3,0.1652314394733269,-1.1205388361101711,non_christian,non_christian,0.004226571871453339,-3.2849732166762675,non_christian,non_christian,0.4328478541319448,-1.1251969301241405,non_christian,non_christian,0.011265209426852205,-5.96038818359375,non_christian,non_christian,0.006575412851477636,-5.0818582601252205,non_christian,non_christian
138,MQDQ-501,non_christian,2,0.1270482302321107,-2.2986659672369782,non_christian,non_christian,0.008978786700122907,-3.5401157961756615,non_christian,non_christian,0.3561110036952394,-1.1464507047757775,non_christian,non_christian,0.011870821722474492,-5.496205806732178,non_christian,non_christian,0.004974403837331684,-4.630680776755032,non_christian,non_christian
139,IT-LAT0254,non_christian,5,0.00446115886089328,-34.538776394910684,non_christian,non_christian,0.013734980418218523,-2.7087107170956863,non_christian,non_christian,0.007587650076651605,-2.806037196579537,non_christian,non_christian,0.005909906453100322,-6.26513147354126,non_christian,non_christian,0.017198839260365546,-5.609266485164172,non_christian,non_christian
140,IT-LAT0047,non_christian,1,0.0018336884955286483,-34.538776394910684,non_christian,non_christian,0.005100865132700045,-3.2761002463914957,non_christian,non_christian,1.2508753717563542e-4,-4.039476224363223,non_christian,non_christian,0.008369104921338735,-6.442811489105225,non_christian,non_christian,0.012979161258655355,-4.09034386829611,non_christian,non_christian
143,IT-LAT0922_3,non_christian,4,0.006960198945179553,-34.538776394910684,non_christian,non_christian,0.0117404347146081,-3.406080920907154,non_christian,non_christian,0.345695973055311,-1.148632251939171,non_christian,non_christian,0.02681591763530196,-4.299437522888184,non_christian,non_christian,0.027233354259023658,-4.656767248116096,non_christian,non_christian
145,IT-LAT0535,non_christian,4,0.006960198945179553,-34.538776394910684,non_christian,non_christian,0.018640172592131795,-3.127332569853928,non_christian,non_christian,0.2824899214536763,-1.1684310111119507,non_christian,non_christian,0.008724228558264352,-5.604282379150391,non_christian,non_christian,0.018502394548863488,-5.087369839520139,non_christian,non_christian
148,IT-LAT0140,non_christian,3,0.0033783081390533942,-34.538776394910684,non_christian,non_christian,0.017860656029035017,-2.6788887906300602,non_christian,non_christian,0.3623773932567044,-1.1490373399607388,non_christian,non_christian,0.07206188829356784,-3.5589118003845215,non_christian,non_christian,0.08806605142000835,-2.4414482081160553,non_christian,non_christian
149,IT-LAT0255,non_christian,3,0.0033783081390533942,-34.538776394910684,non_christian,non_christian,0.015384371588053511,-2.74210766344078,non_christian,non_christian,0.5249614220344574,-1.0952632966336076,non_christian,non_christian,0.013574411086041202,-5.724145889282227,non_christian,non_christian,0.01439935248076382,-4.301900598005585,non_christian,non_christian
150,IT-LAT0320,non_christian,4,0.7880467439468922,26.6312705357321,christian,christian,0.1864119097372685,-1.6482397838603626,christian,non_christian,0.688724873633963,-1.05222873689504,christian,christian,0.22878119825047347,-1.5825655460357666,non_christian,non_christian,0.31122904740391266,-1.62841803759326,non_christian,non_christian
153,IT-LAT0922_14,non_christian,5,0.00446115886089328,-34.538776394910684,non_christian,non_christian,0.008004282852296679,-2.9185618958494284,non_christian,non_christian,0.012756679399478424,-2.6211147204351315,non_christian,non_christian,0.0028768897834861207,-7.154846668243408,non_christian,non_christian,0.011220189830466408,-6.196301181121451,non_christian,non_christian
158,IT-LAT0155,non_christian,4,0.006960198945179553,-34.538776394910684,non_christian,non_christian,0.012081911061350713,-3.3888458202368223,non_christian,non_christian,0.4901079049053206,-1.108349796653942,non_christian,non_christian,0.004634715864174905,-6.332150936126709,non_christian,non_christian,0.014079025486727938,-5.389745763419397,non_christian,non_christian
160,MQDQ-156,non_christian,2,0.009511765506001201,-34.538776394910684,non_christian,non_christian,0.013887817243739968,-3.2676726934347897,non_christian,non_christian,0.3365082642329461,-1.1535395696182562,non_christian,non_christian,0.014061440546310694,-5.284982681274414,non_christian,non_christian,0.028559162513082093,-3.1339393763395775,non_christian,non_christian
161,IT-LAT0240,non_christian,3,0.0033783081390533942,-34.538776394910684,non_christian,non_christian,0.007453174702444404,-3.0473314214866565,non_christian,non_christian,0.3716952697628313,-1.145793907283329,non_christian,non_christian,0.0020698504287225777,-8.091886520385742,non_christian,non_christian,0.00695674983208961,-5.025944870259763,non_christian,non_christian
163,MQDQ-47,non_christian,4,0.20474966359488433,0.5977794698608039,non_christian,non_christian,0.011192239991633459,-3.4348135117401317,non_christian,non_christian,0.4255342457104624,-1.1258861678266299,non_christian,non_christian,0.008896628720575646,-5.581711292266846,non_christian,non_christian,0.010076427400013637,-5.758352479946847,non_christian,non_christian
164,IT-LAT0029,non_christian,1,0.0018336884955286483,-34.538776394910684,non_christian,non_christian,0.015976061107579067,-2.7568565845383572,non_christian,non_christian,0.0019437853716355233,-3.205855435885157,non_christian,non_christian,0.00805496957770713,-6.4923529624938965,non_christian,non_christian,0.004230479814338465,-5.079103289847255,non_christian,non_christian
165,MQDQ-386,non_christian,1,0.040121755554634576,-8.151743583485654,non_christian,non_christian,0.003930824042925154,-3.3940045005746695,non_christian,non_christian,5.535215106503184e-4,-3.5877092219847646,non_christian,non_christian,0.00911710803253627,-6.331898212432861,non_christian,non_christian,0.0013757915652902112,-6.0646199825031095,non_christian,non_christian
174,IT-LAT0029_3,non_christian,4,0.006960198945179553,-34.538776394910684,non_christian,non_christian,0.0293369692548479,-2.8514336778148,non_christian,non_christian,0.27581798959916415,-1.1706629238031523,non_christian,non_christian,0.01162999137793319,-5.272250652313232,non_christian,non_christian,0.021246253186736064,-4.933759726392089,non_christian,non_christian
175,MQDQ-137,non_christian,1,0.01893639148025036,-14.676623904002184,non_christian,non_christian,0.003930824042925154,-3.3940045005746695,non_christian,non_christian,1.3680636351597197e-4,-4.012278640880973,non_christian,non_christian,0.006399145507195778,-6.790046215057373,non_christian,non_christian,0.0015146948938127348,-5.98032491593173,non_christian,non_christian
178,MQDQ-126,non_christian,5,0.00446115886089328,-34.538776394910684,non_christian,non_christian,0.015289284267332661,-2.666882387961396,non_christian,non_christian,0.008069794108473787,-2.784156132414513,non_christian,non_christian,0.02543838901766155,-4.444429874420166,non_christian,non_christian,0.021027072433416467,-5.331637116893383,non_christian,non_christian
179,MQDQ-133,non_christian,3,0.0033783081390533942,-34.538776394910684,non_christian,non_christian,0.02363023656692722,-2.559829865655081,non_christian,non_christian,0.3481932628831313,-1.1540452836893622,non_christian,non_christian,0.017440701358346824,-5.405644416809082,non_christian,non_christian,0.014774859925711793,-4.276164883154199,non_christian,non_christian
180,MQDQ-518,non_christian,5,0.10271097619915777,-2.7088045394847597,non_christian,non_christian,0.005721589128152651,-3.048537233907532,non_christian,non_christian,0.014144768791802764,-2.5842197982815827,non_christian,non_christian,0.011530562889088108,-5.435626029968262,non_christian,non_christian,0.0060181102308376035,-7.047583547988889,non_christian,non_christian
182,MQDQ-522,non_christian,1,0.10779197491712735,0.8113413947226604,non_christian,non_christian,0.003930824042925154,-3.3940045005746695,non_christian,non_christian,0.0019690074095014293,-3.2019328319933518,non_christian,non_christian,0.011900097264415033,-5.986154079437256,non_christian,non_christian,0.001954861900563112,-5.75669081107448,non_christian,non_christian
185,MQDQ-419,non_christian,5,0.1600087223477365,2.293908082171029,non_christian,non_christian,0.005721589128152651,-3.048537233907532,non_christian,non_christian,0.014994294267465453,-2.5633624520047555,non_christian,non_christian,0.0180604424524014,-4.875250816345215,non_christian,non_christian,0.015286279658577746,-5.771653124340969,non_christian,non_christian
190,MQDQ-129,non_christian,1,0.0018336884955286483,-34.538776394910684,non_christian,non_christian,0.026905350466374937,-2.5170254873798736,non_christian,non_christian,7.947670609194877e-4,-3.477785594303226,non_christian,non_christian,0.014383016296057375,-5.73954439163208,non_christian,non_christian,0.05619278710553571,-2.768724946995957,non_christian,non_christian
192,MQDQ-495,non_christian,5,0.00446115886089328,-34.538776394910684,non_christian,non_christian,0.043799278844992656,-2.2509022600182087,non_christian,non_christian,0.012425943521639303,-2.630489713950969,non_christian,non_christian,0.06998752431606643,-3.141364812850952,non_christian,non_christian,0.13159207678711857,-2.684052517766486,non_christian,non_christian
194,MQDQ-497,non_christian,4,0.006960198945179553,-34.538776394910684,non_christian,non_christian,0.05145461109362547,-2.504011977916526,non_christian,non_christian,0.2995823306877348,-1.1628537231310858,non_christian,non_christian,0.17129954573659031,-1.9955649375915527,non_christian,non_christian,0.2946959686747846,-1.7136779138257714,non_christian,non_christian
196,MQDQ-542,non_christian,3,0.14592221237889733,-2.3295312686186804,non_christian,non_christian,0.004226571871453339,-3.2849732166762675,non_christian,non_christian,0.347572546339952,-1.154266538573293,non_christian,non_christian,0.011110078964725338,-5.977934837341309,non_christian,non_christian,0.007623992014454018,-4.93505943474048,non_christian,non_christian
197,MQDQ-131,non_christian,1,0.0032304036552543505,-29.744933372328433,non_christian,non_christian,0.003930824042925154,-3.3940045005746695,non_christian,non_christian,6.638648026761223e-4,-3.532476118689701,non_christian,non_christian,0.016997740772874827,-5.52161169052124,non_christian,non_christian,0.019226925055963916,-3.7408934778910807,non_christian,non_christian
199,MQDQ-246,non_christian,1,0.0018336884955286483,-34.538776394910684,non_christian,non_christian,0.015931395144450966,-2.7581382202079645,non_christian,non_christian,9.901541103418264e-4,-3.4109771545716137,non_christian,non_christian,0.009488768460808594,-6.280100345611572,non_christian,non_christian,0.026526639447620872,-3.452708648760853,non_christian,non_christian
200,MQDQ-184,non_christian,2,0.12203004858637172,-2.8446070017654677,non_christian,non_christian,0.008978786700122907,-3.5401157961756615,non_christian,non_christian,0.36097865690759195,-1.1447183997482198,non_christian,non_christian,0.012062359764989426,-5.476261615753174,non_christian,non_christian,0.004699981664406839,-4.678854911919712,non_christian,non_christian
201,MQDQ-519,non_christian,1,0.040122845176583884,-8.151504661577349,non_christian,non_christian,0.003930824042925154,-3.3940045005746695,non_christian,non_christian,7.432310771991477e-4,-3.4981595802378935,non_christian,non_christian,0.007457238035871182,-6.592152118682861,non_christian,non_christian,0.00348287558446465,-5.249933627787469,non_christian,non_christian
202,MQDQ-356,non_christian,3,0.0033783081390533942,-34.538776394910684,non_christian,non_christian,0.018573402771258733,-2.6622864995293813,non_christian,non_christian,0.3296317645792803,-1.1607457662514626,non_christian,non_christian,0.0027965775304525466,-7.714449882507324,non_christian,non_christian,0.007212109681553002,-4.990179434240185,non_christian,non_christian
204,MQDQ-358,non_christian,3,0.0033783081390533942,-34.538776394910684,non_christian,non_christian,0.08002748658616848,-2.026915251588896,non_christian,non_christian,0.3553586006573313,-1.1515042242999685,non_christian,non_christian,0.0037903176705962336,-7.332756519317627,non_christian,non_christian,0.008155910262419012,-4.8680932684975735,non_christian,non_christian
205,MQDQ-359,non_christian,3,0.0033783081390533942,-34.538776394910684,non_christian,non_christian,0.024759711678375942,-2.5398985085957047,non_christian,non_christian,0.32520181577915896,-1.1623724938733393,non_christian,non_christian,0.004849159842678114,-7.023174285888672,non_christian,non_christian,0.012744514196627884,-4.423816814362968,non_christian,non_christian
207,MQDQ-135,non_christian,2,0.009511765506001201,-34.538776394910684,non_christian,non_christian,0.026739366096975917,-2.8549480726933205,non_christian,non_christian,0.3084427422476023,-1.1640583842043764,non_christian,non_christian,0.005305733565387151,-6.4957594871521,non_christian,non_christian,0.04963259664094228,-2.6485019945675905,non_christian,non_christian
209,MQDQ-186,non_christian,5,0.08489910781487217,-4.772690332932683,non_christian,non_christian,0.005721589128152651,-3.048537233907532,non_christian,non_christian,0.018196653164944915,-2.4940020297887213,non_christian,non_christian,0.01408289100638402,-5.186365127563477,non_christian,non_christian,0.00967159445466707,-6.399689158815279,non_christian,non_christian
210,MQDQ-294,non_christian,4,0.18208234204255208,-0.8202217395216707,non_christian,non_christian,0.011192239991633459,-3.4348135117401317,non_christian,non_christian,0.4055448147510761,-1.1314272633232298,non_christian,non_christian,0.008896628720575646,-5.581711292266846,non_christian,non_christian,0.010089021845584266,-5.75697857410747,non_christian,non_christian
212,MQDQ-36,non_christian,2,0.009511765506001201,-34.538776394910684,non_christian,non_christian,0.0114636185191203,-3.3876706679636492,non_christian,non_christian,0.3124785697950209,-1.1625153304183324,non_christian,non_christian,0.019112904532235016,-4.900799751281738,non_christian,non_christian,0.014329972823014663,-3.728835571215782,non_christian,non_christian
213,MQDQ-37,non_christian,1,0.08706142164275489,-1.1863144010102855,non_christian,non_christian,0.003930824042925154,-3.3940045005746695,non_christian,non_christian,0.0012315231940574676,-3.3446603490290308,non_christian,non_christian,0.005499714858084081,-6.9857401847839355,non_christian,non_christian,9.331740792251317e-4,-6.404723468295817,non_christian,non_christian
215,MQDQ-505,non_christian,1,0.0018336884955286483,-34.538776394910684,non_christian,non_christian,0.024023002373757752,-2.5694020304094654,non_christian,non_christian,0.0019780248682340572,-3.2005425694699787,non_christian,non_christian,0.02509955141483537,-5.0103983879089355,non_christian,non_christian,0.03325566057480907,-3.2487950184838374,non_christian,non_christian
216,MQDQ-504,non_christian,1,0.06040834614158686,-4.515732009594387,non_christian,non_christian,0.003930824042925154,-3.3940045005746695,non_christian,non_christian,2.2148907146771177e-4,-3.8659451119307966,non_christian,non_christian,0.004499446092009228,-7.244845867156982,non_christian,non_christian,9.425904745728156e-4,-6.395928876583344,non_christian,non_christian
218,MQDQ-626,non_christian,3,0.005333462210274771,-30.770757308200928,non_christian,non_christian,0.02516187213123095,-2.533015163891601,non_christian,non_christian,0.3727576505366837,-1.1454262625832483,non_christian,non_christian,0.14545259967575222,-2.577036142349243,non_christian,non_christian,0.09931324698299811,-2.310821760609932,non_christian,non_christian
219,MQDQ-106,non_christian,5,0.11297606547347393,-1.6600921312280548,non_christian,non_christian,0.005721589128152651,-3.048537233907532,non_christian,non_christian,0.005038589904767134,-2.951211232284009,non_christian,non_christian,0.01120062253406146,-5.47176456451416,non_christian,non_christian,0.0061650531310615585,-7.014692590429982,non_christian,non_christian
220,MQDQ-225,non_christian,1,0.06309461381272617,-4.124143288050689,non_christian,non_christian,0.003930824042925154,-3.3940045005746695,non_christian,non_christian,4.884138350006086e-4,-3.625728887850983,non_christian,non_christian,0.005499714858084081,-6.9857401847839355,non_christian,non_christian,0.0014716110883044,-6.005615389659891,non_christian,non_christian
221,MQDQ-231,non_christian,5,0.1480757332863208,1.3940352449426574,non_christian,non_christian,0.005721589128152651,-3.048537233907532,non_christian,non_christian,0.01321653834569274,-2.6084707476949047,non_christian,non_christian,0.01120062253406146,-5.47176456451416,non_christian,non_christian,0.006172240904121368,-7.013103768553284,non_christian,non_christian
222,MQDQ-459,non_christian,3,0.04264136253703084,-13.375892504456488,non_christian,non_christian,0.004226571871453339,-3.2849732166762675,non_christian,non_christian,0.35765120071287254,-1.150696102523909,non_christian,non_christian,0.014212190957866517,-5.665887355804443,non_christian,non_christian,0.00722833598767485,-4.987949470722983,non_christian,non_christian
223,MQDQ-509,non_christian,5,0.11578457109678454,-1.3877395353750224,non_christian,non_christian,0.005721589128152651,-3.048537233907532,non_christian,non_christian,0.006076458239380911,-2.8848408808309696,non_christian,non_christian,0.01120062253406146,-5.47176456451416,non_christian,non_christian,0.006172240904121368,-7.013103768553284,non_christian,non_christian
225,MQDQ-517,non_christian,1,0.023966601049869925,-12.64385902246238,non_christian,non_christian,0.003930824042925154,-3.3940045005746695,non_christian,non_christian,7.027132190529369e-4,-3.5151947820946883,non_christian,non_christian,0.012840925696024347,-5.887206554412842,non_christian,non_christian,0.0021316641678222675,-5.680764787834832,non_christian,non_christian
226,MQDQ-265,non_christian,3,0.19641476781001996,0.6127632825461193,non_christian,non_christian,0.004226571871453339,-3.2849732166762675,non_christian,non_christian,0.4130347932012688,-1.1317625162364646,non_christian,non_christian,0.04263463238154017,-4.254703044891357,non_christian,non_christian,0.019080505519701352,-4.019920141094233,non_christian,non_christian
227,MQDQ-248,non_christian,4,0.006960198945179553,-34.538776394910684,non_christian,non_christian,0.031322650121848,-2.811315561027401,non_christian,non_christian,0.2185372691110697,-1.191456402675988,non_christian,non_christian,0.006270644752266887,-5.984650135040283,non_christian,non_christian,0.024869401071677066,-4.75827922949916,non_christian,non_christian
229,MQDQ-247,non_christian,2,0.009511765506001201,-34.538776394910684,non_christian,non_christian,0.04156994352761942,-2.5729423819325525,non_christian,non_christian,0.4013184801614597,-1.13071051286691,non_christian,non_christian,0.018402772426722357,-4.94830322265625,non_christian,non_christian,0.01967565773900262,-3.4564076402284565,non_christian,non_christian
230,MQDQ-249,non_christian,2,0.009511765506001201,-34.538776394910684,non_christian,non_christian,0.02212915070319947,-2.9747470939091296,non_christian,non_christian,0.2994008206508584,-1.167556824822557,non_christian,non_christian,0.02370639508974998,-4.629864692687988,non_christian,non_christian,0.11037894744822593,-1.9174548447159616,non_christian,non_christian
231,MQDQ-331,non_christian,4,0.18370969676076265,-0.7140486829805395,non_christian,non_christian,0.011192239991633459,-3.4348135117401317,non_christian,non_christian,0.3096945563175957,-1.1596402285808936,non_christian,non_christian,0.008896628720575646,-5.581711292266846,non_christian,non_christian,0.010089021845584266,-5.75697857410747,non_christian,non_christian
232,MQDQ-57,non_christian,4,0.11140882030194708,-6.418057011329893,non_christian,non_christian,0.35352635171799185,-1.1315211324653778,christian,christian,0.46652659517665873,-1.114712223750203,non_christian,non_christian,0.44952438717732823,-0.42485886812210083,christian,christian,0.604692617879736,-0.3006757839012434,christian,christian
236,MQDQ-262,non_christian,1,0.0018336884955286483,-34.538776394910684,non_christian,non_christian,0.02726541437992174,-2.5108702978425166,non_christian,non_christian,0.008550538580697053,-2.754002435141582,non_christian,non_christian,0.08386437199545936,-3.381225109100342,non_christian,non_christian,0.18053829183406192,-1.6236912956813665,non_christian,non_christian
241,MQDQ-257,non_christian,2,0.009511765506001201,-34.538776394910684,non_christian,non_christian,0.024796908171091047,-2.902759604843959,non_christian,non_christian,0.3727056399721898,-1.140585712584022,non_christian,non_christian,0.0123717543779381,-5.44469690322876,non_christian,non_christian,0.027284871799467373,-3.17360919488058,non_christian,non_christian
242,MQDQ-258,non_christian,3,0.0033783081390533942,-34.538776394910684,non_christian,non_christian,0.048881317500073886,-2.2461351681341566,non_christian,non_christian,0.4538651891464501,-1.118309238189131,non_christian,non_christian,0.02134689311209524,-5.1477837562561035,non_christian,non_christian,0.01549816144542515,-4.228359102720959,non_christian,non_christian
247,MQDQ-46,non_christian,2,0.020350646177807984,-25.387641805888734,non_christian,non_christian,0.00993987032851405,-3.476710585838658,non_christian,non_christian,0.3737192351857337,-1.1402310643845135,non_christian,non_christian,0.07936577851824302,-3.0700292587280273,non_christian,non_christian,0.1337462136595909,-1.732740540296161,non_christian,non_christian
248,MQDQ-239,non_christian,5,0.136561289853209,0.46700223114359596,non_christian,non_christian,0.005721589128152651,-3.048537233907532,non_christian,non_christian,0.008096424512499848,-2.782985670389673,non_christian,non_christian,0.010889947932322877,-5.506768226623535,non_christian,non_christian,0.008193546327813517,-6.626454836533436,non_christian,non_christian
249,MQDQ-385,non_christian,3,0.08555461509381278,-7.27765103519269,non_christian,non_christian,0.004226571871453339,-3.2849732166762675,non_christian,non_christian,0.3265084805074818,-1.1618914940379221,non_christian,non_christian,0.01244981026295382,-5.833780765533447,non_christian,non_christian,0.004971301257700437,-5.358937227037667,non_christian,non_christian
253,MQDQ-391,non_christian,3,0.0033783081390533942,-34.538776394910684,non_christian,non_christian,0.017115521520282034,-2.696955976286232,non_christian,non_christian,0.397123829754065,-1.137101998965907,non_christian,non_christian,0.0058028558302742565,-6.7973198890686035,non_christian,non_christian,0.020687758855304262,-3.938634537593996,non_christian,non_christian
255,MQDQ-108,non_christian,2,0.009511765506001201,-34.538776394910684,non_christian,non_christian,0.021742864528139963,-2.985867513961177,non_christian,non_christian,0.47628406674369606,-1.105743560856849,non_christian,non_christian,0.12198625321746095,-2.4824957847595215,non_christian,non_christian,0.08233259328802232,-2.1913398915696187,non_christian,non_christian
256,MQDQ-109,non_christian,3,0.0033783081390533942,-34.538776394910684,non_christian,non_christian,0.011519355915743178,-2.864258468939159,non_christian,non_christian,0.44726817026615334,-1.1204641941922535,non_christian,non_christian,0.005882073391758288,-6.780254364013672,non_christian,non_christian,0.007964769497784968,-4.891644647038538,non_christian,non_christian
257,IT-LAT0278,non_christian,1,0.0018336884955286483,-34.538776394910684,non_christian,non_christian,0.019229820487702207,-2.6718607231677454,non_christian,non_christian,6.866411536942011e-4,-3.522225577479801,non_christian,non_christian,0.06846930207015646,-3.6631052494049072,non_christian,non_christian,0.17585716732895415,-1.6516662636846962,non_christian,non_christian
260,MQDQ-264,non_christian,4,0.19312478944023823,-0.11362650235074044,non_christian,non_christian,0.011192239991633459,-3.4348135117401317,non_christian,non_christian,0.4893981156948098,-1.1085409879149657,non_christian,non_christian,0.017014735084471138,-4.830993175506592,non_christian,non_christian,0.021255627686544848,-4.933268984346817,non_christian,non_christian
263,MQDQ-178,non_christian,2,0.009511765506001201,-34.538776394910684,non_christian,non_christian,0.025904376420267425,-2.8750718871521648,non_christian,non_christian,0.34998114293375815,-1.1486473684139131,non_christian,non_christian,0.0324199739454229,-4.233455657958984,non_christian,non_christian,0.06789641806236087,-2.367395072840901,non_christian,non_christian
264,IT-LAT0632,non_christian,4,0.006960198945179553,-34.538776394910684,non_christian,non_christian,0.01470141125601913,-3.2707089512221756,non_christian,non_christian,0.4639335933978797,-1.115413784347036,non_christian,non_christian,0.007428861192493336,-5.78953742980957,non_christian,non_christian,0.015652824949633496,-5.2726295949460855,non_christian,non_christian
269,MQDQ-267,non_christian,5,0.00446115886089328,-34.538776394910684,non_christian,non_christian,0.032478635733465794,-2.370409648330355,non_christian,non_christian,0.009381130975694067,-2.7306286171055882,non_christian,non_christian,0.018847415601889225,-4.821774959564209,non_christian,non_christian,0.08258886955343128,-3.389707995720282,non_christian,non_christian
271,MQDQ-104,non_christian,2,0.09982444941191167,-5.523004824521834,non_christian,non_christian,0.008978786700122907,-3.5401157961756615,non_christian,non_christian,0.3549904510689786,-1.1468509735426502,non_christian,non_christian,0.011870821722474492,-5.496205806732178,non_christian,non_christian,0.004608717006210164,-4.695498612071563,non_christian,non_christian
272,IT-LAT0083,non_christian,2,0.009511765506001201,-34.538776394910684,non_christian,non_christian,0.04272487664112961,-2.555272273871557,non_christian,non_christian,0.48366162119563483,-1.1033242751425087,non_christian,non_christian,0.014772522917515886,-5.223361015319824,non_christian,non_christian,0.032188751906126946,-3.029702822568935,non_christian,non_christian
275,IT-LAT0266,non_christian,5,0.00446115886089328,-34.538776394910684,non_christian,non_christian,0.038519736581245204,-2.3024084268029408,non_christian,non_christian,0.00421733045701687,-3.0142019496022017,non_christian,non_christian,0.09291316710784321,-2.7619469165802,non_christian,non_christian,0.10526231049763694,-3.0270655202239913,non_christian,non_christian
282,MQDQ-302,non_christian,5,0.00446115886089328,-34.538776394910684,non_christian,non_christian,0.014530503310351515,-2.6867509180014113,non_christian,non_christian,0.0138315557192082,-2.5922227077189426,non_christian,non_christian,0.0790833837799129,-2.9789021015167236,non_christian,non_christian,0.1384312192996173,-2.6046774273754703,non_christian,non_christian
283,MQDQ-341,non_christian,2,0.16755409710055627,1.5470076720630135,non_christian,non_christian,0.008978786700122907,-3.5401157961756615,non_christian,non_christian,0.4224857436218108,-1.123557218454054,non_christian,non_christian,0.011870821722474492,-5.496205806732178,non_christian,non_christian,0.004650443539210463,-4.687848722280073,non_christian,non_christian
287,IT-LAT0045,non_christian,5,0.00446115886089328,-34.538776394910684,non_christian,non_christian,0.028256420721212577,-2.425631511078263,non_christian,non_christian,0.027904044636433877,-2.339838492531002,non_christian,non_christian,0.00669680415093036,-6.110325813293457,non_christian,non_christian,0.02671839312444541,-4.999124322162922,non_christian,non_christian
289,IT-LAT0079,non_christian,1,0.0018336884955286483,-34.538776394910684,non_christian,non_christian,0.01968048941814098,-2.6612183172972546,non_christian,non_christian,0.016559362964279768,-2.550829912216414,non_christian,non_christian,0.031031089245650397,-4.73010778427124,non_christian,non_christian,0.06750848178520065,-2.597615392914367,non_christian,non_christian
290,IT-LAT0239,non_christian,2,0.009511765506001201,-34.538776394910684,non_christian,non_christian,0.015254496752493584,-3.2088442538615154,non_christian,non_christian,0.423465930522807,-1.1232285114359135,non_christian,non_christian,0.011812776494252759,-5.502312660217285,non_christian,non_christian,0.024237403749129513,-3.2763088907427695,non_christian,non_christian
294,IT-LAT0071,non_christian,5,0.00446115886089328,-34.538776394910684,non_christian,non_christian,0.0227130216358978,-2.5117888984133585,non_christian,non_christian,0.034576227830694105,-2.2618592106603472,non_christian,non_christian,0.00967368786979487,-5.654026508331299,non_christian,non_christian,0.06957309695815603,-3.6412009054057726,non_christian,non_christian
295,IT-LAT0078,non_christian,1,0.0018336884955286483,-34.538776394910684,non_christian,non_christian,0.007727877487314768,-3.0877733724226215,non_christian,non_christian,0.01606413529317151,-2.560202820128898,non_christian,non_christian,0.029678613410297018,-4.7891316413879395,non_christian,non_christian,0.021430577688408278,-3.6439681205221874,non_christian,non_christian
296,IT-LAT0072,non_christian,1,0.0018336884955286483,-34.538776394910684,non_christian,non_christian,0.015995814948289607,-2.756290895865305,non_christian,non_christian,0.0012421335696909239,-3.3420520576641,non_christian,non_christian,0.0219039663068517,-5.1895012855529785,non_christian,non_christian,0.01675739150892715,-3.863399042705558,non_christian,non_christian
298,MQDQ-430,non_christian,2,0.009511765506001201,-34.538776394910684,non_christian,non_christian,0.06383307650197016,-2.2935300814089867,non_christian,non_christian,0.48600033065539244,-1.1025578911046068,non_christian,non_christian,0.14060291052525425,-2.281256675720215,non_christian,non_christian,0.31606230695106435,-0.8065544676657862,christian,non_christian
303,MQDQ-171,non_christian,1,0.03766391297656934,-8.707178909123456,non_christian,non_christian,0.003930824042925154,-3.3940045005746695,non_christian,non_christian,0.0024204954945542217,-3.1391060182146786,non_christian,non_christian,0.01730230930670371,-5.4984049797058105,non_christian,non_christian,0.00565551463289069,-4.823788617386365,non_christian,non_christian
306,IT-LAT0237,non_christian,2,0.009511765506001201,-34.538776394910684,non_christian,non_christian,0.03526188589017816,-2.678639782437321,non_christian,non_christian,0.40902109524136004,-1.128094572457839,non_christian,non_christian,0.07890028264298948,-3.0778934955596924,non_christian,non_christian,0.047922359243843284,-2.6796452182992097,non_christian,non_christian
307,MQDQ-29,non_christian,4,0.006960198945179553,-34.538776394910684,non_christian,non_christian,0.019840746856030978,-3.089529799678962,non_christian,non_christian,0.35810402460964935,-1.1449697971489072,non_christian,non_christian,0.021604921069783272,-4.552577972412109,non_christian,non_christian,0.034944169704201736,-4.376650247989615,non_christian,non_christian
308,MQDQ-170,non_christian,2,0.009511765506001201,-34.538776394910684,non_christian,non_christian,0.04828901620962172,-2.4760603062024824,non_christian,non_christian,0.5167044915494098,-1.0925023273659413,non_christian,non_christian,0.05590698135182562,-3.5323574542999268,non_christian,non_christian,0.03341662324427452,-2.9970031270536492,non_christian,non_christian
311,IT-LAT0230,non_christian,5,0.00446115886089328,-34.538776394910684,non_christian,non_christian,0.06137226433840729,-2.1140592225837667,non_christian,non_christian,0.13271320898845193,-1.7500998554603802,non_christian,non_christian,0.01703607538555431,-4.948392391204834,non_christian,non_christian,0.13127014368146298,-2.6878741316058963,non_christian,non_christian
312,MQDQ-297,non_christian,5,0.00446115886089328,-34.538776394910684,non_christian,non_christian,0.024199087662211648,-2.4868348660178983,non_christian,non_christian,0.03413835298658164,-2.2665102843569467,non_christian,non_christian,0.019979978178608537,-4.748539447784424,non_christian,non_christian,0.02669975649881122,-5.000095836465743,non_christian,non_christian
313,MQDQ-295,non_christian,4,0.006960198945179553,-34.538776394910684,non_christian,non_christian,0.0312307123477197,-2.813117948629438,non_christian,non_christian,0.3352236232055912,-1.1517717401870267,non_christian,non_christian,0.027235015386947833,-4.281215190887451,non_christian,non_christian,0.05228479778565271,-3.918164958613656,non_christian,non_christian
314,MQDQ-296,non_christian,1,0.0018336884955286483,-34.538776394910684,non_christian,non_christian,0.016904216540927552,-2.7309927303980115,non_christian,non_christian,0.003224219789440665,-3.0517948410087627,non_christian,non_christian,0.019228755939767462,-5.360304355621338,non_christian,non_christian,0.015960552586680735,-3.9067431990244716,non_christian,non_christian
315,LC-10,non_christian,4,0.006960198945179553,-34.538776394910684,non_christian,non_christian,0.016472948308151016,-3.2020589410441715,non_christian,non_christian,0.4399618614195957,-1.1219296553578528,non_christian,non_christian,0.052827203955101924,-3.493281126022339,non_christian,non_christian,0.06904035992844776,-3.5960672327951584,non_christian,non_christian
317,MQDQ-235,non_christian,3,0.04745647997404051,-12.455387924440402,non_christian,non_christian,0.004226571871453339,-3.2849732166762675,non_christian,non_christian,0.34721520956007085,-1.1543939952457845,non_christian,non_christian,0.011188364866843459,-5.96904993057251,non_christian,non_christian,0.004545622304734342,-5.447541982111566,non_christian,non_christian
318,MQDQ-508,non_christian,4,0.15381292544077094,-2.796584142202171,non_christian,non_christian,0.011192239991633459,-3.4348135117401317,non_christian,non_christian,0.3268646007584868,-1.1543126285693546,non_christian,non_christian,0.010533451922088162,-5.386739253997803,non_christian,non_christian,0.01148532198702035,-5.614307133115461,non_christian,non_christian
319,MQDQ-263,non_christian,4,0.006960198945179553,-34.538776394910684,non_christian,non_christian,0.018591999139434663,-3.128898798002214,non_christian,non_christian,0.3886119612142404,-1.136188724095662,non_christian,non_christian,0.05550939548676457,-3.4334166049957275,non_christian,non_christian,0.09514340173857047,-3.215925010329132,non_christian,non_christian
322,IT-LAT0588,non_christian,1,0.0018336884955286483,-34.538776394910684,non_christian,non_christian,0.004613279162437481,-3.321580181827722,non_christian,non_christian,0.013456539888595154,-2.6147928487785723,non_christian,non_christian,0.020394070744920164,-5.283212184906006,non_christian,non_christian,0.013854720658039653,-4.032438510098091,non_christian,non_christian
323,MQDQ-207,non_christian,2,0.009511765506001201,-34.538776394910684,non_christian,non_christian,0.02194152759005997,-2.980124488567264,non_christian,non_christian,0.29491850319544327,-1.1693134204054736,non_christian,non_christian,0.11597604579809308,-2.5530953407287598,non_christian,non_christian,0.06877371901329898,-2.355753354795928,non_christian,non_christian
325,MQDQ-195,non_christian,2,0.009511765506001201,-34.538776394910684,non_christian,non_christian,0.030330675225273433,-2.774829861779076,non_christian,non_christian,0.2826933799314191,-1.1741855373642875,non_christian,non_christian,0.018236440633425936,-4.959689617156982,non_christian,non_christian,0.03615808458629554,-2.9279916807348383,non_christian,non_christian
328,MQDQ-198,non_christian,3,0.0033783081390533942,-34.538776394910684,non_christian,non_christian,0.01468838259373556,-2.761686496343991,non_christian,non_christian,0.2921263962895886,-1.1749154965780733,non_christian,non_christian,0.017632658660282526,-5.3917036056518555,non_christian,non_christian,0.029923994437906453,-3.5656800505998207,non_christian,non_christian
329,MQDQ-199,non_christian,5,0.00446115886089328,-34.538776394910684,non_christian,non_christian,0.01266740273336137,-2.7402388990552713,non_christian,non_christian,0.004675298191545494,-2.9777109602834217,non_christian,non_christian,0.010603278398526109,-5.539954662322998,non_christian,non_christian,0.02056716090238358,-5.362242599878269,non_christian,non_christian
330,MQDQ-450,non_christian,5,0.0649420482520917,-7.616808765566532,non_christian,non_christian,0.005721589128152651,-3.048537233907532,non_christian,non_christian,0.009929617518301286,-2.71040964205862,non_christian,non_christian,0.007912169096812114,-5.903582572937012,non_christian,non_christian,0.006807890332469119,-6.879405724735024,non_christian,non_christian
332,MQDQ-448,non_christian,2,0.009511765506001201,-34.538776394910684,non_christian,non_christian,0.17917863707891868,-1.5748598579478106,christian,non_christian,0.545422517409768,-1.0830611679130921,non_christian,non_christian,0.07366664179001932,-3.169365167617798,non_christian,non_christian,0.05390706522949308,-2.5748995767061995,non_christian,non_christian
333,MQDQ-201,non_christian,5,0.00446115886089328,-34.538776394910684,non_christian,non_christian,0.035593777078793104,-2.3339530328593465,non_christian,non_christian,0.0037950901296202396,-3.0515272366698722,non_christian,non_christian,0.08378859618074819,-2.9014742374420166,non_christian,non_christian,0.019291290342792106,-5.450792406048794,non_christian,non_christian
335,MQDQ-203,non_christian,3,0.0033783081390533942,-34.538776394910684,non_christian,non_christian,0.020172303186947696,-2.62720830058146,non_christian,non_christian,0.3237332683800108,-1.1629142816183506,non_christian,non_christian,0.47161514487371725,-0.5036455392837524,christian,non_christian,0.35864376923499375,-0.7113865062926392,christian,non_christian
336,MQDQ-204,non_christian,3,0.0033783081390533942,-34.538776394910684,non_christian,non_christian,0.024249041582265565,-2.548797857071653,non_christian,non_christian,0.25800698107402165,-1.188765507352231,non_christian,non_christian,0.030415385959018652,-4.693140983581543,non_christian,non_christian,0.18356921577814947,-1.6089084059987449,non_christian,non_christian
343,MQDQ-205,non_christian,2,0.009511765506001201,-34.538776394910684,non_christian,non_christian,0.0330785173529644,-2.71951382543396,non_christian,non_christian,0.2711068167050884,-1.1789224034928059,non_christian,non_christian,0.18045957181508673,-1.9155521392822266,non_christian,non_christian,0.43866260416995057,-0.362738056525495,christian,non_christian
344,MQDQ-446,non_christian,2,0.009511765506001201,-34.538776394910684,non_christian,non_christian,0.12427272151630496,-1.840843159369245,christian,non_christian,0.518370397681371,-1.0919562489321901,non_christian,non_christian,0.06178531771128325,-3.4015867710113525,non_christian,non_christian,0.033981359422704645,-2.982351279280992,non_christian,non_christian
345,MQDQ-473,non_christian,1,0.08581119191358973,-1.3200181453835924,non_christian,non_christian,0.003930824042925154,-3.3940045005746695,non_christian,non_christian,0.0012514625667883993,-3.3397770790271815,non_christian,non_christian,0.005499714858084081,-6.9857401847839355,non_christian,non_christian,9.331740792251317e-4,-6.404723468295817,non_christian,non_christian
346,IT-LAT0588_2,non_christian,4,0.006960198945179553,-34.538776394910684,non_christian,non_christian,0.02407019232588881,-2.972181905038546,non_christian,non_christian,0.4362155093923518,-1.122954073115813,non_christian,non_christian,0.09214729842952599,-2.808725595474243,non_christian,non_christian,0.0731472680962838,-3.5283376702147646,non_christian,non_christian
348,IT-LAT0534_2,non_christian,1,0.0018336884955286483,-34.538776394910684,non_christian,non_christian,0.010601704464986329,-2.9440371614440597,non_christian,non_christian,0.003566965572467894,-3.0210128812818597,non_christian,non_christian,0.004312059747884951,-7.299720287322998,non_christian,non_christian,0.0025742335804877937,-5.515285952511113,non_christian,non_christian
351,MQDQ-163,non_christian,1,0.0018336884955286483,-34.538776394910684,non_christian,non_christian,0.012155593291315,-2.881716337549219,non_christian,non_christian,0.003136585379310274,-3.060189403028161,non_christian,non_christian,0.007561513246093412,-6.574182987213135,non_christian,non_christian,0.014327370036226457,-4.002662439092267,non_christian,non_christian
354,IT-LAT0111,non_christian,5,0.00446115886089328,-34.538776394910684,non_christian,non_christian,0.025289297811834702,-2.469461083570737,non_christian,non_christian,0.09501026866986524,-1.8828689532970881,non_christian,non_christian,0.012731898804023093,-5.312160968780518,non_christian,non_christian,0.023000388777547048,-5.207346487210968,non_christian,non_christian
356,MQDQ-556,non_christian,3,0.042513915670117496,-13.40158069617442,non_christian,non_christian,0.004226571871453339,-3.2849732166762675,non_christian,non_christian,0.28686653956419406,-1.1769834064146154,non_christian,non_christian,0.012082159001526333,-5.871753215789795,non_christian,non_christian,0.007545339195634211,-4.94535309154313,non_christian,non_christian
358,IT-LAT0534_3,non_christian,4,0.006960198945179553,-34.538776394910684,non_christian,non_christian,0.016506308816461677,-3.2008370926868794,non_christian,non_christian,0.3784418367194782,-1.1390842797230625,non_christian,non_christian,0.008624781925609368,-5.617504119873047,non_christian,non_christian,0.016152030561018594,-5.237894568256385,non_christian,non_christian
359,MQDQ-554,non_christian,3,0.15766047610049178,-1.5801063777508872,non_christian,non_christian,0.004226571871453339,-3.2849732166762675,non_christian,non_christian,0.3289217216706069,-1.1610057453478067,non_christian,non_christian,0.010289387180065841,-6.074993133544922,non_christian,non_christian,0.00451769434525195,-5.453640683901637,non_christian,non_christian
363,IT-LAT0346,non_christian,1,0.0018336884955286483,-34.538776394910684,non_christian,non_christian,0.02476976737091995,-2.5552674320277133,non_christian,non_christian,0.0026271431098604373,-3.1141654439760087,non_christian,non_christian,0.10766230168223687,-3.026603937149048,non_christian,non_christian,0.07814975048369066,-2.4594767488964666,non_christian,non_christian
364,IT-LAT0349,non_christian,1,0.0018336884955286483,-34.538776394910684,non_christian,non_christian,0.008128491649731895,-3.0648242307994247,non_christian,non_christian,0.006007202719046245,-2.861984792260506,non_christian,non_christian,0.33273826929073697,-1.204145908355713,non_christian,non_christian,0.31691357626198186,-0.9719776516508977,christian,non_christian
365,IT-LAT0120,non_christian,5,0.00446115886089328,-34.538776394910684,non_christian,non_christian,0.0065272809976853466,-2.9975687084155265,non_christian,non_christian,0.007075427944046233,-2.830849514728223,non_christian,non_christian,0.006048586850700678,-6.236415386199951,non_christian,non_christian,0.012617848777657757,-6.035294453883896,non_christian,non_christian
368,MQDQ-433,non_christian,4,0.006960198945179553,-34.538776394910684,non_christian,non_christian,0.025639589210512223,-2.933707955416898,non_christian,non_christian,0.4103879419068366,-1.1300775073080023,non_christian,non_christian,0.014264531955618727,-5.035752773284912,non_christian,non_christian,0.026526579192467353,-4.686188767719102,non_christian,non_christian
369,IT-LAT0054,non_christian,3,0.0033783081390533942,-34.538776394910684,non_christian,non_christian,0.02922103102715527,-2.4689776834512633,non_christian,non_christian,0.5177884188525288,-1.097587751320614,non_christian,non_christian,0.021887033504434654,-5.115826606750488,non_christian,non_christian,0.012867732336784319,-4.414215310500785,non_christian,non_christian
374,IT-LAT0341,non_christian,5,0.00446115886089328,-34.538776394910684,non_christian,non_christian,0.006130108337085127,-3.021861174909964,non_christian,non_christian,0.004990745535291539,-2.954590387912765,non_christian,non_christian,0.02000693724371599,-4.7468461990356445,non_christian,non_christian,0.017401157737343274,-5.593139365517098,non_christian,non_christian
375,MQDQ-115,non_christian,4,0.14693613760899402,-3.3214638689981086,non_christian,non_christian,0.011192239991633459,-3.4348135117401317,non_christian,non_christian,0.3751554648357579,-1.140026336794451,non_christian,non_christian,0.011693685985788767,-5.265932559967041,non_christian,non_christian,0.012305965705900316,-5.538258951804583,non_christian,non_christian
378,MQDQ-465,non_christian,5,0.09943263609731616,-3.0632657143264623,non_christian,non_christian,0.005721589128152651,-3.048537233907532,non_christian,non_christian,0.008154259992271977,-2.780456776400776,non_christian,non_christian,0.014530762028939532,-5.14727783203125,non_christian,non_christian,0.011504798823490868,-6.161965653432078,non_christian,non_christian
379,MQDQ-471,non_christian,4,0.06568878252031318,-12.058037775146516,non_christian,non_christian,0.011192239991633459,-3.4348135117401317,non_christian,non_christian,0.3427533098263053,-1.1495097408451047,non_christian,non_christian,0.011822296244671496,-5.2532782554626465,non_christian,non_christian,0.01398087182279513,-5.397471557457327,non_christian,non_christian
380,MQDQ-467,non_christian,4,0.09441907248117731,-8.216011923442352,non_christian,non_christian,0.011192239991633459,-3.4348135117401317,non_christian,non_christian,0.4017789436615323,-1.132480324827303,non_christian,non_christian,0.016434606603450405,-4.871328830718994,non_christian,non_christian,0.019395429897489432,-5.035054832022384,non_christian,non_christian
383,MQDQ-472,non_christian,4,0.006960198945179553,-34.538776394910684,non_christian,non_christian,0.011192239991633459,-3.4348135117401317,non_christian,non_christian,0.384638760100344,-1.137316501691665,non_christian,non_christian,0.029068219451180946,-4.204582691192627,non_christian,non_christian,0.06966048528258971,-3.5856055498302095,non_christian,non_christian
385,MQDQ-223,non_christian,1,0.04380595260341503,-7.377397784278372,non_christian,non_christian,0.003930824042925154,-3.3940045005746695,non_christian,non_christian,6.564809309353196e-4,-3.535874815693775,non_christian,non_christian,0.004946215388790173,-7.12268590927124,non_christian,non_christian,9.096970619601603e-4,-6.427042222688425,non_christian,non_christian
388,MQDQ-213,non_christian,3,0.15987980753297457,-1.4435745688906965,non_christian,non_christian,0.004226571871453339,-3.2849732166762675,non_christian,non_christian,0.36003491355601364,-1.1498582947715545,non_christian,non_christian,0.010720835238177686,-6.0230512619018555,non_christian,non_christian,0.004545622304734342,-5.447541982111566,non_christian,non_christian
390,MQDQ-335,non_christian,2,0.1613562460290804,1.0120031094500062,non_christian,non_christian,0.022261150476531093,-2.9709905362190283,non_christian,non_christian,0.4359031673130982,-1.1190742559446212,non_christian,non_christian,0.03741431175501761,-4.050693988800049,non_christian,non_christian,0.023922283917794565,-3.2876375921539687,non_christian,non_christian
392,IT-LAT0360,non_christian,4,0.006960198945179553,-34.538776394910684,non_christian,non_christian,0.05269755135509576,-2.4890553962165964,non_christian,non_christian,0.3842946552794176,-1.1374143777857106,non_christian,non_christian,0.019051192893710794,-4.699373722076416,non_christian,non_christian,0.03943325202794153,-4.239981718974428,non_christian,non_christian
393,IT-LAT0062,christian,1,0.8676728912582483,34.53957599234088,christian,christian,0.9997659353842109,2.8651089681062083,christian,christian,0.9971607659772417,0.4692646330363681,christian,christian,0.9507475739675306,3.4914348125457764,christian,christian,0.9805610773839424,3.1313252059690755,christian,christian
394,IT-LAT0246,christian,4,0.8932414713805675,34.53957599234088,christian,christian,0.9954231508963832,2.423904149135794,christian,christian,0.9387050588948307,-0.9220032037150144,christian,christian,0.9767868358978696,4.0821356773376465,christian,christian,0.976391184101728,3.2893550748890097,christian,christian
397,IT-LAT0058,christian,1,0.8676728912582483,34.53957599234088,christian,christian,0.9905682452274643,1.1959023604469663,christian,christian,0.999572182518718,1.0447122029794977,christian,christian,0.9502593628092929,3.478107213973999,christian,christian,0.986357853548448,3.446375518827155,christian,christian
400,IT-LAT0051,non_christian,4,0.006960198945179553,-34.538776394910684,non_christian,non_christian,0.02901116446844345,-2.858266463844441,non_christian,non_christian,0.40400216272313905,-1.1318582563026578,non_christian,non_christian,0.06515368959363937,-3.2385318279266357,non_christian,non_christian,0.0812848991457437,-3.4038814870525096,non_christian,non_christian
405,MQDQ-394,non_christian,4,0.1530671405584302,-2.8525636657999485,non_christian,non_christian,0.05165802632091025,-2.501541022731356,non_christian,non_christian,0.41975621924000944,-1.1274800725961487,non_christian,non_christian,0.07259144114728212,-3.1058123111724854,non_christian,non_christian,0.08096877253077558,-3.408498872496331,non_christian,non_christian
406,MQDQ-395,non_christian,2,0.09176023951867521,-6.627809680564667,non_christian,non_christian,0.008978786700122907,-3.5401157961756615,non_christian,non_christian,0.31192136526407116,-1.1627277180218725,non_christian,non_christian,0.009026455108189751,-5.836972713470459,non_christian,non_christian,0.004819763237146712,-4.657492222384962,non_christian,non_christian
408,MQDQ-397,non_christian,1,0.08779538853589243,-1.1086286879040304,non_christian,non_christian,0.07917022235162104,-2.005976386994118,non_christian,non_christian,0.03656317999490657,-2.304059515080934,non_christian,non_christian,0.1318036522345607,-2.73154616355896,non_christian,non_christian,0.05335247400383621,-2.816745431757252,non_christian,non_christian
410,MQDQ-399,non_christian,4,0.05944863169306854,-13.096158100396678,non_christian,non_christian,0.011192239991633459,-3.4348135117401317,non_christian,non_christian,0.35958128348879326,-1.1445375973852177,non_christian,non_christian,0.007776878928103048,-5.7367939949035645,non_christian,non_christian,0.010707991142986125,-5.691466791741441,non_christian,non_christian
414,MQDQ-403,non_christian,4,0.007811208496126194,-33.40572146063687,non_christian,non_christian,0.011192239991633459,-3.4348135117401317,non_christian,non_christian,0.27524222240379487,-1.1708570811248107,non_christian,non_christian,0.008062009915341646,-5.695298194885254,non_christian,non_christian,0.01841957480482276,-5.092346371954608,non_christian,non_christian
415,MQDQ-404,non_christian,4,0.006960198945179553,-34.538776394910684,non_christian,non_christian,0.06403075154875182,-2.366201647613558,non_christian,non_christian,0.2957428782367065,-1.164089954931001,non_christian,non_christian,0.07121236076903664,-3.1294400691986084,non_christian,non_christian,0.07691353227054538,-3.4692379883410593,non_christian,non_christian
416,MQDQ-405,non_christian,2,0.045474065236934126,-15.543601924690563,non_christian,non_christian,0.008978786700122907,-3.5401157961756615,non_christian,non_christian,0.3105824492614551,-1.163238918074307,non_christian,non_christian,0.015672814806151927,-5.149405002593994,non_christian,non_christian,0.009896775815031825,-4.045333616525715,non_christian,non_christian
417,MQDQ-408,non_christian,4,0.02386391836208244,-22.35763776786007,non_christian,non_christian,0.011192239991633459,-3.4348135117401317,non_christian,non_christian,0.3305518122510211,-1.1531878275108183,non_christian,non_christian,0.007189152434389072,-5.827312469482422,non_christian,non_christian,0.011714682914884294,-5.5925251571425685,non_christian,non_christian
420,MQDQ-411,non_christian,5,0.0588655602759301,-8.645419182099232,non_christian,non_christian,0.005721589128152651,-3.048537233907532,non_christian,non_christian,0.0061611505565208075,-2.879933126864358,non_christian,non_christian,0.01108700497084494,-5.484453201293945,non_christian,non_christian,0.009479890239477907,-6.42708191470573,non_christian,non_christian
422,IT-LAT0934,non_christian,3,0.0033783081390533942,-34.538776394910684,non_christian,non_christian,0.08455783194508752,-2.0019211109605224,non_christian,non_christian,0.7561668991057813,-1.0118232690032745,christian,christian,0.0159321466854008,-5.520761489868164,non_christian,non_christian,0.011449862577485278,-4.530635123873966,non_christian,non_christian
424,MQDQ-490,non_christian,2,0.044111263202926736,-15.92139204125749,non_christian,non_christian,0.008978786700122907,-3.5401157961756615,non_christian,non_christian,0.4158731498252953,-1.12578025483844,non_christian,non_christian,0.011539094061164785,-5.5315117835998535,non_christian,non_christian,0.007884804455233638,-4.239053161246832,non_christian,non_christian
425,MQDQ-240,non_christian,1,0.07719093985871264,-2.2932862176245408,non_christian,non_christian,0.043887454881095966,-2.288678455938903,non_christian,non_christian,0.0029354012229513165,-3.080380813204372,non_christian,non_christian,0.021779715101954228,-5.196970462799072,non_christian,non_christian,0.007149707360714978,-4.617308914485736,non_christian,non_christian
426,MQDQ-138,non_christian,5,0.00446115886089328,-34.538776394910684,non_christian,non_christian,0.062432582964130776,-2.107038235916582,non_christian,non_christian,0.18438373519878085,-1.6125751647349431,non_christian,non_christian,0.044091163187284586,-3.743792772293091,non_christian,non_christian,0.04617798493772945,-4.23029057717634,non_christian,non_christian
428,IT-LAT0256,christian,2,0.7647206676578295,34.53957599234088,christian,christian,0.9983062113054463,3.3050158784623695,christian,christian,0.9494917711647456,-0.8578476246527689,christian,christian,0.9955492052358564,6.607924461364746,christian,christian,0.9792413986139309,3.101386402451649,christian,christian
430,IT-LAT0750,christian,1,0.8676728912582483,34.53957599234088,christian,christian,0.999125149171798,2.270895969048193,christian,christian,0.9995172927059341,1.0080389806447236,christian,christian,0.9900939481954829,5.603305339813232,christian,christian,0.9859061207958786,3.41746616758712,christian,christian
435,IT-LAT0747,christian,5,0.835424817298724,34.53957599234088,christian,christian,0.9998628586062307,2.3546456751755374,christian,christian,0.9989904408794477,1.3419812687083428,christian,christian,0.9678102549663612,4.230529308319092,christian,christian,0.967692760279211,4.479988555131268,christian,christian
439,IT-LAT0471,christian,3,0.9382099072983424,34.53957599234088,christian,christian,0.977383938036064,0.5591330593686277,christian,christian,0.8719777937666052,-0.9482004960243862,christian,christian,0.9298240446007799,2.87178111076355,christian,christian,0.9274585561760087,2.371536693000153,christian,christian
440,IT-LAT0746,christian,2,0.7647206676578295,34.53957599234088,christian,christian,0.9792659399466963,1.7460854352835697,christian,christian,0.9170513085543383,-0.9012967285991965,christian,christian,0.9169695722604873,2.9043431282043457,christian,christian,0.8736720591617225,1.479329476476689,christian,christian
441,IT-LAT0347,non_christian,4,0.006960198945179553,-34.538776394910684,non_christian,non_christian,0.022454527525162308,-3.0144355814495882,non_christian,non_christian,0.4316578474474507,-1.124203037769918,non_christian,non_christian,0.05800808512138339,-3.380048990249634,non_christian,non_christian,0.08717199350605054,-3.3207487935640048,non_christian,non_christian
444,IT-LAT0201,non_christian,3,0.0033783081390533942,-34.538776394910684,non_christian,non_christian,0.016868694022071105,-2.7031115456002204,non_christian,non_christian,0.5483546152041456,-1.0876542585722353,non_christian,non_christian,0.01502047625495112,-5.595649242401123,non_christian,non_christian,0.017385539878618263,-4.113263320092457,non_christian,non_christian
446,IT-LAT0865,christian,1,0.8676728912582483,34.53957599234088,christian,christian,0.9999662944853837,3.738180022256765,christian,christian,0.9999995781930636,3.1467816166158435,christian,christian,0.9978531746220008,7.5772385597229,christian,christian,0.9943586841975851,4.226218224171358,christian,christian
447,IT-LAT0059,christian,1,0.8676728912582483,34.53957599234088,christian,christian,0.9999983491061396,5.096965447877812,christian,christian,0.9999996968366273,3.2470748530394715,christian,christian,0.9962372049490522,6.8544392585754395,christian,christian,0.9944626856207042,4.242593760839261,christian,christian
448,IT-LAT0893,non_christian,5,0.00446115886089328,-34.538776394910684,non_christian,non_christian,0.005721589128152651,-3.048537233907532,non_christian,non_christian,0.009053480558960556,-2.7432732595832032,non_christian,non_christian,0.008988874766648699,-5.745233535766602,non_christian,non_christian,0.009633448864716562,-6.405096701169451,non_christian,non_christian
449,IT-LAT0895,non_christian,1,0.0018336884955286483,-34.538776394910684,non_christian,non_christian,0.007399122276062353,-3.107505789946351,non_christian,non_christian,0.0028566146741923694,-3.08866658998481,non_christian,non_christian,0.021740862289133772,-5.199314594268799,non_christian,non_christian,0.008181258344706583,-4.498455157209932,non_christian,non_christian
450,IT-LAT0896,non_christian,5,0.06428495485884805,-7.723603943423882,non_christian,non_christian,0.03340927280839342,-2.3591768393607557,non_christian,non_christian,0.02637187854118416,-2.3602945794115304,non_christian,non_christian,0.033469221591137674,-4.0965986251831055,non_christian,non_christian,0.03318128331928305,-4.696527221556687,non_christian,non_christian
451,MQDQ-439,non_christian,4,0.11906593523105596,-5.685573092687548,non_christian,non_christian,0.05460769353949073,-2.4667072293637444,non_christian,non_christian,0.4301697157509279,-1.1246115164587116,non_christian,non_christian,0.33709794222762884,-0.966389000415802,christian,non_christian,0.40718352580403216,-1.172466576464646,christian,christian
452,MQDQ-41,christian,3,0.9382099072983424,34.53957599234088,christian,christian,0.9999996347361666,5.164733031356477,christian,christian,0.9538551675952637,-0.8584273788731057,christian,christian,0.9939785934316265,6.0279316902160645,christian,christian,0.9361048081760256,2.5057010169884153,christian,christian
453,MQDQ-39,christian,3,0.9382099072983424,34.53957599234088,christian,christian,0.9999832604901125,3.5714453747909793,christian,christian,0.888171480043945,-0.9357766308106522,christian,christian,0.5830645373451627,0.05819924548268318,christian,christian,0.11557023175867527,-2.1435376874353853,non_christian,non_christian
454,MQDQ-40,christian,4,0.8932414713805675,34.53957599234088,christian,christian,0.9803951554573752,1.5507615162009534,christian,christian,0.9332334886848797,-0.9281522211340851,christian,christian,0.9583685880168016,3.39253830909729,christian,christian,0.8618584631427716,1.229934084593589,christian,christian
456,MQDQ-232,non_christian,3,0.0033783081390533942,-34.538776394910684,non_christian,non_christian,0.00749211194172272,-3.0451445622556506,non_christian,non_christian,0.38875916800235377,-1.1399377018807086,non_christian,non_christian,0.07723084449259525,-3.4652440547943115,non_christian,non_christian,0.03183642577348369,-3.5027085330459817,non_christian,non_christian
457,MQDQ-233,non_christian,4,0.006960198945179553,-34.538776394910684,non_christian,non_christian,0.0396651289376784,-2.665920007629218,non_christian,non_christian,0.40736954980932494,-1.130918132174133,non_christian,non_christian,0.025520639127908664,-4.357560157775879,non_christian,non_christian,0.02618896231971252,-4.7005131701926715,non_christian,non_christian
460,IT-LAT0204,non_christian,5,0.00446115886089328,-34.538776394910684,non_christian,non_christian,0.016336875935720384,-2.6409906121174993,non_christian,non_christian,0.06040488987579877,-2.0556989535051335,non_christian,non_christian,0.032668075720849024,-4.127434253692627,non_christian,non_christian,0.07555810617728038,-3.5206243561350683,non_christian,non_christian
462,IT-LAT0914,non_christian,3,0.0033783081390533942,-34.538776394910684,non_christian,non_christian,0.004226571871453339,-3.2849732166762675,non_christian,non_christian,0.3302094822446274,-1.1605344474459753,non_christian,non_christian,0.011961776653460675,-5.884435176849365,non_christian,non_christian,0.007766890483517195,-4.916624445815399,non_christian,non_christian
463,MQDQ-107,non_christian,5,0.08130692886543482,-5.23583652562013,non_christian,non_christian,0.005721589128152651,-3.048537233907532,non_christian,non_christian,0.012448279818794525,-2.6298488587411613,non_christian,non_christian,0.012653243830960781,-5.31988525390625,non_christian,non_christian,0.0066476557676068,-6.911901012816715,non_christian,non_christian
465,MQDQ-234,non_christian,2,0.10138589712558845,-5.318334463523001,non_christian,non_christian,0.008978786700122907,-3.5401157961756615,non_christian,non_christian,0.40874025542160347,-1.1281896759448038,non_christian,non_christian,0.011088023729914529,-5.5811638832092285,non_christian,non_christian,0.009651537663966573,-4.066740987729789,non_christian,non_christian
466,IT-LAT0264,christian,3,0.9382099072983424,34.53957599234088,christian,christian,0.32984618428517304,-1.3049882977212512,christian,christian,0.7819517539973195,-1.000073767997511,christian,christian,0.028779543848168467,-4.764423847198486,non_christian,non_christian,0.0083708880902675,-4.8422501853294975,non_christian,non_christian
468,MQDQ-289,non_christian,3,0.14876224066156651,-2.143784439706643,non_christian,non_christian,0.004226571871453339,-3.2849732166762675,non_christian,non_christian,0.37120397277467587,-1.1459640691611857,non_christian,non_christian,0.010720835238177686,-6.0230512619018555,non_christian,non_christian,0.004545622304734342,-5.447541982111566,non_christian,non_christian
469,MQDQ-158,non_christian,4,0.1825830859367373,-0.7874736496032497,non_christian,non_christian,0.011192239991633459,-3.4348135117401317,non_christian,non_christian,0.4954103318110405,-1.106921803967474,non_christian,non_christian,0.009221178823935033,-5.540372371673584,non_christian,non_christian,0.010012659778483549,-5.765334972319552,non_christian,non_christian
470,IT-LAT0268,christian,4,0.8932414713805675,34.53957599234088,christian,christian,0.8407621370352238,0.21532683480222198,christian,christian,0.7763001376305185,-1.0219334207849904,christian,christian,0.8836863985974075,2.125131368637085,christian,christian,0.8952319348699845,1.572390322851033,christian,christian
471,MQDQ-1,christian,5,0.835424817298724,34.53957599234088,christian,christian,0.8962494379455422,-0.2362323019405995,christian,christian,0.9330582942710699,-0.1601437274115507,christian,christian,0.9071765469043936,2.8475916385650635,christian,christian,0.8780083449591336,2.547670863391207,christian,christian
472,IT-LAT0665,non_christian,1,0.0018336884955286483,-34.538776394910684,non_christian,non_christian,0.05182585211352619,-2.2100273822244403,non_christian,non_christian,0.06757430218610298,-2.107617609307881,non_christian,non_christian,0.18997561052966086,-2.1729543209075928,non_christian,non_christian,0.06911753490604287,-2.5754903649161323,non_christian,non_christian
473,MQDQ-499,non_christian,1,0.23418151930700767,8.653447964337087,christian,non_christian,0.017432951521890002,-2.7168763424343987,non_christian,non_christian,0.0318831109544775,-2.3471226074563334,non_christian,non_christian,0.08775849683768193,-3.31746244430542,non_christian,non_christian,0.06084369283283031,-2.6948124321184315,non_christian,non_christian
474,MQDQ-500,non_christian,4,0.1865215973633521,-0.5322967466914007,non_christian,non_christian,0.011192239991633459,-3.4348135117401317,non_christian,non_christian,0.4291859938844698,-1.1248817289426054,non_christian,non_christian,0.015231416278916346,-4.959649562835693,non_christian,non_christian,0.019310039960442307,-5.039953825752295,non_christian,non_christian
475,MQDQ-151,christian,4,0.8932414713805675,34.53957599234088,christian,christian,0.7723654118408725,-0.0473288306891772,christian,christian,0.9225824449288559,-0.938887943746305,christian,christian,0.9362293862302182,2.878277540206909,christian,christian,0.9117301902127688,1.7788431287462907,christian,christian
476,MQDQ-241,non_christian,5,0.00446115886089328,-34.538776394910684,non_christian,non_christian,0.46322866985317085,-1.121981693372634,christian,christian,0.40086859879167275,-1.2301964328707118,christian,christian,0.4327089457292221,-0.2911003828048706,christian,non_christian,0.11385298570412208,-2.9076774701154675,non_christian,non_christian
478,LC-11,non_christian,1,0.8676728912582483,34.53957599234088,christian,christian,0.26052047580354576,-1.370629900872176,christian,non_christian,0.9654886179756972,-0.29901754483520815,christian,christian,0.23195209896769886,-1.8482202291488647,non_christian,non_christian,0.4326488360631244,-0.5370947532700213,christian,non_christian
479,MQDQ-166,non_christian,3,0.20034510560482272,0.8158419548571983,non_christian,non_christian,0.004226571871453339,-3.2849732166762675,non_christian,non_christian,0.3727710135405726,-1.1454216409324276,non_christian,non_christian,0.006860417558277398,-6.5865068435668945,non_christian,non_christian,0.0049238167919979535,-5.368438884153851,non_christian,non_christian
480,MQDQ-540,non_christian,3,0.1149676202391951,-4.58107079829486,non_christian,non_christian,0.004226571871453339,-3.2849732166762675,non_christian,non_christian,0.34596365578202265,-1.1548408913112724,non_christian,non_christian,0.018472123687879205,-5.3324384689331055,non_christian,non_christian,0.006826533176351736,-5.044687973160941,non_christian,non_christian
482,IT-LAT0233,non_christian,2,0.009511765506001201,-34.538776394910684,non_christian,non_christian,0.02958131507269067,-2.790757936618639,non_christian,non_christian,0.422455142447313,-1.1235674838814094,non_christian,non_christian,0.06905546152358133,-3.255056858062744,non_christian,non_christian,0.039546711320978346,-2.84933524516701,non_christian,non_christian
483,MQDQ-569,non_christian,4,0.006960198945179553,-34.538776394910684,non_christian,non_christian,0.036111635922158804,-2.723863526454335,non_christian,non_christian,0.5509994402244462,-1.091906467813834,non_christian,non_christian,0.11070602055925155,-2.5753304958343506,non_christian,non_christian,0.0696426566294171,-3.5859051186875908,non_christian,non_christian
486,MQDQ-573,non_christian,5,0.00446115886089328,-34.538776394910684,non_christian,non_christian,0.01019745993330426,-2.8245972150074334,non_christian,non_christian,0.02233751441641795,-2.4202605917798286,non_christian,non_christian,0.03463761566051588,-4.052881717681885,non_christian,non_christian,0.061121363301915865,-3.828967713296962,non_christian,non_christian
495,IT-LAT0286,non_christian,2,0.0212932949807568,-24.839201410529768,non_christian,non_christian,0.017065453719220677,-3.138420911045082,non_christian,non_christian,0.40687851049437856,-1.1288206500262778,non_christian,non_christian,0.1159663765796696,-2.5532114505767822,non_christian,non_christian,0.08183837436074837,-2.1968812759780008,non_christian,non_christian
499,MQDQ-479,non_christian,3,0.18121442583371913,-0.20302915602002278,non_christian,non_christian,0.004226571871453339,-3.2849732166762675,non_christian,non_christian,0.4255736025099332,-1.1275980206709446,non_christian,non_christian,0.009344440653256045,-6.19672155380249,non_christian,non_christian,0.004289928758889156,-5.504827014956182,non_christian,non_christian
500,MQDQ-480,non_christian,2,0.08805688006874328,-7.164663564593013,non_christian,non_christian,0.022235870418119034,-2.9717082885324673,non_christian,non_christian,0.3706320283052249,-1.1413124759358064,non_christian,non_christian,0.030740321202759564,-4.301084995269775,non_christian,non_christian,0.01640068421766375,-3.6130332196976225,non_christian,non_christian
502,MQDQ-481,non_christian,1,0.07409592611453587,-2.6671296238226887,non_christian,non_christian,0.003930824042925154,-3.3940045005746695,non_christian,non_christian,0.004320674587342685,-2.9625716585330943,non_christian,non_christian,0.013172297635381488,-5.854053020477295,non_christian,non_christian,0.0017085188087221012,-5.874779259787119,non_christian,non_christian
503,IT-LAT0574_1,non_christian,5,0.07393023663679779,-6.2486344942458345,non_christian,non_christian,0.008372237198871235,-2.901137688641431,non_christian,non_christian,0.07468964836338397,-1.9754963301221622,non_christian,non_christian,0.005365701417970683,-6.384688854217529,non_christian,non_christian,0.019712735685546306,-5.420923789842563,non_christian,non_christian
504,MQDQ-597,non_christian,2,0.009511765506001201,-34.538776394910684,non_christian,non_christian,0.023494992263885843,-2.936893227370925,non_christian,non_christian,0.39100284351471715,-1.134240163920713,non_christian,non_christian,0.11831812231595729,-2.5252156257629395,non_christian,non_christian,0.08382281641423538,-2.1748122356969293,non_christian,non_christian
505,IT-LAT0574_3,non_christian,2,0.009511765506001201,-34.538776394910684,non_christian,non_christian,0.03678398265816039,-2.65156377110439,non_christian,non_christian,0.5644994890148606,-1.0767382967783352,christian,non_christian,0.07707723313718032,-3.10910701751709,non_christian,non_christian,0.10510891004317657,-1.9637755423458831,non_christian,non_christian
506,IT-LAT0574_7,non_christian,1,0.0018336884955286483,-34.538776394910684,non_christian,non_christian,0.009848126995152102,-2.977594819717108,non_christian,non_christian,0.01780394508493907,-2.5284392611049777,non_christian,non_christian,0.051801888635591015,-4.0441508293151855,non_christian,non_christian,0.014567058656569152,-3.9879304495544883,non_christian,non_christian
511,IT-LAT0574_6,non_christian,4,0.006960198945179553,-34.538776394910684,non_christian,non_christian,0.09063723823284926,-2.1426618002395297,non_christian,non_christian,0.4227958686863282,-1.1266408388777442,non_christian,non_christian,0.10549992586625283,-2.6370737552642822,non_christian,non_christian,0.29648328924134754,-1.7043315391086762,non_christian,non_christian
518,MQDQ-588,non_christian,2,0.009511765506001201,-34.538776394910684,non_christian,non_christian,0.03896142574649368,-2.6146465486460113,non_christian,non_christian,0.4288115467673856,-1.121439331809804,non_christian,non_christian,0.021548578740941418,-4.750072956085205,non_christian,non_christian,0.03206119196150038,-3.033168747343894,non_christian,non_christian
521,IT-LAT0574_2,non_christian,1,0.06134624159524127,-4.37719472242361,non_christian,non_christian,0.003930824042925154,-3.3940045005746695,non_christian,non_christian,0.0041120455565565464,-2.9776639424610094,non_christian,non_christian,0.027534083066217362,-4.8882927894592285,non_christian,non_christian,0.01223871866137599,-4.142405176772538,non_christian,non_christian
525,MQDQ-591,non_christian,1,0.0018336884955286483,-34.538776394910684,non_christian,non_christian,0.017840507712047118,-2.7062793745594504,non_christian,non_christian,0.03532619762947366,-2.314900351790002,non_christian,non_christian,0.026083551240299655,-4.959713459014893,non_christian,non_christian,0.010176187893815107,-4.305737808320823,non_christian,non_christian
526,MQDQ-601,non_christian,4,0.006960198945179553,-34.538776394910684,non_christian,non_christian,0.08310688012030484,-2.199081002712385,non_christian,non_christian,0.49278355009140434,-1.1076291658457695,non_christian,non_christian,0.10880246635642218,-2.597604513168335,non_christian,non_christian,0.15251212291305938,-2.630839933818679,non_christian,non_christian
527,IT-LAT0793,christian,5,0.00446115886089328,-34.538776394910684,non_christian,non_christian,0.28113024126493164,-1.4263253819914123,non_christian,non_christian,0.3821720335338375,-1.2578568022701493,christian,christian,0.0466030007882645,-3.672370195388794,non_christian,non_christian,0.10568308582897093,-3.021021852915094,non_christian,non_christian
532,MQDQ-603,non_christian,2,0.009511765506001201,-34.538776394910684,non_christian,non_christian,0.14379926279733735,-1.7367794817588047,christian,non_christian,0.42385629991367896,-1.1230976569128024,non_christian,non_christian,0.09566268507136921,-2.8181192874908447,non_christian,non_christian,0.11989365651627508,-1.838515683427271,non_christian,non_christian
533,MQDQ-578,non_christian,3,0.0033783081390533942,-34.538776394910684,non_christian,non_christian,0.004226571871453339,-3.2849732166762675,non_christian,non_christian,0.38747471067448025,-1.1403750699656694,non_christian,non_christian,0.005597039534525829,-6.842764377593994,non_christian,non_christian,0.03846654866265503,-3.3095795776203323,non_christian,non_christian
537,MQDQ-16,non_christian,4,0.006960198945179553,-34.538776394910684,non_christian,non_christian,0.011192239991633459,-3.4348135117401317,non_christian,non_christian,0.37853085957844484,-1.1390588057442255,non_christian,non_christian,0.0034980961437808423,-6.655126094818115,non_christian,non_christian,0.0159415900888259,-5.252406556031951,non_christian,non_christian
538,MQDQ-165,non_christian,5,0.00446115886089328,-34.538776394910684,non_christian,non_christian,0.15294638399780142,-1.7234801326561622,non_christian,non_christian,0.297277595746315,-1.3917525127590669,christian,christian,0.2396191618712879,-1.3789429664611816,christian,non_christian,0.23014196011999027,-1.7633110638975689,non_christian,non_christian
540,IT-LAT0410,christian,1,0.8676728912582483,34.53957599234088,christian,christian,0.9978625142105872,1.8679075146379487,christian,christian,0.9999362655989963,1.6229923834095166,christian,christian,0.9740939996066287,4.347738742828369,christian,christian,0.9720882038546051,2.807136217479634,christian,christian
542,MQDQ-180,christian,1,0.8676728912582483,34.53957599234088,christian,christian,0.9999841124803229,4.0769985241946785,christian,christian,0.9999936327566977,2.3225195507588925,christian,christian,0.8947378409707315,2.43802809715271,christian,christian,0.7080882353909402,0.4755684597918759,christian,christian
544,IT-LAT0843,christian,1,0.8676728912582483,34.53957599234088,christian,christian,0.9999884005452838,4.218707226227538,christian,christian,0.9999996605208475,3.2127179803147587,christian,christian,0.9934107162669098,6.131214618682861,christian,christian,0.991075830247859,3.8219534744839327,christian,christian
551,LC-4,non_christian,3,0.0033783081390533942,-34.538776394910684,non_christian,non_christian,0.01749690657234096,-2.6876141433568703,non_christian,non_christian,0.49092294610762965,-1.1062803599473516,non_christian,non_christian,0.03200401743157949,-4.627384662628174,non_christian,non_christian,0.028712558346163628,-3.6076198788976397,non_christian,non_christian
553,IT-LAT0403,christian,5,0.835424817298724,34.53957599234088,christian,christian,0.9999948398774963,3.61590875928416,christian,christian,0.9998832582027568,2.1025249154130683,christian,christian,0.9864942143262715,5.322912693023682,christian,christian,0.9749872154773488,4.836950774012149,christian,christian
554,MQDQ-22,non_christian,2,0.009511765506001201,-34.538776394910684,non_christian,non_christian,0.058576501832751225,-2.350065858409814,non_christian,non_christian,0.49299743929529943,-1.1002660378708444,non_christian,non_christian,0.05199817585938778,-3.6266751289367676,non_christian,non_christian,0.030452926297259073,-3.0780495145808167,non_christian,non_christian
561,MQDQ-449,non_christian,4,0.006960198945179553,-34.538776394910684,non_christian,non_christian,0.017665375399571973,-3.1598266445275236,non_christian,non_christian,0.4074032720441687,-1.1309087298690057,non_christian,non_christian,0.010964647877913297,-5.340372085571289,non_christian,non_christian,0.02502092143835369,-4.751496388665504,non_christian,non_christian
566,IT-LAT0364,non_christian,3,0.0033783081390533942,-34.538776394910684,non_christian,non_christian,0.01198204061095325,-2.8476594721681914,non_christian,non_christian,0.3962607799727763,-1.1373936083334812,non_christian,non_christian,0.18979906442801023,-2.1773812770843506,non_christian,non_christian,0.24634013074291602,-1.2403594778585239,non_christian,non_christian
571,IT-LAT0329,non_christian,5,0.00446115886089328,-34.538776394910684,non_christian,non_christian,0.005721589128152651,-3.048537233907532,non_christian,non_christian,0.006132891489484493,-2.8815631908708164,non_christian,non_christian,0.039643237670228114,-3.880371332168579,non_christian,non_christian,0.020945694376056447,-5.337004528919007,non_christian,non_christian
572,IT-LAT0238,non_christian,3,0.0033783081390533942,-34.538776394910684,non_christian,non_christian,0.0046557982702902685,-3.2445036125890687,non_christian,non_christian,0.3485775695133358,-1.153908389416254,non_christian,non_christian,0.0026816055883100444,-7.767122268676758,non_christian,non_christian,0.007876664393103599,-4.902689910372086,non_christian,non_christian
573,MQDQ-114,non_christian,3,0.0033783081390533942,-34.538776394910684,non_christian,non_christian,0.01224718398607346,-2.838430501586608,non_christian,non_christian,0.5002752666194956,-1.103254952861893,non_christian,non_christian,0.20911920705403636,-2.025888442993164,non_christian,non_christian,0.49470542917292076,-0.15965386649637117,christian,christian
574,MQDQ-10,non_christian,4,0.5385846007414161,15.335275201273928,christian,christian,0.017198459488870783,-3.1760197705680207,non_christian,non_christian,0.6018008370443387,-1.077887643047311,non_christian,non_christian,0.26491868250037337,-1.3600274324417114,non_christian,non_christian,0.36291190872816215,-1.3762134765500142,christian,christian
580,LC-5,non_christian,5,0.00446115886089328,-34.538776394910684,non_christian,non_christian,0.027858355523167677,-2.4312443281539324,non_christian,non_christian,0.02048616213085721,-2.451415972782848,non_christian,non_christian,0.03468557240759717,-4.051117897033691,non_christian,non_christian,0.03616313866891783,-4.575725738847536,non_christian,non_christian
582,MQDQ-116,non_christian,5,0.08135163148220509,-5.229959446089538,non_christian,non_christian,0.8707155965784954,-0.3319477391334015,christian,christian,0.04939237614371249,-2.1307336711778113,non_christian,non_christian,0.0215845730743728,-4.651457786560059,non_christian,non_christian,0.016730738455105053,-5.647305771745984,non_christian,non_christian
584,IT-LAT0612,christian,2,0.7647206676578295,34.53957599234088,christian,christian,0.9969415564363672,2.939191883291089,christian,christian,0.8722365495309669,-0.9407525883957752,christian,christian,0.8143067046395108,1.7672641277313232,christian,christian,0.4234698875968516,-0.4150779367009733,christian,non_christian
590,MQDQ-375,christian,5,0.2826205401749705,9.431779152885358,christian,christian,0.18969250618836117,-1.6236355615736857,non_christian,non_christian,0.10984415132224887,-1.8259198770535578,non_christian,non_christian,0.05119490749982506,-3.55077862739563,non_christian,non_christian,0.06979218920863847,-3.6366210155939083,non_christian,non_christian
593,MQDQ-366,christian,4,0.8932414713805675,34.53957599234088,christian,christian,0.772419005234503,-0.047147754822617995,christian,christian,0.7553045489196392,-1.029817559983272,christian,christian,0.9776462700310202,4.126273155212402,christian,christian,0.9578929111935449,2.638544195528444,christian,christian
594,MQDQ-372,christian,2,0.7647206676578295,34.53957599234088,christian,christian,0.7226221814308601,-0.0434993480350605,christian,christian,0.6863407407136812,-1.033880623855134,christian,christian,0.5807365100557154,0.3484882414340973,christian,christian,0.6408379458529535,0.33474408335681516,christian,christian
597,MQDQ-280,christian,3,0.9382099072983424,34.53957599234088,christian,christian,0.9998723110253771,2.725033812053957,christian,christian,0.8738215251477651,-0.9468566441235149,christian,christian,0.9832845616985947,4.736859321594238,christian,christian,0.980080221390732,3.6990916143094994,christian,christian
601,MQDQ-278,christian,4,0.25161267907723484,3.1995011439426,non_christian,non_christian,0.7686102081281724,-0.05994257305517197,christian,christian,0.688935356788329,-1.052162636537663,christian,christian,0.6819641755696162,0.678875744342804,christian,christian,0.7242967614804959,0.288177400712387,christian,christian
602,MQDQ-365,christian,5,0.835424817298724,34.53957599234088,christian,christian,0.9990470008830649,1.6089204373253578,christian,christian,0.9988750979793856,1.3038174267073583,christian,christian,0.984821687885217,5.177147388458252,christian,christian,0.9665996554563071,4.433364897052606,christian,christian
603,MQDQ-418,non_christian,5,0.007972008077264283,-28.80166381331196,non_christian,non_christian,0.008172026724907258,-2.910522062683611,non_christian,non_christian,0.004711324328120649,-2.9749931667960077,non_christian,non_christian,0.008632342102659115,-5.795482635498047,non_christian,non_christian,0.01829316944351051,-5.524163920365197,non_christian,non_christian
604,MQDQ-417,non_christian,1,0.0018336884955286483,-34.538776394910684,non_christian,non_christian,0.0766349247387794,-2.021876529412627,non_christian,non_christian,0.05342076262013549,-2.1835622351842447,non_christian,non_christian,0.030339240452998004,-4.759982585906982,non_christian,non_christian,0.018539485019327884,-3.773368813154288,non_christian,non_christian
605,IT-LAT0880,christian,4,0.8932414713805675,34.53957599234088,christian,christian,0.9690405987181184,1.2724510574294274,christian,christian,0.9107522425109226,-0.9493286996680789,christian,christian,0.9546146170941331,3.2893455028533936,christian,christian,0.9271298692428741,2.0058274589257756,christian,christian
607,IT-LAT0353,non_christian,4,0.10536631811525747,-7.02783681248161,non_christian,non_christian,0.012593546343584987,-3.363902595007389,non_christian,non_christian,0.472527886099968,-1.113090330571162,non_christian,non_christian,0.006995810517975565,-5.858703136444092,non_christian,non_christian,0.01484463900084161,-5.3312441978979885,non_christian,non_christian
608,MQDQ-562,non_christian,2,0.009511765506001201,-34.538776394910684,non_christian,non_christian,0.07741757100586544,-2.1653359330610695,non_christian,non_christian,0.5720023289440053,-1.0742352294646529,christian,non_christian,0.05786515967432654,-3.4874191284179688,non_christian,non_christian,0.05433862305396726,-2.567777738150029,non_christian,non_christian
611,IT-LAT0336,non_christian,4,0.8932414713805675,34.53957599234088,christian,christian,0.012245424638090432,-3.380762588069825,non_christian,non_christian,0.496560117424122,-1.1066122037971924,non_christian,non_christian,0.01004282313346247,-5.441838264465332,non_christian,non_christian,0.030457576974471916,-4.531322193995008,non_christian,non_christian
613,MQDQ-52,christian,1,0.8676728912582483,34.53957599234088,christian,christian,0.6862581582224128,-0.5480959341387376,christian,christian,0.9906253801146115,0.10454868632370262,christian,christian,0.5571661493999456,-0.015524878166615963,christian,christian,0.7450066034242955,0.6383745098514603,christian,christian
614,MQDQ-49,christian,5,0.835424817298724,34.53957599234088,christian,christian,0.9892575270922479,0.6737180012777623,christian,christian,0.9943718243854595,0.7348334916086499,christian,christian,0.9721787873733668,4.415560245513916,christian,christian,0.9545065795613712,3.9975643287597404,christian,christian
615,MQDQ-55,christian,1,0.3564279893709394,13.669124298317266,christian,non_christian,0.860950698604271,-0.0793711129599012,christian,christian,0.05332674620399533,-2.184127292042756,non_christian,non_christian,0.24872880962304242,-1.7301695346832275,non_christian,non_christian,0.04016995510431634,-3.0772081106725717,non_christian,non_christian
616,MQDQ-48,christian,4,0.8932414713805675,34.53957599234088,christian,christian,0.6698272842548709,-0.3528216981360458,christian,christian,0.8509901846998753,-0.9884013673331998,christian,christian,0.7572493597122967,1.1074304580688477,christian,christian,0.7618110548373996,0.5024109458205729,christian,christian
617,MQDQ-53,christian,4,0.8932414713805675,34.53957599234088,christian,christian,0.6818089139194173,-0.3203347635117557,christian,christian,0.7762791001083341,-1.0219415749746301,christian,christian,0.6606741790121263,0.568533718585968,christian,christian,0.7929770866041619,0.698757788277792,christian,christian
622,MQDQ-242,christian,2,0.7647206676578295,34.53957599234088,christian,christian,0.9546807003221256,1.247425220249061,christian,christian,0.8484274786155565,-0.9570043586125574,christian,christian,0.9589720567788284,3.8273518085479736,christian,christian,0.9144023812672382,1.8466500416891023,christian,christian
623,MQDQ-381,christian,2,0.7647206676578295,34.53957599234088,christian,christian,0.8896556501593745,0.6542472316543033,christian,christian,0.6852031564965806,-1.034312708397723,christian,christian,0.9338645544922353,3.2068982124328613,christian,christian,0.9260483298656722,1.9808937751265963,christian,christian
628,IT-LAT0768,christian,2,0.7168739164477178,31.577745270462554,christian,christian,0.37243839401850454,-0.9571394874959349,christian,non_christian,0.6278422236921929,-1.0551690281518424,christian,christian,0.7485998522383572,1.2907264232635498,christian,christian,0.6607096079769739,0.4086283003986801,christian,christian
630,MQDQ-360,christian,1,0.25773582912360277,9.726582516129996,christian,non_christian,0.619767965114605,-0.680587962543683,christian,christian,0.047668818149287064,-2.2199960082045536,non_christian,non_christian,0.006524405663935937,-6.764987468719482,non_christian,non_christian,0.003815234641718241,-5.169879756412543,non_christian,non_christian
631,MQDQ-361,christian,2,0.7647206676578295,34.53957599234088,christian,christian,0.9570700419863547,1.2824216150906347,christian,christian,0.9200385047731839,-0.898028598453966,christian,christian,0.9833560275268087,4.968971252441406,christian,christian,0.9546098475610403,2.4189290730331114,christian,christian
633,MQDQ-189,christian,5,0.835424817298724,34.53957599234088,christian,christian,0.9666122280723289,0.22878563367050633,christian,christian,0.9961368742446504,0.8680687349880833,christian,christian,0.9816960250899814,4.942796230316162,christian,christian,0.9556137021545134,4.032521613076519,christian,christian
635,MQDQ-364,christian,5,0.26023388378117174,8.319312240305221,christian,christian,0.2937137943663447,-1.4026982503938092,non_christian,non_christian,0.2868261380050207,-1.4095674166035552,christian,christian,0.5070444435254972,0.07684621214866638,christian,non_christian,0.27332154653919377,-1.4520703086955535,non_christian,non_christian
636,IT-LAT0904,christian,2,0.7647206676578295,34.53957599234088,christian,christian,0.9928648331469387,2.4134514833855953,christian,christian,0.9301122958593105,-0.8861159690813406,christian,christian,0.9842333473473746,5.036734580993652,christian,christian,0.9718712638982425,2.8383201343585633,christian,christian
638,MQDQ-66,christian,5,0.835424817298724,34.53957599234088,christian,christian,0.9988286241606354,1.5295041975277566,christian,christian,0.7763596685348165,-0.650000575733082,christian,christian,0.9665533381528704,4.181791305541992,christian,christian,0.9167540073734963,3.1240593349772605,christian,christian
639,MQDQ-220,non_christian,2,0.009511765506001201,-34.538776394910684,non_christian,non_christian,0.03071965100443415,-2.7667116639394673,non_christian,non_christian,0.4283163939327747,-1.1216048194322783,non_christian,non_christian,0.13120509949838888,-2.3798112869262695,non_christian,non_christian,0.11010360409902012,-1.9198263527835437,non_christian,non_christian
641,LC-16,non_christian,1,0.0018336884955286483,-34.538776394910684,non_christian,non_christian,0.14146364971907163,-1.7129511136030557,christian,non_christian,0.13982695935546763,-1.8623068175741613,non_christian,non_christian,0.24272834374437954,-1.7717498540878296,non_christian,non_christian,0.29826885141607695,-1.0486057134679199,christian,non_christian
643,MQDQ-423,christian,2,0.7647206676578295,34.53957599234088,christian,christian,0.9965567076899376,2.8657511306491963,christian,christian,0.895395943118154,-0.9222382215858017,christian,christian,0.9963706476008019,6.860119819641113,christian,christian,0.9818297669697617,3.2161268050809553,christian,christian
644,IT-LAT0189,non_christian,1,0.0018336884955286483,-34.538776394910684,non_christian,non_christian,0.04267637063211607,-2.301854236439547,non_christian,non_christian,0.17625041224112364,-1.7788696775300084,non_christian,non_christian,0.006906746124178185,-6.6913533210754395,non_christian,non_christian,0.003624869823041057,-5.2148389882688475,non_christian,non_christian
650,IT-LAT0776,christian,3,0.9382099072983424,34.53957599234088,christian,christian,0.6277949099227703,-0.791939688058784,christian,christian,0.7257390817276215,-1.0246538429749634,christian,christian,0.6395435990429081,0.3560176193714142,christian,christian,0.8541928868742239,1.6027452942855007,christian,christian
651,MQDQ-444,non_christian,2,0.009511765506001201,-34.538776394910684,non_christian,non_christian,0.2623287034754256,-1.2734444216890486,christian,non_christian,0.5020044897251915,-1.0973170385998807,non_christian,non_christian,0.07842818559115744,-3.0859127044677734,non_christian,non_christian,0.15071851216214793,-1.6150927839164937,non_christian,non_christian
652,MQDQ-285,christian,1,0.8676728912582483,34.53957599234088,christian,christian,0.9859970392777275,1.0157992660768493,christian,christian,0.9999604061732762,1.7675597861982517,christian,christian,0.9902620382854692,5.625503063201904,christian,christian,0.990687728310953,3.7843570086961758,christian,christian
653,IT-LAT0919,non_christian,5,0.00446115886089328,-34.538776394910684,non_christian,non_christian,0.06577722150636137,-2.085597953734803,non_christian,non_christian,0.08622505023193461,-1.9204644731918743,non_christian,non_christian,0.04185446698364605,-3.810737371444702,non_christian,non_christian,0.02662658307396221,-5.0039167053204725,non_christian,non_christian
655,MQDQ-608,christian,3,0.9382099072983424,34.53957599234088,christian,christian,0.5398015671514341,-0.9432424278585296,christian,christian,0.7022465954608431,-1.0339606784538156,christian,christian,0.9736436483036569,4.154742240905762,christian,christian,0.9063657105706118,2.0974379718215967,christian,christian
656,MQDQ-125,non_christian,4,0.2779619074151857,4.520021689868028,non_christian,non_christian,0.032466556579956174,-2.7893080938388066,non_christian,non_christian,0.5458412956080161,-1.0933084605541483,non_christian,non_christian,0.16436243090073718,-2.052358865737915,non_christian,non_christian,0.32211281919435225,-1.5736498809761998,non_christian,non_christian
657,MQDQ-445,christian,4,0.006960198945179553,-34.538776394910684,non_christian,non_christian,0.2347309967685206,-1.4749699700800538,christian,non_christian,0.4633756671250421,-1.1155648041358883,non_christian,non_christian,0.1857916406362883,-1.8825459480285645,non_christian,non_christian,0.5233165670441712,-0.6618608590120899,christian,christian
658,MQDQ-120,christian,1,0.8676728912582483,34.53957599234088,christian,christian,0.9196976484775577,0.1976844178297204,christian,christian,0.9061577424388254,-0.6220402065746904,christian,christian,0.9497549819265144,3.464467763900757,christian,christian,0.6962419731056786,0.4259917188824861,christian,christian
660,MQDQ-59,christian,2,0.7647206676578295,34.53957599234088,christian,christian,0.9424182124637275,1.0915355880275264,christian,christian,0.8646179623372466,-0.946211302312566,christian,christian,0.8912088443322012,2.536590099334717,christian,christian,0.82228195158744255,1.1397618789053245,christian,christian
667,MQDQ-304,non_christian,4,0.006960198945179553,-34.538776394910684,non_christian,non_christian,0.017703822343901405,-3.1585120550501595,non_christian,non_christian,0.43802205060410115,-1.1224598440348874,non_christian,non_christian,0.010146457054845036,-5.429981231689453,non_christian,non_christian,0.026178585353375586,-4.700956284563047,non_christian,non_christian
671,MQDQ-123,non_christian,5,0.03179890477131221,-14.973054124365945,non_christian,non_christian,0.007404439499388256,-2.948746496359424,non_christian,non_christian,0.025295673515017627,-2.375366485414903,non_christian,non_christian,0.021520284299613432,-4.655209541320801,non_christian,non_christian,0.043567454737671873,-4.312853592424248,non_christian,non_christian
672,LC-12,non_christian,2,0.009511765506001201,-34.538776394910684,non_christian,non_christian,0.015135262917603922,-3.213765556210839,non_christian,non_christian,0.3853584494440948,-1.1361854147037869,non_christian,non_christian,0.14838365052158364,-2.2037508487701416,non_christian,non_christian,0.07791934503973143,-2.2419368137949305,non_christian,non_christian
674,MQDQ-382,christian,1,0.8221777911474751,31.58930609286363,christian,christian,0.2584405844129147,-1.375505932410035,christian,non_christian,0.6354085514318009,-1.1419471794534348,christian,christian,0.6723507366103788,0.6127171516418457,christian,christian,0.20565686103787767,-1.4824482344501524,non_christian,non_christian
675,MQDQ-441,non_christian,3,0.07878139435895641,-8.015970879554402,non_christian,non_christian,0.004226571871453339,-3.2849732166762675,non_christian,non_christian,0.40419220238508613,-1.134721665516183,non_christian,non_christian,0.0061204308430673985,-6.730250835418701,non_christian,non_christian,0.007388446965529496,-4.966208264498342,non_christian,non_christian
677,MQDQ-2,non_christian,3,0.0033783081390533942,-34.538776394910684,non_christian,non_christian,0.011224653699648635,-2.8751781242421264,non_christian,non_christian,0.5607538915031995,-1.0835950700231627,non_christian,non_christian,0.10077981673689378,-3.0998921394348145,non_christian,non_christian,0.018178096829462122,-4.068553964556446,non_christian,non_christian
679,MQDQ-287,christian,2,0.7647206676578295,34.53957599234088,christian,christian,0.25950626483774075,-1.2824841957132405,christian,non_christian,0.6710305973759618,-1.0396277623768828,christian,christian,0.795424219572083,1.6191580295562744,christian,christian,0.7061534492643863,0.5863090061373051,christian,christian
682,MQDQ-98,non_christian,2,0.2887619986286136,9.868776229922414,christian,christian,0.06963041029462186,-2.236003247177574,non_christian,non_christian,0.5588376040533736,-1.0786206138857772,non_christian,non_christian,0.19436217562959474,-1.803120493888855,non_christian,non_christian,0.15678238975911135,-1.5757151323736598,non_christian,non_christian
684,MQDQ-277,non_christian,5,0.11133119658288562,-1.8223562387850052,non_christian,non_christian,0.017476846430939903,-2.6146087615290465,non_christian,non_christian,0.050407110713675096,-2.1231908840625096,non_christian,non_christian,0.035730673429205,-4.013252258300781,non_christian,non_christian,0.03513378866120073,-4.616304557534208,non_christian,non_christian
686,MQDQ-62,non_christian,3,0.1589338782768752,-1.501578326385669,non_christian,non_christian,0.004226571871453339,-3.2849732166762675,non_christian,non_christian,0.4393880178444445,-1.123046322228325,non_christian,non_christian,0.010720835238177686,-6.0230512619018555,non_christian,non_christian,0.004545622304734342,-5.447541982111566,non_christian,non_christian
689,MQDQ-75,non_christian,3,0.7090279212531708,19.506889900828867,christian,christian,0.9845479207578502,0.7208476205447742,christian,christian,0.8081942060668266,-0.9870349815476445,christian,christian,0.6280270539904231,0.29392868280410767,christian,christian,0.5046333634346428,-0.12053243137808689,christian,christian
690,MQDQ-76,non_christian,1,0.8676728912582483,34.53957599234088,christian,christian,0.9481848988685406,0.4087842162218381,christian,christian,0.9547894233776577,-0.3844036815398182,christian,christian,0.7794077195628035,1.310586929321289,christian,christian,0.9030594278485895,1.6531079215549338,christian,christian
691,MQDQ-83,non_christian,5,0.21779488447848616,6.022642953485022,christian,christian,0.03758037360662565,-2.312276999758927,non_christian,non_christian,0.12238427738282673,-1.7828247932781176,non_christian,non_christian,0.038499263835303485,-3.9178712368011475,non_christian,non_christian,0.03795878335479822,-4.507527966447817,non_christian,non_christian
693,MQDQ-78,non_christian,5,0.16025824031358427,2.3121321320863886,non_christian,non_christian,0.005721589128152651,-3.048537233907532,non_christian,non_christian,0.04606962216131549,-2.156505074117862,non_christian,non_christian,0.14994496503619859,-2.0930421352386475,non_christian,non_christian,0.16097255333307514,-2.364314279845714,non_christian,non_christian
694,MQDQ-79,christian,3,0.7606496128818008,21.68901258898323,christian,christian,0.7922981907173433,-0.4520040879970155,christian,christian,0.6239996983096798,-1.0623812525338407,christian,christian,0.41842042384630385,-0.7734135985374451,christian,non_christian,0.3733917895722024,-0.6487712259811479,christian,non_christian
696,MQDQ-85,non_christian,4,0.14300505998655477,-3.6306961394653854,non_christian,non_christian,0.011192239991633459,-3.4348135117401317,non_christian,non_christian,0.45573519105142213,-1.1176355949407575,non_christian,non_christian,0.21174210317455155,-1.6960369348526,non_christian,non_christian,0.20685209901475857,-2.226859881743221,non_christian,non_christian
698,MQDQ-80,non_christian,2,0.14510307127952343,-0.4748476177789487,non_christian,non_christian,0.16415904534289025,-1.6401308607097445,christian,non_christian,0.46121990773070953,-1.110695182310896,non_christian,non_christian,0.1207665380407394,-2.4965763092041016,non_christian,non_christian,0.10266723295562151,-1.985934255148104,non_christian,non_christian
699,MQDQ-86,non_christian,1,0.1034413450415248,0.42235636125383297,non_christian,non_christian,0.113551241690594,-1.8263716044161193,non_christian,non_christian,0.012891090836081604,-2.62800281481035,non_christian,non_christian,0.13485994342458307,-2.6975762844085693,non_christian,non_christian,0.02250834843342384,-3.600063733604582,non_christian,non_christian
701,MQDQ-347,non_christian,1,0.11967558515267741,1.8077281255300477,non_christian,non_christian,0.3675934379933693,-1.1450752735066658,christian,non_christian,0.8734083456981012,-0.7241206750983045,christian,christian,0.8166561390910677,1.6080796718597412,christian,christian,0.667091004355078,0.3083679700686144,christian,non_christian
702,MQDQ-623,christian,2,0.7647206676578295,34.53957599234088,christian,christian,0.8716756491127842,0.5484032190264544,christian,christian,0.7872081862304938,-0.9909011595312678,christian,christian,0.8928241942823266,2.5572361946105957,christian,christian,0.908997164477184,1.789910012674108,christian,christian
703,MQDQ-622,christian,2,0.7647206676578295,34.53957599234088,christian,christian,0.9587743047733319,1.308539369326682,christian,christian,0.905439915258452,-0.913062884387417,christian,christian,0.9885294006506218,5.433722496032715,christian,christian,0.9767774254212483,3.004498983228919,christian,christian
705,IT-LAT0917,non_christian,1,0.8676728912582483,34.53957599234088,christian,christian,0.0089019369815185,-3.0235280768122625,non_christian,non_christian,0.1628705236425383,-1.8077367930120622,non_christian,non_christian,0.027006382511067493,-4.913842678070068,non_christian,non_christian,0.010017143027363017,-4.319663794693257,non_christian,non_christian
709,MQDQ-348,non_christian,2,0.15664678725014658,0.5942768653384293,non_christian,non_christian,0.008978786700122907,-3.5401157961756615,non_christian,non_christian,0.4343815861231891,-1.119580936928712,non_christian,non_christian,0.01650823584279334,-5.084426403045654,non_christian,non_christian,0.00566958601078476,-4.519578404750895,non_christian,non_christian
711,MQDQ-415,christian,5,0.835424817298724,34.53957599234088,christian,christian,0.7957575926118058,-0.5423952417600212,christian,christian,0.9921615989394916,0.617317801554647,christian,christian,0.9888383243217023,5.560433864593506,christian,christian,0.853001927523543,2.255826890805378,christian,christian
712,MQDQ-416,christian,5,0.835424817298724,34.53957599234088,christian,christian,0.9514467181682109,0.07871690659036983,christian,christian,0.9796297503118752,0.27628436381626376,christian,christian,0.9886264471293487,5.5370283126831055,christian,christian,0.9603544818031259,4.192294541672731,christian,christian
713,MQDQ-618,christian,4,0.2815065634393906,4.691556173528414,non_christian,non_christian,0.999703140902793,4.051299275667664,christian,christian,0.7144701170191027,-1.0439472873415683,christian,christian,0.10720854262687872,-2.6165201663970947,non_christian,non_christian,0.10450666781744511,-3.1023970259109452,non_christian,non_christian
723,MQDQ-183,christian,3,0.9382099072983424,34.53957599234088,christian,christian,0.984500565814703,0.7195529514507167,christian,christian,0.758622086577561,-1.0107427736760553,christian,christian,0.9354497961657439,2.9838860034942627,christian,christian,0.9263812757589792,2.3558700393759366,christian,christian
725,IT-LAT0252,non_christian,3,0.31299853837046465,5.7293432374226425,christian,christian,0.4362744487476147,-1.11646222659766,christian,christian,0.6648424610767573,-1.0479558684080756,christian,christian,0.5990572230914185,0.14099669456481934,christian,christian,0.40882025368625513,-0.5021399846358637,christian,non_christian
726,MQDQ-42,non_christian,4,0.006960198945179553,-34.538776394910684,non_christian,non_christian,0.12904964009305656,-1.9071526613813483,non_christian,non_christian,0.5788201233563715,-1.0842851979174397,non_christian,non_christian,0.1020449872122932,-2.679548501968384,non_christian,non_christian,0.2333917590401161,-2.05836751950076,non_christian,non_christian
730,MQDQ-352,christian,4,0.7057647910044951,22.357885979476958,christian,christian,0.8075423746749537,0.07883527826317563,christian,christian,0.6289662735917341,-1.0701594602341458,christian,christian,0.06455579372772456,-3.249802827835083,non_christian,non_christian,0.08668792694757242,-3.3273890859324426,non_christian,non_christian
733,IT-LAT0990_6,christian,4,0.8932414713805675,34.53957599234088,christian,christian,0.7589543625126685,-0.09173547371161735,christian,christian,0.9132684777570453,-0.9472179191111251,christian,christian,0.9453222461807513,3.0652058124542236,christian,christian,0.9087465912380372,1.7390795215304284,christian,christian
737,MQDQ-210,christian,1,0.1184307057019741,1.7074925085348698,non_christian,non_christian,0.003930824042925154,-3.3940045005746695,non_christian,non_christian,0.0018908135321452628,-3.2142618503749283,non_christian,non_christian,0.0055322853527857265,-6.978114604949951,non_christian,non_christian,0.0015967939748080407,-5.934060716483811,non_christian,non_christian
738,IT-LAT0482,christian,3,0.9382099072983424,34.53957599234088,christian,christian,0.9994780137364779,2.138343042528047,christian,christian,0.9449719923922175,-0.8734207856722341,christian,christian,0.9928347997371275,5.80888032913208,christian,christian,0.9696471981672756,3.2736476737384175,christian,christian
739,IT-LAT0990,christian,3,0.9382099072983424,34.53957599234088,christian,christian,0.9999820535985695,3.5424452777054944,christian,christian,0.9296488788798307,-0.8946076805632595,christian,christian,0.9950364376067256,6.270999908447266,christian,christian,0.9748888648103577,3.4657117718242985,christian,christian
740,MQDQ-43,non_christian,3,0.03622476245555097,-14.770748199686295,non_christian,non_christian,0.19438491134083452,-1.6019434721889718,christian,non_christian,0.5875948708279469,-1.0747153928498285,christian,non_christian,0.8519598619648905,1.828324556350708,christian,christian,0.4899958665543926,-0.17821595653866268,christian,christian
741,MQDQ-44,non_christian,1,0.8676728912582483,34.53957599234088,christian,christian,0.8348856352126731,-0.17061472376759412,christian,christian,0.9826691694908841,-0.08449637958847456,christian,christian,0.5801161042073059,0.104662224650383,christian,christian,0.6615268839921415,0.2865325134510559,christian,non_christian
745,IT-LAT0011,christian,5,0.835424817298724,34.53957599234088,christian,christian,0.9981440394036294,1.352280136348988,christian,christian,0.9991920579180704,1.4205590315612304,christian,christian,0.9851630120093046,5.205564022064209,christian,christian,0.9747735516804622,4.825127096436954,christian,christian
747,MQDQ-523,christian,4,0.8932414713805675,34.53957599234088,christian,christian,0.9763296105286489,1.4363581498000917,christian,christian,0.8827225594784693,-0.9698177065677202,christian,christian,0.9799323520627017,4.252285957336426,christian,christian,0.9812513036967341,3.5457291718738455,christian,christian
755,IT-LAT0990_4,christian,3,0.9382099072983424,34.53957599234088,christian,christian,0.9360170140346595,0.10792049273431364,christian,christian,0.7572625960714946,-1.011341985269654,christian,christian,0.6799330472512045,0.5813425183296204,christian,christian,0.2772366619885732,-1.0827257156910377,non_christian,non_christian
756,IT-LAT0990_5,christian,3,0.9382099072983424,34.53957599234088,christian,christian,0.9855467038758051,0.7491045791646521,christian,christian,0.8573526692605619,-0.9583155374094665,christian,christian,0.9206176581212653,2.7050890922546387,christian,christian,0.6575831176475796,0.5040306877674736,christian,christian
760,IT-LAT0435,christian,5,0.835424817298724,34.53957599234088,christian,christian,0.9867157726076233,0.59106962222599,christian,christian,0.9944123761344269,0.73739612502977,christian,christian,0.979915490695471,4.826320648193359,christian,christian,0.9605736434238292,4.200115785596858,christian,christian
764,IT-LAT0783,christian,1,0.8676728912582483,34.53957599234088,christian,christian,0.9988283001752262,2.1391541258119533,christian,christian,0.9999993774429524,3.0285685755924074,christian,christian,0.8467709822214065,1.8850303888320923,christian,christian,0.9652442852028869,2.6090438463665704,christian,christian
765,MQDQ-619,christian,4,0.8932414713805675,34.53957599234088,christian,christian,0.9984842449780081,3.082137306628594,christian,christian,0.9054449523112815,-0.9536104721690748,christian,christian,0.988421044565201,4.890862464904785,christian,christian,0.9727807705160167,3.1303791010204294,christian,christian
769,IT-LAT0978,christian,5,0.835424817298724,34.53957599234088,christian,christian,0.9293405993850415,-0.07459399465322428,christian,christian,0.9460066809168581,-0.07953496156362583,christian,christian,0.9343283513176373,3.3097269535064697,christian,christian,0.9374857329547809,3.5424818728225302,christian,christian
770,MQDQ-182,christian,3,0.0033783081390533942,-34.538776394910684,non_christian,non_christian,0.20549468558622253,-1.5730070001602952,christian,non_christian,0.6742838571761413,-1.0445049356124843,christian,christian,0.009844643581420781,-6.130842208862305,non_christian,non_christian,0.013733689361808715,-4.349191930031009,non_christian,non_christian
772,MQDQ-215,non_christian,2,0.3983226059476663,15.667741187873869,christian,christian,0.08441213127481291,-2.10721249844328,non_christian,non_christian,0.6093190174036845,-1.0615957836061478,christian,christian,0.5495916075007266,0.19241297245025635,christian,christian,0.7830993457409672,0.9301906583074014,christian,christian
773,MQDQ-95,christian,3,0.9382099072983424,34.53957599234088,christian,christian,0.9986977288363716,1.7571940245080375,christian,christian,0.7516917825840087,-1.0137739279359759,christian,christian,0.9971693703953408,6.976409912109375,christian,christian,0.9302577683950525,2.4132711584579,christian,christian
776,MQDQ-188,christian,2,0.7631185522640056,34.43421547668306,christian,christian,0.1152638066609499,-1.8936439501732247,christian,non_christian,0.6656333486913216,-1.0416206979355007,christian,christian,0.2847895233559655,-1.1862339973449707,non_christian,non_christian,0.13075241788118924,-1.754780775488792,non_christian,non_christian
