run_id,condition,iteration,model,n,n_christian,n_non_christian,auc,average_precision,log_loss,brier,ece,calibration_intercept,calibration_slope,mean_prob_christian,mean_prob_non_christian,separation,accuracy_05,balanced_accuracy_05,f1_05,mcc_05
actual,actual,0,naive_bayes,362,76,286,0.949875782112623,0.89314172102166145,0.17731452753994303,0.03830000201698767,0.04006842368766487,-0.03875414880409536,1.0304116027201267,0.7902543396431495,0.059190180339799475,0.73106415930335,0.9585635359116023,0.9302999631947,0.8993288590604027,0.8735359157556677
actual,actual,0,enet,362,76,286,0.972165991902833,0.9463796523380209,0.14851387253982629,0.03515797732716008,0.026150398405345745,-0.05853964721561359,0.887594859505479,0.8281562904156826,0.04104245596930605,0.7871138344463766,0.9585635359116023,0.9206385719543615,0.8965517241379309,0.8723093894066799
actual,actual,0,svm_platt,362,76,286,0.9808612440191338,0.960301594738791,0.12394512770031622,0.030521819143988528,0.018516345598960926,-0.12062413775085486,0.8631976305716648,0.8594107608664051,0.0354425476582541,0.8239682132081511,0.9613259668508287,0.9320482149429518,0.9054054054054054,0.8816308454284987
actual,actual,0,xgboost,362,76,286,0.9593761501656242,0.8993302932327321,0.17123714644374236,0.043124630565469294,0.019726563955031078,-0.1404726012202365,0.9023142632970351,0.8069889321806271,0.05241177348039049,0.7545771587002366,0.9502762430939227,0.9057324254692676,0.875,0.8461189153601675
actual,actual,0,lightgbm,362,76,286,0.9635167464114814,0.8983557707938744,0.16317629785370474,0.039151040136236236,0.022872745863614093,-0.12783928795206567,0.9375154837568116,0.8165833393415212,0.051813674720609375,0.7647696646209118,0.9475138121546961,0.9039841737210159,0.8689655172413793,0.8377719291676754
