manual_label,n,prop
christian,76,0.20994475138121546
non_christian,286,0.7900552486187845
