run_id,condition,iteration,model,n,n_christian,n_non_christian,auc,average_precision,log_loss,brier,ece,calibration_intercept,calibration_slope,mean_prob_christian,mean_prob_non_christian,separation,accuracy_05,balanced_accuracy_05,f1_05,mcc_05
perm_0005,permuted,5,naive_bayes,362,76,286,0.44389492086860616,0.1829912858231666,0.5176085525055436,0.16714683558692578,0.05196569421201178,-6.887224708074334,-4.167087032024716,0.2070801439539349,0.21042511176246717,-0.003344967808532273,0.7900552486187845,0.5,NA,NA
perm_0005,permuted,5,enet,362,76,286,0.5244065145380945,0.21592265009632894,0.5152027333770955,0.16639304756883574,0.046388437206068237,-1.6625412071845826,-0.25666284128035594,0.21194132213336578,0.21253166771253618,-5.903455791703982e-4,0.7900552486187845,0.5,NA,NA
perm_0005,permuted,5,svm_platt,362,76,286,0.46075634891424466,0.19250229513285175,0.515205328002681,0.16631034697440175,0.06594084171269483,-8.052025574657321,-5.08706441143822,0.20988820972089356,0.21109893812146982,-0.0012107284005762609,0.7900552486187845,0.5,NA,NA
perm_0005,permuted,5,xgboost,362,76,286,0.5059118513065886,0.21485986970238466,0.5212998670744243,0.1686554174410794,0.06454781851393611,-1.4419900169201179,-0.08558444414107981,0.20596366334861776,0.20772941495648373,-0.0017657516078659619,0.787292817679558,0.49825174825174823,NA,-0.02713127345451912
perm_0005,permuted,5,lightgbm,362,76,286,0.4966875230033131,0.21410858524044993,0.519610057140789,0.1679014722700604,0.04047702569645783,-1.688672074744644,-0.2688738438993982,0.20650891648485337,0.20873627674689454,-0.002227360262041178,0.7900552486187845,0.5,NA,NA
