run_id,condition,iteration,model,n,n_christian,n_non_christian,auc,average_precision,log_loss,brier,ece,calibration_intercept,calibration_slope,mean_prob_christian,mean_prob_non_christian,separation,accuracy_05,balanced_accuracy_05,f1_05,mcc_05
perm_0001,permuted,1,naive_bayes,362,76,286,0.5328027235921976,0.21334852765271614,0.5127766394142608,0.16550529521626564,0.07961363994429421,0.24790356627719176,1.1875892102860326,0.21144929384116934,0.20955541767273278,0.001893876168436559,0.7900552486187845,0.5,NA,NA
perm_0001,permuted,1,enet,362,76,286,0.46130842841369185,0.20128422335727073,0.5187497655449779,0.16764147225176387,0.06554101565148868,-1.318799803976732,0.0047323476948966745,0.20546207040422995,0.20664183192483615,-0.0011797615206061984,0.7900552486187845,0.5,NA,NA
perm_0001,permuted,1,svm_platt,362,76,286,0.5449944792050069,0.2393353731875229,0.5143003624929813,0.16595119482833376,0.036268090745158084,-0.9457182093084224,0.28430060253795536,0.2092846683383696,0.2085880755649203,6.965927734493005e-4,0.7900552486187845,0.5,NA,NA
perm_0001,permuted,1,xgboost,362,76,286,0.5167924181082085,0.22610123826449527,0.5142854877667965,0.16601331820910156,0.057355202014311296,-0.8747477701403271,0.3431610754282658,0.21312833828709635,0.21231270658468326,8.156317024130832e-4,0.7900552486187845,0.5,NA,NA
perm_0001,permuted,1,lightgbm,362,76,286,0.5408538829591476,0.22696258078855044,0.5145498028907873,0.16638561472889862,0.0633173085540357,-0.7552421225428366,0.42766706206734806,0.21280638293532161,0.20960461823609325,0.0032017646992283655,0.7900552486187845,0.5,NA,NA
