run_id,condition,iteration,model,n,n_christian,n_non_christian,auc,average_precision,log_loss,brier,ece,calibration_intercept,calibration_slope,mean_prob_christian,mean_prob_non_christian,separation,accuracy_05,balanced_accuracy_05,f1_05,mcc_05
perm_0004,permuted,4,naive_bayes,362,76,286,0.46052631578947456,0.1965837439752851,0.5212008474060252,0.16838546915733751,0.06731449903623946,-2.298236163438686,-0.7245689880646549,0.2066351886509473,0.21092903172547955,-0.004293843074532261,0.7900552486187845,0.5,NA,NA
perm_0004,permuted,4,enet,362,76,286,0.4639998159735005,0.20226098503808118,0.5204570445251548,0.16771147823527494,0.07914937280427117,-1.9008671661979268,-0.4339286386257414,0.2111191616620196,0.2128957270416618,-0.0017765653796421865,0.7928176795580111,0.506578947368421,0.025974025974025976,0.10209926589463775
perm_0004,permuted,4,svm_platt,362,76,286,0.4774567537725438,0.20328510010053424,0.5148442079134566,0.16620857323332114,0.06984227407102517,-2.0341923053713495,-0.5306666730583289,0.20814262094764718,0.20870816231917966,-5.655413715324742e-4,0.7900552486187845,0.5,NA,NA
perm_0004,permuted,4,xgboost,362,76,286,0.4737762237762243,0.19898548857193893,0.5177323056948951,0.16722625081286055,0.0526934603041958,-2.217559853022439,-0.672936101713636,0.20953484519112736,0.21188752944319034,-0.0023526842520629754,0.7900552486187845,0.5,NA,NA
perm_0004,permuted,4,lightgbm,362,76,286,0.452245123297756,0.1842258390584654,0.5224738477345,0.1687639005416292,0.07272030916184301,-2.733949822103012,-1.051824002927609,0.20605057218479636,0.2121250538818454,-0.00607448169704905,0.7900552486187845,0.5,NA,NA
