run_id,condition,iteration,model,n,n_christian,n_non_christian,auc,average_precision,log_loss,brier,ece,calibration_intercept,calibration_slope,mean_prob_christian,mean_prob_non_christian,separation,accuracy_05,balanced_accuracy_05,f1_05,mcc_05
perm_0003,permuted,3,naive_bayes,362,76,286,0.5158952889216055,0.2205964491705818,0.5170359678405005,0.16674873524222814,0.048249157692313076,-1.0414877085465346,0.2084191205996976,0.20837571705337352,0.20608675517401295,0.0022889618793605626,0.7900552486187845,0.5,NA,NA
perm_0003,permuted,3,enet,362,76,286,0.4985277880014728,0.23247545465729608,0.5152022886984653,0.1661558819498411,0.07482618000142524,-1.58706984482309,-0.19459913739072024,0.2072088917255024,0.2073176380363068,-1.0874631080440289e-4,0.7900552486187845,0.5,NA,NA
perm_0003,permuted,3,svm_platt,362,76,286,0.6065513433934485,0.29182426908578113,0.5113413991798372,0.16500152534740847,0.05160191215394072,8.70374320822423,7.82371334713217,0.2188140322581236,0.21587567152688886,0.0029383607312347404,0.7900552486187845,0.5,NA,NA
perm_0003,permuted,3,xgboost,362,76,286,0.5309624585940388,0.23347282334936884,0.5152460849888403,0.16631439702275808,0.04719390925147218,-0.8157812830849396,0.3733976596028629,0.2089319733172881,0.20524257850473093,0.003689394812557173,0.7900552486187845,0.5,NA,NA
perm_0003,permuted,3,lightgbm,362,76,286,0.4920178505704832,0.21281450666077759,0.5200784129685637,0.16748502782178828,0.06596156141726045,-1.4282273581331135,-0.07530650271164731,0.2058950615302675,0.20668767969130974,-7.926181610422578e-4,0.7900552486187845,0.5,NA,NA
