run_id,condition,iteration,model,n,n_christian,n_non_christian,auc,average_precision,log_loss,brier,ece,calibration_intercept,calibration_slope,mean_prob_christian,mean_prob_non_christian,separation,accuracy_05,balanced_accuracy_05,f1_05,mcc_05
perm_0002,permuted,2,naive_bayes,362,76,286,0.5406928597718074,0.24553049226586254,0.5131312635291673,0.16558290354638083,0.04381274205338602,-0.45817874291692723,0.6542957596852405,0.2129445951640553,0.20978416418326568,0.003160430980789636,0.7900552486187845,0.5,NA,NA
perm_0002,permuted,2,enet,362,76,286,0.5253956569746054,0.2595090050884221,0.5127504671816584,0.1654310466000082,0.03636651523181595,-0.3850007775197318,0.6946387493310745,0.20874324371181555,0.20509090489549264,0.003652338816322903,0.7900552486187845,0.5,NA,NA
perm_0002,permuted,2,svm_platt,362,76,286,0.561372837688628,0.24465308132953004,0.5132416853293065,0.16542287691213559,0.05947608842578189,-0.6010251706235274,0.5350438160761349,0.21428800035311463,0.205645919596171,0.008642080756943615,0.7900552486187845,0.5,NA,NA
perm_0002,permuted,2,xgboost,362,76,286,0.48021715126978404,0.2159641988690426,0.5169522111151141,0.16683471611555792,0.07443792392264698,-1.2136771975376128,0.08400476146241756,0.2120257605234182,0.2111711314598701,8.546290635481069e-4,0.7900552486187845,0.5,NA,NA
perm_0002,permuted,2,lightgbm,362,76,286,0.4743513065881499,0.2325694406210515,0.5181616202318119,0.16698464847918518,0.06832213576219608,-1.483522370792509,-0.11779504891660297,0.2090811730569344,0.2092100644655208,-1.2889140858637904e-4,0.7900552486187845,0.5,NA,NA
