model,auc,log_loss,brier,threshold_policy_youden,accuracy_youden,balanced_accuracy_youden,precision_youden,recall_youden,specificity_youden,f1_youden,mcc_youden,tp_youden,tn_youden,fp_youden,fn_youden,threshold_policy_f1,accuracy_f1,balanced_accuracy_f1,precision_f1,recall_f1,specificity_f1,f1_f1,mcc_f1,tp_f1,tn_f1,fp_f1,fn_f1
naive_bayes,0.9257708412637986,0.3546539219332787,0.10274453033241936,nested_outer_train_only,0.8827586206896552,0.8825656642558051,0.8857142857142857,0.8732394366197183,0.8918918918918919,0.8794326241134751,0.7654227516143547,62,66,8,9,nested_outer_train_only,0.8758620689655172,0.8758089074990483,0.8732394366197183,0.8732394366197183,0.8783783783783784,0.8732394366197183,0.7516178149980967,62,65,9,9
ridge,0.9448039588884655,0.31704304140113404,0.09694464263780779,nested_outer_train_only,0.8758620689655172,0.8766653977921584,0.8441558441558441,0.9154929577464789,0.8378378378378378,0.8783783783783784,0.7546245618576229,65,62,12,6,nested_outer_train_only,0.8689655172413793,0.8696231442710316,0.8421052631578947,0.9014084507042254,0.8378378378378378,0.8707482993197279,0.7399508024621199,64,62,12,7
svm_platt,0.9640274076893791,0.24617604867016782,0.07012692768644081,nested_outer_train_only,0.8896551724137931,0.8898934145413019,0.8767123287671232,0.9014084507042254,0.8783783783783784,0.8888888888888888,0.7796384536975516,64,65,9,7,nested_outer_train_only,0.8896551724137931,0.8898934145413019,0.8767123287671232,0.9014084507042254,0.8783783783783784,0.8888888888888888,0.7796384536975516,64,65,9,7
xgboost,0.9172059383326981,0.35768080835618726,0.11033157386678173,nested_outer_train_only,0.8344827586206897,0.8352683669585077,0.8051948051948052,0.8732394366197183,0.7972972972972973,0.8378378378378378,0.6716883101122804,62,59,15,9,nested_outer_train_only,0.8206896551724138,0.8211838599162542,0.8,0.8450704225352113,0.7972972972972973,0.821917808219178,0.6426123847508575,60,59,15,11
lightgbm,0.9200609059763981,0.3659034344678621,0.11248967410452307,nested_outer_train_only,0.8275862068965517,0.826798629615531,0.8484848484848485,0.7887323943661971,0.8648648648648649,0.8175182481751825,0.6560995549801574,56,64,10,15,nested_outer_train_only,0.8344827586206897,0.8335553863722878,0.8615384615384616,0.7887323943661971,0.8783783783783784,0.8235294117647058,0.6705656708604222,56,65,9,15
