row_id,id,manual_label,prob_base_mean,prob_nochrist_mean,delta_prob_mean,abs_delta_prob_mean,max_abs_delta_prob,mean_abs_delta_prob,n_models_lower,n_models_higher,christ_terms_n,label_short,text_snippet,direction
76,MQDQ-334,NA,0.5269795443567393,0.26901042578701023,-0.25796911856972915,0.25796911856972915,0.7557259859284263,0.25796911856972915,4,0,0,carminum fragmenta,"maximus pars Graius Saturnum et magis Athenae conficio sacer , qui Cronia sum itero ab ille , is que dies celebro : per ager urbs que fere omnis exerceo epulae laetus famulus que procuro quisque suus , noster que itidem sum mos trado illinc",Lower without christus/christianus
714,IT-LAT0987,NA,0.45464065455539404,0.19764484150490974,-0.2569958130504843,0.2569958130504843,0.7550930285583428,0.2569958130504843,4,0,1,De observatione ciborum,"epistula uir inlustris comes et legatarius ad gloriosus Theudoricus rex Francus de obseruatio cibus epistula qualiter omnis cibus comedo , ut bene digero , ut sanitas praesto debeo , nam non infirmitas stomachus neque anxietas humanus corpu",Lower without christus/christianus
746,IT-LAT0990_3,NA,0.5956592699345605,0.36061633110016167,-0.2350429388343989,0.2350429388343989,0.7359207317329854,0.2350429388343989,4,0,1,De ira,"domnus atque beatissimus , ego desiderantissimus in Christus , frater Uittimerus episcopus Martinus episcopus . dum simul pono dudum mutuus conlatio adloquium fruor , ille inter ceterus tuus ab ego diligentia caritas elicio , ut de passibil",Lower without christus/christianus
697,MQDQ-81,NA,0.6506432491029931,0.433581225207139,-0.2170620238958541,0.2170620238958541,0.7382552972139301,0.2170620238958541,4,0,1,"laus uersuum, opusc. 6","quamuis sum tener mador quicumque strepo parens Camena , et fictus lepidus nitor carmen captiuo docilis momentum cor , nec semper decet poema uirtus , Quod lex praecipio tenere fluo resoluo studium iubeo fortis : at nos Pieria modus loquela",Lower without christus/christianus
649,MQDQ-219,NA,0.33562236308443216,0.12005116908582572,-0.21557119399860647,0.21557119399860647,0.7511920747947791,0.21557119399860647,4,0,0,carmina,"incumbo foris pingo concordia mensa purpureus que sacer sexus uterque larus , aeternus ubi festum daps conuiuium gesto purpureus que niteo regius fulcrum torus . ipse mico tectus medius cum coniunx princeps lucidus ceu summus possideo astru",Lower without christus/christianus
279,MQDQ-299,NA,0.3027398096857683,0.09085442432283383,-0.21188538536293444,0.21188538536293444,0.7457149739605257,0.2258927968562624,3,1,0,fabulae 2,"exemplum contineo Aesopus genus ; neque alius quisquam per fabella quaero quam corrigo error ut mortalis , acuo que sui diligens industria . quicumque sum ergo narro iocus , dum capio auris et seruo propositum suus , res commendo , non auct",Lower without christus/christianus
665,MQDQ-344,NA,0.5992630155416473,0.3878770078386735,-0.21138600770297378,0.21138600770297378,0.7475903632350583,0.222510458570351,3,1,0,precatio Terrae matris,"dea sanctus Tellus , res natura parens , qui cunctus genero et regenero sidus , qui solus praesto gens uitalis , caelum atque mas diuus arbitro res que omnis , per qui sileo natura et somnus capio item que lux reparo et nox fugo : tu Dis um",Lower without christus/christianus
578,MQDQ-26,NA,0.25703405665541534,0.060935170245007234,-0.1960988864104081,0.1960988864104081,0.750776849657994,0.1960988864104081,4,0,1,carmina minora,"Carmen per thalamus quamuis festino nego neque uolo genero neque possum socer . hic socius , dux ille ego noster que per aula ordo hic consors emico , ille prior . hic ego coniungo studium communis aetas ; hic ego praepono uel senium uel ho",Lower without christus/christianus
371,IT-LAT0534,NA,0.22637016573383437,0.03119468902440504,-0.1951754767094293,0.1951754767094293,0.6852617670902464,0.2011153787973072,3,1,1,Annales,"annalis LIBER primus . urbs Roma ab principium rex habeo ; libertas et consulatus L. Brutus instituo . dictatura ad tempus sumo ; neque decemuiralis potestas ultra biennium , neque tribunus miles consularis ius diu ualeo . non Cinna , non S",Lower without christus/christianus
214,MQDQ-222,NA,0.2861678601576723,0.09232813571059395,-0.19383972444707834,0.19383972444707834,0.7669237050802795,0.20285048041338727,3,1,0,mimographi incerti,"fatuus homo post qui res habeo coepio , sum emorior . quis sum tu iste mulier ? uxor . similis medius fidior . is quam diu ad aqua sum , numquam sum morior . o dominus aequum et bonus ! uos uilis uulo emo et caro uendo . saluus res : canto",Lower without christus/christianus
110,IT-LAT0218,NA,0.23349358212288587,0.04021052233202371,-0.19328305979086216,0.19328305979086216,0.755889650669832,0.2025065846406931,3,1,0,De consulatu suo,"principium aetherius flammao Iuppiter ignis uerto et totus conlustro lumen mundus mens que diuinus caelum terra que petestto , qui penitus sensus homo uitas que retento , aether aeternus saepio atque includo cauerna . et si stella motus cur",Lower without christus/christianus
558,MQDQ-440,NA,0.20949864325570516,0.016527510964694982,-0.19297113229101018,0.19297113229101018,0.7632752594321436,0.19617562605777056,3,1,0,liber medicinalis,"Phoebus , salutifeer qui pango adsero carmen inuenio que tuus promo comito fauor . tu que , possum ars , redux qui trado uitas nosco et in caelum maneo reuoco sepelio , qui colis Aegea , qui Pergama quisque Epidaurus , qui quondam placidus",Lower without christus/christianus
443,MQDQ-152,NA,0.23456946706940307,0.0428994276904876,-0.19167003937891547,0.19167003937891547,0.7698010903591251,0.19853807311736546,2,2,0,carminum fragmenta,"maritus , si sanguis cura , Sabinus si caedes placeo , in ego , oro , conuerto manus . seu tute malus hospes seu tute captiuus , habeo .",Lower without christus/christianus
706,MQDQ-627,NA,0.2569299604718111,0.06532241162748659,-0.19160754884432454,0.19160754884432454,0.6946275619198563,0.20477710010884975,3,1,0,consolatio Philosophiae,"Carmen qui quondam studium floreo perago , flebilis heu maestus cogo ineo modus . ecce ego lacerus dicto scribendus Camena et uus eligo fletus os rigo . hic salto nullus possum peruinco terror ne noster comes prosequor iter . gloria felix o",Lower without christus/christianus
461,IT-LAT0913,NA,0.2032773860795618,0.011810186199574215,-0.1914671998799876,0.1914671998799876,0.7758038446705066,0.19683913662223101,2,2,0,Fragmentum de metriis,". metrum Graecus , latine numerus uoco . numerus sum aequalis pes legitimus ordinatio : hic ardeo et thesis pars sum . pes syllaba elementum , numerus modus elementum , spatium syllaba atque tempus . Pedes compono ex syllab , ut minimus bin",Lower without christus/christianus
606,MQDQ-87,NA,0.2072191240869624,0.016086687214736686,-0.1911324368722257,0.1911324368722257,0.7733556778522865,0.19594981622088292,2,2,0,epigrammata Bobiensia,"maternus sum nomen aqua . hic aliger ille nomen dono mater honor puer . uis do almus salus durus propello morbus et qui paeonia polleo in ars deus . quis nego hic ops sum deus ? qui numen idem res nego humanus aruum que et astrum rex , adue",Lower without christus/christianus
514,MQDQ-598,NA,0.214963959187688,0.024213201264959114,-0.1907507579227289,0.1907507579227289,0.7575146179221078,0.19428988868105398,3,1,0,fasti,"ignotus aeternus ne sum tu tempus Roma , rex et pater duco sub imperium , digero fastus et nomen perpes aeuum , spargo iaceo Latius si qui per historia . sum tuus hic fructus , uigilo accipio nox ; obsequor studium noster lucerna tuus . tu",Lower without christus/christianus
309,MQDQ-432,NA,0.2131289018869743,0.02306095849458617,-0.19006794339238814,0.19006794339238814,0.7530850081127893,0.1986672668098153,3,1,0,Thyestes,quis inferus sedes ab infaustus extraho auidus fugax os captor cibus ? quis male deus tantalum uisus domus ostendo iterum ? areo in unda aliquis et peius fames hio semper ? uulnus ater pasco effodio auis et nox reparo quidquid amitto dies p,Lower without christus/christianus
477,IT-LAT0886,NA,0.21551474301442833,0.02566732009276106,-0.18984742292166726,0.18984742292166726,0.7418154162095857,0.20305028944307205,3,1,0,Epistulae de iure civitatis Orcistenorum,Epistula Ablabius praef . praet . et Constantinus imperator de ius ciuitas . . ic hic ; c ; qui in prex cono is et dignitas reparatio ius qui - res . proinde uico intercessio qui - ilo ad integer per i honor rt [ impus ( erator ) super omni,Lower without christus/christianus
373,IT-LAT0340,NA,0.2857097384925816,0.09607768913524456,-0.18963204935733702,0.18963204935733702,0.6949772436923702,0.18963204935733702,4,0,0,De divisis et assignatis,"diuido et assigno ager ; non ; unus sum condicio . nam et diuido sine assignatio et reddo sine diuisio . diuido ergo ager limes institutum per centuria , assigno uiritim nomen . ergo ager diuido , qui institutum limes diuido sum , forma app",Lower without christus/christianus
459,MQDQ-558,NA,0.19806630319557778,0.008485227674199835,-0.18958107552137796,0.18958107552137796,0.7584232790048733,0.19186310599941625,3,1,0,"de litteris, de syllabis, de metris","audio ueter uir uulgo dico fabula quidam , qui ter Olympia uinco Iuppiter praeses , postquam accedo liuis uirtus senium uideo , dum uictor clueo omnis , maturo resoluo Lex puluis et cibus . sed ne corporeus repeo labo accerso otium , tale e",Lower without christus/christianus
496,MQDQ-149,NA,0.35779147676233,0.1684985715273252,-0.1892929052350048,0.1892929052350048,0.7557872018991898,0.19180529141514874,2,2,0,e Graecis conuersa,"hic tu , rex , Phoebus luno cornu edo : nomen si pergo aeuum celebro perennis , urbs tu condo sum qui sto proteius tellus , praesideo et numen qui Dis mundipotentus uertex quinqueiugo res secerno guberno . prae cunctus uita commodus sum mor",Lower without christus/christianus
409,MQDQ-398,NA,0.26806978544262516,0.07890564173183093,-0.18916414371079424,0.18916414371079424,0.7738446355043458,0.20228575462358533,2,2,0,Casina,"conserua uxor duo consero expeto . Alius senex allego , alius filius . senex adiuuo sors , uerus decipio dolus . ita is subicio pro puella seruolus nequam , qui dominus mulco atque uilicus . adulescens duco ciuis Casinus cognosco .",Lower without christus/christianus
2,IT-LAT0285,NA,0.2023529974774207,0.01378736835364215,-0.18856562912377856,0.18856562912377856,0.7634227716434157,0.19363308632952445,3,1,0,XII Tabularum Leges,"si in ius uoco , eo . ni eo , antestamino . igitur es capitus . si caluor pes ue struo , manus o iacio . si morbus aevitasve uitium esco , iumentum do . si nolo , arcer ne sterno . assiduo uindex assiduus sum . proletarius iam ciuis quis uo",Lower without christus/christianus
664,MQDQ-343,NA,0.28187358973272203,0.09356786602569665,-0.18830572370702542,0.18830572370702542,0.7555081388857128,0.19677469319762436,3,1,0,precatio omnium herbarum,"nunc uos possum omnis herba deprecor exoro maiestas que uester , uos qui parens Tellus genero , et cunctus gens donum do . medicina sanitas in uos confero maiestas que ut omnis genus humanus sum auxilium utilus . hic supplex exposco precorv",Lower without christus/christianus
252,MQDQ-113,NA,0.2139205982728059,0.025649040212773654,-0.1882715580600322,0.1882715580600322,0.745924028383893,0.20233848898858214,3,1,0,cynegeticon,"canus diuus , laetus uenor ars , auspicium , Diana , tuus ; prior omnis in arma spes sum et nudus silua uirtus moueo inconsultus homo uita que sum error in omnis . post alius , propior , uia melior que proficiscor tu socius , ratio , res su",Lower without christus/christianus
7,MQDQ-169,NA,0.2525749665808893,0.06542908779683443,-0.1871458787840549,0.1871458787840549,0.7612050077704604,0.2026582430336172,3,1,0,*carminum fragmenta,"meus puera , quis uerbum ex tuus os supra fugio ? quando dies aduenio , qui profor Morior sum . qui hic daps sum , qui festus dies , ? inferus an superus tu fero deus funus , Ulixes ?",Lower without christus/christianus
681,MQDQ-212,NA,0.21333243880315084,0.02619862659048105,-0.1871338122126698,0.1871338122126698,0.7575529716382704,0.1941954776187684,3,1,0,de nuptiis Philologiae et Mercurii,"tu qui psallo thalamus , qui mater Camena progenis perhibeo , copula sacer deus , semen qui arcanus stringo pugno uinclum complexus que sacer dissono necto foueo ( nam elementum ligo uicis mundus que marito atque aura mens corpus socius , f",Lower without christus/christianus
695,MQDQ-84,NA,0.24633165004235438,0.059293116226774016,-0.18703853381558036,0.18703853381558036,0.7515496457927425,0.19611913368202777,3,1,0,"Fides, opusc. 6","qui cupio caelum socio terra linquo et luxus uitium parens , ego peto , certus decus et corona munus altus . ille neque dirus metuo tribunal , nec per urbanus uolito possum , conscius rectus teneo inter unda stagnum salus . barba quamuis tu",Lower without christus/christianus
599,MQDQ-192,NA,0.21730576500320112,0.030277959934464502,-0.1870278050687366,0.1870278050687366,0.7621243124937281,0.1946466297174086,2,2,0,de medicamentis,"qui nascor Phoebus doceo , quod Chirus Achilles , qui disco olim Podalirius atque a genitor suus , qui quondam uersus in anguis templum Palatinus subeo sublimis Roma : qui Cous doceo senior quisque Abdera suadeo , qui logus aut methodos sim",Lower without christus/christianus
567,IT-LAT0365,NA,0.20303220970671584,0.016872585535303262,-0.18615962417141255,0.18615962417141255,0.7463952638013639,0.18990888699961345,2,2,0,De tropis,"praefatio tropus sum dictio transfero ab proprius significatio ad non proprius similitudo ornatus causa . sum autem tropus tredecim : metaphora , catachre , metalep , metonymia , antonomasia , epithetonensis , synecdoche , onomatopoeia , pe",Lower without christus/christianus
261,MQDQ-187,NA,0.19948792658597173,0.01336423495076538,-0.18612369163520634,0.18612369163520634,0.739907713900217,0.19029491861258696,3,1,0,astronomica,"carmen diuinus ars et conscius fatum sidus diuersus homo uario casus , caelestis ratio opus , deduco mundus aggredior primus que nouus Helicona moueo cantus et uiridis nuto uertex silua , Hospita sacer fero nullus memoro prior . hic ego tu",Lower without christus/christianus
284,MQDQ-340,NA,0.22305666829099943,0.0370708987969859,-0.18598576949401355,0.18598576949401355,0.7519930985067795,0.19517957726190127,2,2,0,tragoediarum fragmenta,"nunc tu obsecro , stirpes ut euoluo meus ego que notifex ego . Rhoeteus procul ab terra Priamus que ara damno pius obruo nos Danaus que simul .",Lower without christus/christianus
531,MQDQ-590,NA,0.19640398575220902,0.010449054675725138,-0.18595493107648386,0.18595493107648386,0.751044998458173,0.18997198231956797,2,2,0,epigrammata,"non unus uita color sum neque carmen unus lector : habeo tempus pagina suus . sum quod mane lego , sum et quod uesper . laetus seria misceo , temperies ut placeo . hic mitro Uenus probo , hic galeatus Minerua , Stoicus hic pars , hic Epicur",Lower without christus/christianus
177,MQDQ-88,NA,0.2254153374332229,0.03964740903985002,-0.18576792839337286,0.18576792839337286,0.7433080170046653,0.19178800946842556,2,2,0,epigramma de Crassitio,"uni Crassitio sui credo Zmyrna probo : desino , indoceo , coniugium hic peto ! solus Crassitio sui dico nubo uolo , intimus qui solus nosco suus .",Lower without christus/christianus
501,MQDQ-478,NA,0.2290528743484898,0.04331772143547896,-0.18573515291301085,0.18573515291301085,0.7442407049578772,0.19352404186465544,3,1,0,Valerius Proculus,"cum primus qui non onero gloria pater pono Proculus , uita mos que decore haud umquam indignus magnus . ille semper amor uerus et constantia , simplex caelicola cultus ; non ille sperno possum , et quamquam reuereor sum , non inde timeo .",Lower without christus/christianus
36,MQDQ-326,NA,0.21311831278923465,0.027399462244377906,-0.18571885054485676,0.18571885054485676,0.7604715379422015,0.19492133259320932,2,2,0,Vidularia,"hic res ueteo nomen laudo gratia Schedia noster facio . idem Baccha facio noster nauis Pentheus . inopia , luctus , maeror , paupertas , algus , fames . pauperus hic res sum . hic myrtus Uenus sum . sum quo neque tempus censeo quis aio ? Li",Lower without christus/christianus
442,LC-1,NA,0.2047463866279467,0.019060429727797323,-0.18568595690014936,0.18568595690014936,0.7580578755472196,0.19447000455933627,3,1,0,De natura animalium,"homo sapio et justus sum , liber que suus prospicio , et parens debeo cura gero , sui que uictus paro , insidia declino , et reliquus in is collocatus natura donum , non admodum forsan aliquis admiror . sum enim oratio , res pretiosissimus",Lower without christus/christianus
569,IT-LAT0367,NA,0.19641981618169801,0.010737506359818615,-0.18568230982187942,0.18568230982187942,0.7464748415012009,0.1879595250956864,2,2,0,Commentarii Vergiliani,"inspicio fere omnis ante ego qui in Vergilius opus calleo , breuitas admodum studeo quam tu amarus cognosco , adeo de multus paucus decerpo , ut magis iustus offensio lector exspecto , quod uetus scio multus transeo , quam quod pagina compl",Lower without christus/christianus
281,MQDQ-301,NA,0.22515040289959076,0.03950084162113954,-0.18564956127845125,0.18564956127845125,0.7643649833049375,0.19860787465057253,3,1,0,fabulae 4,"cum destino terminus opus statuo , in hic ut alius sum materia satis , consilium taceo cor damno meus . nam si quis etiam talis sum titulum appeto , qui pactum diuino quisnam omitto , ut ille ipse incipio fama trado , suus quisque cum sum a",Lower without christus/christianus
278,MQDQ-298,NA,0.20510391448419651,0.019454775318097244,-0.18564913916609926,0.18564913916609926,0.7605005256979851,0.19500553784985863,2,2,0,fabulae 1,"Aesopus auctor quam materia reperio , hic ego polio uersus senarius . duplex libellus dos sum : qui risus moueo , et quod prudens uita consilium moneo . calumnior si quis autem uolo , quod arbor loquor , non tantum fera , fingo iocor nos me",Lower without christus/christianus
485,MQDQ-571,NA,0.22845631693111373,0.04282268271831435,-0.18563363421279938,0.18563363421279938,0.7494399495462621,0.1945974220932242,2,2,0,carmen ad Nortiam,"Carmen multus sero , uita insons , integer ae ( ut ) , coniugium laetus placida numerus que frequens nascor exsulto : uiuax sum spiritus olla ! ceterus compositus for lex traho . pando , Festus , tu , candidus ut uenio . iamq ( ue ) uenio :",Lower without christus/christianus
729,MQDQ-355,NA,0.33489735417725924,0.14934655735441818,-0.1855507968228411,0.1855507968228411,0.7579533524744657,0.2005074713388772,2,2,0,in historiam praefatio,uersus egregius decursus clarus arator carmen apostolicus cano insigne corona historia que prior praepono cautus ubique substituo typica sensatim uerbum figura . lingua canorus bonum testor ius poeta ; mysticus ingenium sic indico ordo prof,Lower without christus/christianus
513,MQDQ-596,NA,0.19293063594603674,0.008034319759592415,-0.18489631618644434,0.18489631618644434,0.745179255503793,0.1880977257324175,2,2,0,Cupido cruciatus,"aerus in campus , memoro qui Musa Maro , myrteus amento ubi lucus opaco amo , orgium duco heroid et suus quique , ut quondam occido , letum argumentum gero , erro silua in magnus et sub lux malignus inter harundineus que coma grauidus que p",Lower without christus/christianus
352,MQDQ-434,NA,0.20688913995688843,0.022286599041153377,-0.18460254091573505,0.18460254091573505,0.7453977652612208,0.19046036384097448,3,1,0,*Octauia,"iam uago caelum sidus fulgeo Aurora fugo , surgo Titan radio coma mundus que dies reddo clarus . ago , tot tantus onero malus , repeto assuetus iam tu questus atque aequoreus uinco Alcyone , uinco et uolucer Pandionia : grauus namque hic fo",Lower without christus/christianus
529,IT-LAT0121,NA,0.2095889223370287,0.02501758739365654,-0.18457133494337213,0.18457133494337213,0.7440056655219736,0.18806274867048395,3,1,27,Rerum gestarum Libri,"post emetior insuperabilis expeditio euentus langueo pars animus , qui periculum uarietas frango et labor , nondum tuba cesso clangor uel miles loco per statio hiberno , fortuna saeuio procella tempestas alius res infundo communis per multu",Lower without christus/christianus
555,LC-3,NA,0.19033701791768654,0.0061276658829570955,-0.18420935203472946,0.18420935203472946,0.7397426703364047,0.18606639730043825,2,2,0,Invectiva in Sallustium,"is demos magnus uoluptas sum , C. Sallustus , aequalis atque paro uerbum uita ago , neque quisquam tam obscaenus dico qui non ab initium pueritia omnis genus facinus aetas tuus respondeo , ut omnis oratio mos consono . neque enim qui ita ui",Lower without christus/christianus
402,IT-LAT0784,NA,0.2255399028574403,0.04149711181288873,-0.18404279104455157,0.18404279104455157,0.7333628187505488,0.1951328464296273,3,1,0,Declamationes,"uxor tyrannicida qUINQUE cum tyrannus fAMILIAE punio . qui habeo duo filius et tyrannus uir , tyrannicidium facio . praemium impunitas liber postulo ; mereo , ex hic alter occupo arx . et is mater occido . peto alter impunitas ; contradico",Lower without christus/christianus
411,MQDQ-400,NA,0.20485451094492374,0.020827956034930123,-0.1840265549099936,0.1840265549099936,0.744005423948893,0.19117785955141353,2,2,0,Curculio,"curculio mitto Phaedromium eo Caria , ut peto argentum . ibi eludo anulus riualis . scribo atque obsigno littera . cognosco signum Lyco , ubi uideo , miles : ut amica mitto , pretium leno do . Lyco miles atque leno in ius rapio . ipsus soro",Lower without christus/christianus
612,MQDQ-630,NA,0.23480879169087004,0.05086196242925954,-0.1839468292616105,0.1839468292616105,0.7310644218223974,0.18829119436302558,2,2,0,e Parmenide conuersa,"femina uir que simul uenio cum germino misceo , uenio informo diuersus ex sanguis uirtus temperies seruo bene condo corpus fingo . nam si uirtus permisceo semen pugno neque facio unus permisceo in corpus , dirus nascor geminus uexo semen se",Lower without christus/christianus
251,MQDQ-112,NA,0.21566233894522677,0.031944629557320296,-0.1837177093879065,0.1837177093879065,0.7371828452607262,0.19000992663141264,2,2,0,tragoediarum fragmenta,"o gratus cardo , rex egressus indico ! sono impello regius cardo . mergo sequor umidus planta humus .",Lower without christus/christianus
717,MQDQ-177,NA,0.2315023055188582,0.0480585896310941,-0.1834437158877641,0.1834437158877641,0.7372505945498962,0.19258244534491903,3,1,0,carmina (anth. Riese),"sol , qui terra flamma opus omnis lustro , effero os sacer caelum tenebra que resoluo . laetitia ludus que uia plaudo que fremo . at Uenus aetherius inter dea candidus nimbus aureus subnecto exerta cingulum mamma , donum fero , pax aeternus",Lower without christus/christianus
86,IT-LAT0122,NA,0.19859119006163492,0.015217318715671196,-0.18337387134596375,0.18337387134596375,0.7524008863131527,0.19323098597757796,2,2,0,Pro Roscio Comoedo,"... malitia natura credo . is scilicet uir bonus et singularis fides praeditus in suus iudicium suus tabula testis utor conor . soleo fere dico qui per tabula homo honestum pecunia expendo fero : ' ego talis uir corrumpo possum , ut meus ca",Lower without christus/christianus
265,MQDQ-105,NA,0.223489496531362,0.040304405167992594,-0.1831850913633694,0.1831850913633694,0.7330566426684727,0.18934866352540253,2,2,0,epigramma,"qui "" caput ad laeuus "" disco , glossema nos praecipio : os nullus uel potior pugilis .",Lower without christus/christianus
632,MQDQ-362,NA,0.25811029599232244,0.0749264432990391,-0.18318385269328336,0.18318385269328336,0.7497630782117066,0.19831464630422435,2,2,0,in obtrectatorem Augustini,"quidam doctiloquus liber seni Augustinus carpo , et aduersus condo fero opus . usque adeo bonus ingenium , et facundia diues , ars non aliter possum ; in nouus prosterno acies nisi bellum cieo , impius que exstinctus hostis arma do ? hic pu",Lower without christus/christianus
147,IT-LAT0922_16,NA,0.19120578355452497,0.008345908883682567,-0.18285987467084241,0.18285987467084241,0.7332529614814316,0.18602010147688597,3,1,0,Academica,"I in Cumanum nuper cum ego cum Atticus noster sum , nuntio sum nos ab M. Uarro uenio is Roma pridie uesperus et , nisi de uia fessus sum , continuo ad nos uenio sum . quod cum audio , nullus mora interpono puto quin uideo homo nos cum et st",Lower without christus/christianus
75,MQDQ-458,NA,0.2895088965264454,0.10703077599541463,-0.18247812053103074,0.18247812053103074,0.7504599584259356,0.20643324677925873,3,1,0,tragoediarum fragmenta,"cum caput uiridis laurus uelo impero Propheta sanctus , castus qui puro sacer . flammeus per aethra late feruidus fero fax . . corpus que suauis telinum unguo .",Lower without christus/christianus
560,MQDQ-563,NA,0.19090361945802894,0.008458741614270295,-0.18244487784375865,0.18244487784375865,0.7371937444173691,0.1865564085318912,2,2,0,iudicium coci et pistoris,"ter ternus , uarius cunctus qui trado ars , linquo Pierius collis et scribo ego cum . ille ego uespa precor , qui , diuus , saepe do per multus urbs populus specto fauor . scribo opus et dulcia carmen quaero , neque mel sum solum ; aliquis",Lower without christus/christianus
66,MQDQ-507,NA,0.21211174824899648,0.029724965257993924,-0.18238678299100256,0.18238678299100256,0.7472813913579149,0.19374039258772646,3,1,0,palliatarum fragmenta,"melesia ! intus cesso ? credo hercle helluo Tuburcinor . Eos derepo duco uxor audio . qui uerbum uenor meus , pestis , si abscedo . at sermo hinc sublego . quaeso cogito atque delibero . mactus uirtus sum . non ago hic per sagus pretium con",Lower without christus/christianus
382,MQDQ-469,NA,0.1940201594700293,0.012166391805627341,-0.18185376766440195,0.18185376766440195,0.7335583292587926,0.18673295791650935,2,2,0,"Hecyra, periocha","Vxor duco Pamphilus philumena , qui quondam ignoro uirgo uitium offero , quisque per uis qui detraho anulus do amica Bacchidus meretricula . deinde proficiscor in imbrus sum : nupo haud attingo . hic mater uterus grauida , ne is scio socrus",Lower without christus/christianus
191,MQDQ-541,NA,0.19148969053183112,0.00992858555195599,-0.18156110497987513,0.18156110497987513,0.7177470405103833,0.18913301054426518,3,1,0,Aeneis,"arma uir que canus , Troia qui primus ab ore Italia fo profugus Lauinia que uenio litus , multum ille et terra iactatus et altus uis superus , saeuus memor Iuno ob ira , multus quoque et bellum patior , dum condo urbs infero que deus Latium",Lower without christus/christianus
74,MQDQ-176,NA,0.2213455734998318,0.04018285860161994,-0.18116271489821187,0.18116271489821187,0.729803614174311,0.1895848080422045,3,1,0,epigrammata,"aufugio meus animus ; credo , ut soleo , ad Theotimus deuenio . sic sum , perfugium ille habeo . quis , si non interdixes , ne illic fugitiuus mitto ad sui intro , sed magis eicio ? eo quaesitum . uerus , ne ipse teneo , formido . quis ago",Lower without christus/christianus
151,MQDQ-631,NA,0.20946154026987995,0.02830210227474121,-0.18115943799513873,0.18115943799513873,0.7412311621071437,0.19324705886752622,2,2,0,carminum fragmenta,"tu quoque , tu in summus , o dimidio Menander , pono , et mereo , pus sermo amator . lenis atque utinam scribo adiungo sum uis , comicus , ut aequo uirtus polleo honor cum Graeci , neue hic despectus pars iaceo ! unus hic macero atque doleo",Lower without christus/christianus
228,IT-LAT0378,NA,0.20430411530783682,0.02314645023858801,-0.18115766506924885,0.18115766506924885,0.7290324026336306,0.187139195527027,2,2,0,Epistula ad Gaium,", meus Gaius , meus asellus , qui semper medius fidior desidero , cum ab ego abeo . sed praecipue dies talis , qualis sum hodiernus , oculus meus requiro meus Gaius , qui , ubicumque hic dies sum , spero laetum et bene ualeo celebro quartus",Lower without christus/christianus
413,MQDQ-402,NA,0.19700705873595062,0.015937894374120378,-0.1810691643618302,0.1810691643618302,0.7266174733573153,0.18516800187770782,2,2,0,Menaechmi,"mercator siculus , qui sum geminus filius , is surrumpo alter mors optingo . Nomen surrepticis ille indo qui domist auus paternus , facio Menaechmus ex Sosiclus . et is germanus , postquam adolesco , quaerito circum omnis ora . post Epidamn",Lower without christus/christianus
564,IT-LAT0361,NA,0.1890733835714387,0.008006573387130483,-0.1810668101843082,0.1810668101843082,0.7296538438549023,0.18476839554222588,2,2,0,De barbarismo,"barbarismus sum unus pars oratio uitiosus in communis sermo ; in poema metaplasmus , item que in noster loquella barbarismus , in peregrinus barbarolexus dico , ut siquis dico mastruga cateius magalis . barbarismus fio duo modus , pronuntia",Lower without christus/christianus
357,IT-LAT0342,NA,0.1869570090750171,0.005962708877898285,-0.18099430019711885,0.18099430019711885,0.7276340385927746,0.18331833925959837,3,1,0,Expositio et ratio omnium formarum,"Notus sum omnis , celsus , penis tu studium noster maneo summus , ideo que primum sedulitas meus impendium iudicium tuus offero propono . nam cum sui inter aequalis quidam locus deposco aemulatio , nemo magis conatus noster profutur credo q",Lower without christus/christianus
63,MQDQ-271,NA,0.2584641946180915,0.07761220072465162,-0.18085199389343987,0.18085199389343987,0.7530804032655614,0.2013029462911528,2,2,0,praetextarum fragmenta,"pater supremus , noster progenius pater nunc tu obtestor , celere sanctus subuenio censorius ! sagitta , plumbo et axis grandinat . qui uix caprigenus genus gradilis gressio sum .",Lower without christus/christianus
285,MQDQ-425,NA,0.19219699330070586,0.011499910250315076,-0.18069708305039078,0.18069708305039078,0.73587353559505575,0.18764409891410241,2,2,0,Hercules furens,"quisque nascor mobilis tellus sto . neque ipse tantum Bacchus aut Bacchus parens adeo superus : ne qui pars probrum uaco , mundus puella sertum Cnosiaci gero . Thebana tellus mater spargo impius quotiens nouerca facio ! tardus que eous Phoe",Lower without christus/christianus
418,MQDQ-409,NA,0.25485107779333943,0.07422809157234973,-0.18062298622098966,0.18062298622098966,0.7515603782686685,0.20065552668235015,2,2,0,Rudens,"rete piscator de mare extraho uidulus , ubi sum erilis filia crepundia , Dominus ad leno qui subripio uenio is in clientela suipta imprudens pater naufragium eiecio deuenio : cognosco suus que amicus Plesidippus iungo .",Lower without christus/christianus
79,IT-LAT0221,NA,0.1869238287372649,0.006549663573992883,-0.18037416516327204,0.18037416516327204,0.7249397393161221,0.18250011866175436,2,2,0,De inventione,"I saepe et multum hic ego cum cogito , bonine an malus plus atfero homo et ciuitas copia dico atque summum eloquentia studium . nam cum et noster res publicus detrimentum considero et maximus ciuitas uetus animus calamitas colligo , non min",Lower without christus/christianus
300,MQDQ-428,NA,0.18876670942758245,0.008454436982170492,-0.18031227244541195,0.18031227244541195,0.7286404221333187,0.18441235278821272,2,2,0,Medea,"auersus superus regnum maneo que impius dominus que regnum tristis et domina fides melior rapio , uox non faustus precor . ater cruentus manus amplexa fax , adsum , thalamus horridus quondam meus qualis sto : coniunx letum nouus letum que s",Lower without christus/christianus
523,MQDQ-584,NA,0.20375533657854863,0.023455639952085012,-0.18029969662646364,0.18029969662646364,0.7288879581876618,0.18816947411825669,3,1,0,pater ad filium,"debeo et hic noster , filum dulcissimus , cura historia , quamquam titulus non dignus serenus anxio maestus sum querimonia res . iam super stagno tergum Mosella profero tu , no , ratis maestus que parens osculum et amplexus discerno inuidus",Lower without christus/christianus
387,IT-LAT0407,NA,0.22176951915212245,0.04153591693827108,-0.18023360221385137,0.18023360221385137,0.7461790582165537,0.19326034106139084,2,2,0,Quaestiones,"cum seruus legatus in fuga sum uel longinquus absens exigo , opera praesto heres debeo , ut is res requiro et praesto , et ita iulianus scribo . nam et sumplum an in hic res facio heres debeo , Africanus liber uicesimus epistula apud Iulian",Lower without christus/christianus
302,IT-LAT0109,NA,0.18566584831319083,0.005743778580397615,-0.17992206973279323,0.17992206973279323,0.7196169770991787,0.18220905857063077,3,1,0,Agamemnon,"o regnum magnus fallax fortuna bonus , in precipitis dubius que locum excelsus nimis . numquam placidus sceptrum quies certumve suus tenueo dies : alius ex alius cura fatigo uexo que animus nouus tempestas . non sic libycus syrtis aequor fu",Lower without christus/christianus
519,MQDQ-589,NA,0.18507265910221482,0.0052277822218752806,-0.17984487688033957,0.17984487688033957,0.7229904524726044,0.18205476352292796,2,2,0,epitaphia heroum,"Rex rex Atrides , fraternus coniunx ultor , oppetium manus coniunx ipse meus . quis prosum Helenes rapio doleo , uindico adulterium cum clytemestra neco ? Felix o Menela , deus qui debeo sedes decretum que pius manus Elysius , Tyndareus dil",Lower without christus/christianus
367,IT-LAT0325,NA,0.18926331731215593,0.009519420052244217,-0.1797438972599117,0.1797438972599117,0.7180047158355004,0.1841253344698566,3,1,0,Historiarum Alexandri Magni libri X,"inter hic Alexander , ad conduco ex Peloponnesus miles Cleandrum cum pecunia missus , Lycia Pamphylia que res compositus ad urbs Celaenae exercitus admoueo . medius ille tempestas moenia interfluo Marsyas amnis , fabulosus Graeci carmen inc",Lower without christus/christianus
127,IT-LAT0217,NA,0.18882965074781846,0.009149269962179164,-0.1796803807856393,0.1796803807856393,0.7260986114968704,0.18391470920189257,3,1,0,De partitione oratoria,"de partitio oratorius filius . studeo , meus pater , latine ex tu audio is qui ego tu de ratio dico Graecus trado - si modo tu sum otium , et si uolo . CICERO pater . an sum , meus Cicero , quod ego malo quam tu quam doctus sum ? otium aute",Lower without christus/christianus
512,MQDQ-599,NA,0.19403099755390116,0.01435957885896472,-0.1796714186949364,0.1796714186949364,0.7273188824357155,0.18601338789124133,3,1,0,Caesares,"Caesarei procer , in qui regnum secundus consul dudum Romanus potentia cedo , accipio bis seni . suus quisque monostichum signo , qui per plenus series Suetonius olim nomen res gestus uita que obitus que perago . primus regalis patefacio Iu",Lower without christus/christianus
708,MQDQ-122,NA,0.20138845267764663,0.0219620269399615,-0.1794264257376851,0.1794264257376851,0.7382220435198241,0.190959392726974,2,2,0,"historia Apollonii, uersus inserti","certus que non certus cecido concito tempestas rutilo illumino orbis . Aeolus imbrifer flatus turbo procella corripio aruum . Notus picea caligo tego scindo que omnis latus pelagus reuolumen murmuro auster . uoluo hinc boreas , neque iam ma",Lower without christus/christianus
421,MQDQ-412,NA,0.24112361471811683,0.06211618274381256,-0.1790074319743043,0.1790074319743043,0.7412259191963926,0.1947312061235001,2,2,0,Truculentus,"tres unus pereo adulescens mulier , rus unus , alter urbs , peregre tertius ; ut que iste ingens miles tango bolus , cla sui suppono clandestinus edo . uis magnus seruus sum atque trux mos , Lupa ni rapio dominus parsimonia ; et is tamen mo",Lower without christus/christianus
83,IT-LAT0094,NA,0.19357796975241415,0.014577152947111807,-0.17900081680530233,0.17900081680530233,0.7333505736392836,0.1880788841813048,2,2,0,Pro Roscio Amerino,"credo ego uos , iudex , miror , quis sum , qui , cum tot summus orator homo que nobilus sedeo , ego potissimum surgo , is , qui neque aetas neque ingenium neque auctoritas sum cum hic , qui sedeo , comparo . omnis hic , qui uideo adsum in h",Lower without christus/christianus
541,MQDQ-179,NA,0.21868983327165786,0.039839837475996245,-0.17884999579566158,0.17884999579566158,0.7163106067102698,0.18528537207494986,2,2,0,e Graecis conuersa,sponsalia quidem meus pater meus cura subeo ; hic enim non sum meus .,Lower without christus/christianus
98,IT-LAT0124,NA,0.18649524080863566,0.007667979028467265,-0.1788272617801684,0.1788272617801684,0.7234058879604421,0.18328009636701803,2,2,0,Pro Cluentio,"pro Cluentium Animadverto , iudex , omnis accusator oratio in duo diuido sum pars , qui alter ego nitor et magnus opus confido uideo inuidia iam inuetero iudicium Iunianus , alter tantum modo consuetudo causa timidus et diffidenter attingo",Lower without christus/christianus
412,MQDQ-401,NA,0.1962078507444227,0.017671718546739466,-0.17853613219768322,0.17853613219768322,0.7217209419452515,0.18532428319236718,2,2,0,Epidicus,"emo fidicina , filia credo , senex persuadeo seruus , atque conduco Iterum pro amica is subicio filius . do erilis argentum . eo soror destino imprudens iuuenis . compressa atque miles cognosco opus sui senex os sublio ( ut ille amica , hic",Lower without christus/christianus
372,IT-LAT0339,NA,0.21352175303182855,0.03502621273736216,-0.17849554029446635,0.17849554029446635,0.7223791019996239,0.19965115779056986,3,1,0,De condicionibus agrorum,"condicio ager per totus Italia diuersus sum plerusque etiam remotus ab professio noster homo nosco sum ; qui etiam in prouincia frequenter inuenio . accido autem , ut ex similis causa similis habeo condicio . ciuitas enim , qui condicio ali",Lower without christus/christianus
735,MQDQ-65,NA,0.20254668679304663,0.024093766461977684,-0.17845292033106896,0.17845292033106896,0.7162150169288454,0.18488736481501983,3,1,0,elogium Asbadi,"si non mortalis sors inreuocabilis aeuum fletus atque fides pono ipse modus , Asbades maius , qui uirtus effero , instar , fortis exemplum corpus mens uir continuo tuus lugeo seculus mors iusticium que tu publicus res ago , innumerus qui mi",Lower without christus/christianus
552,MQDQ-21,NA,0.18681738952513427,0.0084954103484294885,-0.17832197917670478,0.17832197917670478,0.7200908352080502,0.18212785259428566,2,2,0,panegyricus dictus Mallio Theodoro consuli,"audebisnio , precor , tantus subicio caterua , inter tot procer , noster Thalis , loquor ? neque tu fama ueto , uero quam celsior auctus uel seruo labor uel minuo pudor ? an tu continuus creuo fiducia castra totus que iam uates pectus miles",Lower without christus/christianus
235,MQDQ-251,NA,0.189620270775344,0.011451934848407714,-0.1781683359269363,0.1781683359269363,0.7214484833079945,0.18422003129327857,3,1,0,metamorphoses,"in nouus fero animus muto dico forma corpus : deus , coeptum ( nam uos muto et ille ) adspiro meus primus que ab origo mundus ad meus perpetuus deduco tempus carmen . ante mare et terra et , qui tego omnis , caelum unus sum totus natura uul",Lower without christus/christianus
376,MQDQ-96,NA,0.1877402098164089,0.009737357431508643,-0.17800285238490027,0.17800285238490027,0.7248948359036056,0.18531966583556841,2,2,0,carmina (anth. Riese),"uenio aliquando rosa . pro uerum amoenum ingenium ! unus dies ostendo spiculum flos , alter pyramis nodum maior tumeo , tertius iam calathus ; totus lux quartus perago flos opus . pereo hodie , nisi mane lego . Bacchus , uitium repertor , p",Lower without christus/christianus
55,IT-LAT0988,NA,0.20839334282451594,0.030420922468506126,-0.1779724203560098,0.1779724203560098,0.7228440273898824,0.18824525555115681,3,1,0,Boeotia,"ut ille deus perdo , primus qui hora reperio , quisque adeo primus statuo hic solarium . qui ego comminuo miser articulatim dies . nam olim ego puer uenter sum solarium , multus omnis iste optumus et : ubi ubi moneo sum , nisi cum nihil sum",Lower without christus/christianus
17,IT-LAT0952,NA,0.18257221562116427,0.004703741104570025,-0.17786847451659424,0.17786847451659424,0.7164374966154828,0.1807546879581125,2,2,0,Senatus consultum de Bacchanalibus,"[ Q ( uintus ) ] Marcius Lucius ( uco ) fen ( ilius ) , ( purior ) Postumius Lucius ( uco ) fen ( ilius ) co ( nitulum ) s ( ulo ) senatus nt ( ono ) Octob ( rus ) , apud aedis duelonaus . ( ribuo ) arf ( eo ) Marcus ( arcus ) Claudius ( us",Lower without christus/christianus
596,MQDQ-284,NA,0.2644902057579294,0.08666299423140993,-0.17782721152651948,0.17782721152651948,0.7107324391480991,0.18416304673231987,2,2,0,oratio,"omnipotens genitor res , qui summus potestas , exaudio si iustus precor : ne sum ego tristis ullus dies , placidus nox rumpo nullus quies . neque placeo alienus ego , quin et meus prosum supplex nullus que habeo ego uoueo noceo aut habeo no",Lower without christus/christianus
15,MQDQ-321,NA,0.18353420838336482,0.005999153305340885,-0.17753505507802392,0.17753505507802392,0.7142758679545482,0.18014236072386097,3,1,0,Pseudolus,"exporgi meliust lumbus atque : plautinus longus fabula in scaena uenio . si ex tu taceo fio possum certus , erus , qui miseria tu tam misere macero , duo labor ego homo parso lubens , meus tu rogo et tis respondo ego ; nunc quoniam is fio n",Lower without christus/christianus
727,MQDQ-351,NA,0.20653911532492086,0.029054375235243696,-0.17748474008967716,0.17748474008967716,0.743871488882815,0.19709594848252196,2,2,0,epistula ad Florianum,"qui meritum flos , maturus sensus orior , nomen os tu iam , Florianus , teneo ( nam , primaeuus adhuc , senex documentum do , ex qui in caelum uita paro iter ) ad carmen concurro meus , pes que labo porrigo de placidus saepe fauor manus . I",Lower without christus/christianus
72,IT-LAT0370,NA,0.1885731184324812,0.011320816628472067,-0.17725230180400917,0.17725230180400917,0.7091300613941462,0.17978504428443992,2,2,0,Edictum adversus Latinos rhetores,"Cn. Domitius Ahenobarbus L. Licinius Crassus censor ita edico : Renuntio sum nos sum homo , qui nouus genus disciplina instituo , ad qui iuuentus in ludus conuenio ; is sui nomen impono Latinus rhetora ; ibi homo adulescentulus dies totus d",Lower without christus/christianus
438,MQDQ-491,NA,0.21198009072631785,0.0347485634107322,-0.17723152731558567,0.17723152731558567,0.7113955283729717,0.18401184705632417,2,2,0,"*ignoti uersus ap. Tert. apol. 25, 8",bonus corrumpo mos malus .,Lower without christus/christianus
362,IT-LAT0345,NA,0.18140798079367232,0.004295325440794497,-0.1771126553528778,0.1771126553528778,0.7120488814329693,0.17931619953057218,2,2,0,De limitibus,"limes lex late pateo debeo secundum constitutio , qui ager diuido . non quia modus ullus ex mensura limes adscribo : solum lex obseruo debeo . Maximus decimanus et cardo plus pateo debeo siue pedo . XXX , siue pedo . , siue pedo . XII , siu",Lower without christus/christianus
280,MQDQ-300,NA,0.24662072014389042,0.0696613667502958,-0.1769593533935946,0.1769593533935946,0.740243875181363,0.19356699836405225,2,2,0,fabulae 3,"Phaedrus libellus lego si desidero , uaco oportet , Eutychus , ab negotium , ut liber animus sentio uis carmen . "" uerus "" inquam "" tantus non sum ingenium tuus , momentum ut hora pereo officium meus . "" non ergo causa sum manus is tango tu",Lower without christus/christianus
169,MQDQ-162,NA,0.20894767695351066,0.032017324659716476,-0.1769303522937942,0.1769303522937942,0.703011036819881,0.18016968553900958,2,2,0,epigramma,"qui tuus , Romanus uindex clariter lingua , silua locus melior surgo iussus uireo atque Academia celebro nomen uilla nunc reparo cultus sub potior uetus , hic etiam appareo non ante reperio , languida qui infundo lumen ros leuo . nimirum lo",Lower without christus/christianus
535,MQDQ-609,NA,0.731240163223908,0.5543609088771789,-0.17687925434672902,0.17687925434672902,0.4838535603860675,0.17687925434672902,4,0,2,de mortibus boum,"quisnam soliuagus , Bucolus , tristis demitto grauiter lumen gemo ? cur mano lacrima largifluus gena ? facio , ut amo tu ! Aegon , quaeso , sino alo silentium aeger ego penitus condo sensus . nam uulnus resero , qui malus publico , claudo ,",Lower without christus/christianus
109,IT-LAT0956,NA,0.19690564263146793,0.020079298568883422,-0.1768263440625845,0.1768263440625845,0.6877932572994612,0.18173694791686976,3,1,0,Phaenomena Aratea,"phaenomenon Aratea ab Juppiter musa primordium : [ semper in os plurimus ille homo sum , qui compitum numen magnus , concilium que uir compleo , pelagus que profundum , et pelagus portus . fruor Juppiter et utor omnis . nos genus ille ; nos",Lower without christus/christianus
509,MQDQ-583,NA,0.24068539753236193,0.06409322582544248,-0.17659217170691943,0.17659217170691943,0.7257694184501451,0.20106642556651927,3,1,0,de herediolo,", herediolus , maius regnum meus , quod proauus , quod auus , qui pater excolo , qui ego iam senior propero mors relinquo nolo tam cito possum fruor ! iustus quidem series pater succedo , uerus sum simul dominus gratus ordo pius . nunc labo",Lower without christus/christianus
609,IT-LAT0333,NA,0.1816601827317465,0.00511612259797588,-0.17654406013377066,0.17654406013377066,0.7125358308847879,0.1801282694755886,2,2,0,De centum metris,"tu hic libellus , praetextatus decus Albinus , deuoueo . nam licet pater avus que , qui maximus reuerentia littera debeo , cottidie urgeo exemplum ibi que pubesco , qui uelut ad musa sacrarium uenio , non tamen caelum suus tantum numen perf",Lower without christus/christianus
67,MQDQ-172,NA,0.1822153786911986,0.00567777660879474,-0.17653760208240385,0.17653760208240385,0.711789840414784,0.17976173229195347,2,2,0,saturarum reliquiae,"aether et terra genitabilis quaero , tempus irrito canis quam homo quam planior dico . consilium summus homo de res habeo . quo populus atque urbs pactum seruo poto ample romanus . si non ample , at lustrum hic protollo unus munus tamen fun",Lower without christus/christianus
704,MQDQ-94,NA,0.276219176901666,0.09971556253003104,-0.17650361437163492,0.17650361437163492,0.7101815743788009,0.18775759810006987,3,1,0,carmina (anth. Riese),"hic ubi conspicuus radio nunc signum metallum et nitidus clarus marmor fulgeo opus , aridus pulvereus squaleo cespes tellus litoreus que solus uilis arena sum . pulcer sed inmensus qui duco culmen caelum , ostendo pronus curro saxum iugum ,",Lower without christus/christianus
130,IT-LAT0257,NA,0.18766169339675054,0.011176468340536342,-0.17648522505621422,0.17648522505621422,0.7211952625475057,0.18451682038450395,2,2,0,De legibus,"de lex LIBER I Atticvs : lucus quidem ille et hic Arpinas quercus agnosco , saepe ab ego lectus in Marius : si enim maneo ille quercus , hic sum prŏfectus ; etenim sum sane uetus . qvintvs : maneo uero , Atticus noster , et semper maneo : s",Lower without christus/christianus
166,MQDQ-387,NA,0.18517159316625084,0.00883775953343802,-0.1763338336328128,0.1763338336328128,0.712682784994235,0.18041750961917133,3,1,0,sententiae,"alienus sum omnis quisquis , opto euenio . ab alius exspecto alter qui facio . animus uereor qui scio , scio tuto ingredior . auxilium humilis firmus consensus facio . amor animus arbitrium sumo , non pono . aut amo aut odi mulier : nihil s",Lower without christus/christianus
673,LC-12_1,NA,0.18043611295201084,0.004278996478357535,-0.1761571164736533,0.1761571164736533,0.7074241935571066,0.17795939447186535,2,2,0,Carus et Carinus et Numerianus (Historia Augusta),"Fatus res publica rego is que nunc ad summum eueho , nunc ad minimus retraho Probus mors satis prodo . nam cum duco per tempus uarius uel erigo motus uel adflicto , nunc tempestas aliquis nunc felicitas uario omnis prope sum qui patior in h",Lower without christus/christianus
455,IT-LAT0846,NA,0.23300898712934562,0.05692423059291725,-0.17608475653642838,0.17608475653642838,0.7599233633881123,0.20428133932459308,2,2,0,Acta,"ex liber Acholiium , qui magister admissio Ualerianus princeps sum , liber actum is nonus Acholius , qui et interior hic princeps scribo . lIBRIS ACTORVM fragmentum scio sane nego , hic ab senatus Caesar appello sum sed ab miles , qui uerus",Lower without christus/christianus
47,MQDQ-485,NA,0.19539323938961234,0.01993741817142648,-0.17545582121818584,0.17545582121818584,0.7259758212358344,0.18860334964083347,2,2,0,"Andria, alter exitus","tu expecto : sum de tuus res quod ago ego tu cum uolo . opera do ne ego sum dico tuus gno alter . Tu ego opinor inuenio dignus tu atque ille uir . Ahus , pereo , Dauus , de meus amor atque uita nunc sors tollo . non nouus istic ego condicio",Lower without christus/christianus
489,MQDQ-592,NA,0.18060171735790637,0.0051554153303932275,-0.17544630202751313,0.17544630202751313,0.7042542232068139,0.17742563613837822,3,1,0,griphus ternarii numeri,"ter bibo uel totiens ternus ; sic mysticus lex sum uel tres poto uel ter tres multiplico impar noviens ternus contexo coebus . ius idem tres sum quod ter tres , omnis in iste : forma homo coeptum plenus que exactio partus quisque nouo novie",Lower without christus/christianus
350,IT-LAT0284,NA,0.18477982179448812,0.009357798653944302,-0.1754220231405438,0.1754220231405438,0.7131507536522685,0.18155776785255578,2,2,0,Appendix Vergiliana,"ludo , Octavius , gracilis modulor Thale atque ut araneolum tenuis formo orsus ; ludo : hic propter culex sum carmen doceo , omnis et historia per ludus consono ordo notitia que dux uox , licet inuidus adsum . quisquis sum culpo iocus musa",Lower without christus/christianus
8,MQDQ-167,NA,0.18400716473121836,0.008687212547007108,-0.17531995218421126,0.17531995218421126,0.7091248721376341,0.1800305115968065,2,2,0,tragoediarum fragmenta,"si malus imito , tum tu pretium pro noxa do . nam tu Pergama Accensa et praeda per particeps aequiter partio sum tum autem lasciuus Nereus simus pecus ludo ad cantus classis lustro . . Iamnes oculus species laeto optabilis ? nemo hic uoster",Lower without christus/christianus
19,MQDQ-307,NA,0.18010184575457439,0.005682304271906625,-0.17441954148266775,0.17441954148266775,0.7025606980104301,0.17726522168951264,2,2,0,Asinaria,"hic ago sultus , spectator , nuncia , qui quidem ego atque uos res uorto bene grex que hic et dominus atque conductor . Face nuncia tu , praeco , omnis auritus poplus . ago nunc resideo , caueo modo ne gratia . nunc quis procedo huc et quis",Lower without christus/christianus
136,MQDQ-272,NA,0.1988729685659698,0.024506665795339153,-0.17436630277063064,0.17436630277063064,0.6969858580725449,0.17870387396275408,2,2,0,*epigramma,"adulescens , tam etsi propero , hic tu saxulum rogo ut sui aspicio , deinde , qui scribo sum , lego . hic sum poeta Pacuuium Marcus sino os . hic uolo nescius ne sum . ualeo .",Lower without christus/christianus
377,MQDQ-470,NA,0.20821421966775436,0.03388353818657894,-0.17433068148117542,0.17433068148117542,0.698994884594953,0.18065726274283425,2,2,0,"Adelphoe, periocha","duo cum habeo Demeaus adulescentulus , do Micio frater Aeschinus , sed Ctesipho retineo . hic citharistria lepor capio sub durus atque tristis pater frater celo Aeschinus ; fama res , amor in sui transfero ; denique fidicina leno eripio . V",Lower without christus/christianus
244,MQDQ-260,NA,0.18186642209411438,0.007804238075629987,-0.17406218401848442,0.17406218401848442,0.7029731364286801,0.17876977290136015,3,1,0,ex Ponto 3,"aequor Iasonium pulso remex primum , neque hostis fero neque nix , terra , careo , ecqui sum tempus qui uos ego Naso relinquo in parum hostilis iussus absum locus ? an ego barbaria uiuo semper in iste , in qui Tomitanus condo oportet humus",Lower without christus/christianus
186,MQDQ-568,NA,0.2103418253861199,0.036288207197732514,-0.17405361818838738,0.17405361818838738,0.6970218809112689,0.18023238171261874,2,2,0,carminis fragmentum,strido do patella cyma,Lower without christus/christianus
92,MQDQ-160,NA,0.19357756491818465,0.0195461540134196,-0.17403141090476504,0.17403141090476504,0.7041453899664153,0.1811226142560245,2,2,0,carminum fragmenta,"numqui meus admitto noceo hostio uoluntas tuus ? corpus pectus que undique obedo atque mens exsendo , senium obpretto . philtrum omnis undique eruo : antipathes ille quaero trochiscilis , unguis , taenia , radicula , herba , surculus , saur",Lower without christus/christianus
120,MQDQ-174,NA,0.2298310439481678,0.05621201697556895,-0.17361902697259882,0.17361902697259882,0.6823708072635589,0.18091969052203716,3,1,0,de rerum natura,"suauis , mare magnus turbo aequor uentus , ex terra magnus alter specto labor ; non quia uexo quemquamst iucundus uoluptas , sed qui ipse malus careo quia cerno suauis sum . suauis etiam bellum certamen magnus tueor per campus instructus tu",Lower without christus/christianus
432,IT-LAT0733,NA,0.43307801440066285,0.25961046425025014,-0.17346755015041274,0.17346755015041274,0.7150920464190232,0.1840784730590989,1,3,1,Liber de corona militis,facio - tus liberalitas - tas . expungo - bo . possum poo . . . non pitulum . F praesumo . . . sero - ro uulgo . . . go - tus christianus - nus . et ludo eluderetribunox tr . nomen decedo acce - habitus - tu sui cum ceterus cum que . s . gl,Lower without christus/christianus
20,MQDQ-308,NA,0.18027975076298783,0.006935073969872582,-0.17334467679311522,0.17334467679311522,0.7008779578141513,0.17749871628092576,2,2,0,Aulularia,"ne quis miror qui sum , paucus eloquor . ego Lar sum familiaris ex hic familia unde exeo ego aspicio . hic domus iam multus annus sum cum possideo et colo pater auus que iam huiius qui nunc hic habeo , sed ego auus huiius opsecror concredo",Lower without christus/christianus
700,MQDQ-82,NA,0.21415965561743344,0.04114590105783291,-0.17301375455960052,0.17301375455960052,0.6918656242166248,0.1791040686538692,2,2,0,"Verecundia, opusc. 6","tinguo candeo roseus de murex uultus Atque fides mos pando de facies . in niueus spargo macula sum pulcrus os , cum sudo tener roscidus collum ferus . Nil tu plus lingua tribuo quam stemma frons . quisquis amarus libet , hinc tu concilium .",Lower without christus/christianus
1,IT-LAT0261,NA,0.20969561558580813,0.03691803406993525,-0.17277758151587289,0.17277758151587289,0.6946462812571277,0.18019970967827534,2,2,0,Carmen Saliare,"diuus emo cano , diuus deus supplico cuma tono , Leucesia , prae tet tremoo quot ibo etinei de hic cum tono coazeulodorieso . omnis uero adpatula coemitto .",Lower without christus/christianus
152,MQDQ-12,NA,0.2089304388726909,0.03626774645570038,-0.1726626924169905,0.1726626924169905,0.7002302532413965,0.18320633967368577,3,1,0,carminum fragmenta,"neque tam donum ingenteus mirabo aceruus innumerabilis congero undique saeclum , iam inde ab Belidus natalis que urbs ab annus Cecropi atque alo tyrius ab origo Cadmi . hic tu Aratei multum inuigilo lucerna carmen , qui ignis nosco aerius ,",Lower without christus/christianus
262,MQDQ-99,NA,0.19270622407094146,0.020146183337364447,-0.172560040733577,0.172560040733577,0.7117044233672157,0.18539857070932522,2,2,0,carminis fragmentum,"iam pridem post tergum dies sol que relinquo iam que uideo , nosco extorreo finis orbis per non concessus audax eo tenebra ad res meta extremus que litus mundus , hic ille , piger immanis monstrum sub unda qui fero , Oceanus , qui saeuus un",Lower without christus/christianus
360,IT-LAT0534_4,NA,0.17931167553143054,0.006775151430832525,-0.17253652410059805,0.17253652410059805,0.6871445223740013,0.17581662920958807,3,1,0,Historiae,"hISTORIAE LIBER primus . initium ego opus Seruius Galba iterum Titus Uinius consul sum . nam post condo urbs octingenti et uiginti prior aeuum annus multus auctor refero , dum res populus Romanus memoro par eloquentia atque libertas : postq",Lower without christus/christianus
54,MQDQ-483,NA,0.1875062785239392,0.015021048058494399,-0.17248523046544478,0.17248523046544478,0.7068962422905704,0.1813673048468057,2,2,0,Adelphoe,"postquam poeta sentio scribo suus ab iniquus obseruo , et aduorsarius rapio in peus pars quam sum , indicium de sui ipse sum , uos sum iudex an uitium duco facio oportet . Synapothnescontesus Diphilius comoediasticus : is commorior Plautus",Lower without christus/christianus
18,MQDQ-306,NA,0.18075097020390246,0.008506108373365788,-0.1722448618305367,0.1722448618305367,0.6923515027309456,0.17542891209064504,3,1,0,Amphitruo,"ut uos in uoster uoltus mercimonium emundus uendundus que ego laetum lucrum adficio atque adiuuo in res omnis , et ut res ratio que uoster omnis bene expedio uoltus peregrus que et domi , bonus que atque amplus aucto perpetuo lucrum quisque",Lower without christus/christianus
326,MQDQ-196,NA,0.17673880350164292,0.004508873182767662,-0.17222993031887524,0.17222993031887524,0.6932068026434827,0.1747778851698314,2,2,0,epigrammata 2,"ter centenus quidem possum epigramma fero , sed quis tu fero perlego que , liber ? at nunc succingo qui sum bonum disco libellus . hic primus sum , breuus quod ego charta pereo ; deinde , quod hic unus perago librarius hora , nec tantum nug",Lower without christus/christianus
327,MQDQ-197,NA,0.17962513935553595,0.00742679001628425,-0.1721983493392517,0.1721983493392517,0.6907184032116013,0.1752870602226732,3,1,0,epigrammata 3,"hic tu quidquid is sum longinquus mitto ab os Gallia Romanus nomen dico toga . hic lex et laudo liber fortasse prior : ille uel hic meus sum , qui melior puto . plus sane placeo domina qui nascor in urbs sum : debeo enim Gallus uinco uerna",Lower without christus/christianus
407,MQDQ-396,NA,0.18715623162799652,0.015029060086642697,-0.17212717154135382,0.17212717154135382,0.6946850439050823,0.17799978223992685,2,2,0,Aulularia,"senex auarus uix sui credo Euclium domi suus defodio multus cum ops aula inuenio , rursus que penitus condio exanguis amens seruo . is filia Lyoconides uitio . interea senex Megadorus ab soror suadeo duco uxor auo gnatus deposco sui . durus",Lower without christus/christianus
56,MQDQ-164,NA,0.20467261047447707,0.03254937579565839,-0.17212323467881868,0.17212323467881868,0.6900014979222513,0.17830199820305004,2,2,0,comoediae fragmentum,"nolo ego Neaera tu uoco , sed Nerie , cum quidem Mauortius sum in conubium datum .",Lower without christus/christianus
545,MQDQ-27,NA,0.1863445654512798,0.014251400446285941,-0.1720931650049939,0.1720931650049939,0.7087025627815454,0.18266253055274417,2,2,0,de raptu Proserpinae,"inuenio primus seco qui nauis profundum et rudis remus sollicito aqua , qui dubius audeo committo flatus alnus Qui natura nego praebeo ars uia , tranquillus primum trepidus sui credo unda litus securus trames summus legens ; mox longus temp",Lower without christus/christianus
234,MQDQ-252,NA,0.18061828012837747,0.00869078758649643,-0.17192749254188103,0.17192749254188103,0.6958221944321953,0.17729533284299503,3,1,0,fasti,"tempus cum causa Latium digero per annus labor que sub terra orior que signum cano . excipio paco , Caesar germanicus , uultus hic opus et timidus derigo nauis iter , officium que , leuis non auersor honor , in tu deuoueo numen dexter adsum",Lower without christus/christianus
299,MQDQ-429,NA,0.1900360151588776,0.018190209581550525,-0.1718458055773271,0.1718458055773271,0.6958802683638189,0.17773528670015176,3,1,0,Phaedra,"eo , umbrosus cingo silua summus que mons iugum Cecropius ! qui Thriasius uallis amnis rapidus curro uerbero unda ; scando collis semper canus nix Riphaea . amnis malignus rado harena . uos qui tepidus subdo auster frigus mollio durus Achar",Lower without christus/christianus
277,MQDQ-303,NA,0.19187511009456326,0.020393576729604665,-0.17148153336495858,0.17148153336495858,0.7154280550557646,0.18663690832988902,2,2,0,"fabulae, appendix","uulpes rogo pars cauda simius , contego honestus possum ut nudo nas ; qui sic malignus : "" longior fio licet , tamen ille cito per lutum et spina traha , pars tu quam quamuis paruus impartio . hic qualecum qui sum Musa qui ludo meus , nequi",Lower without christus/christianus
467,MQDQ-157,NA,0.23694859559424594,0.06576783818702335,-0.17118075740722258,0.17118075740722258,0.757654763548476,0.2080510385339808,2,2,0,de aue Phoenice,"sum locus in primus felix oriens remotus , qui pateo aeternus maximus porta polus , neque tamen aestiuus propinquus ad ortus , sed qui sol uernus fundo ab axis dies . illic planities diffundo aperio , neque tumulus cresco neque cauus ualles",Lower without christus/christianus
498,MQDQ-477,NA,0.1951381687092395,0.024015624246182855,-0.1711225444630567,0.1711225444630567,0.6818128595221609,0.1744892783503613,2,2,0,Aradius Rufinus,"princeps ingenium , fortuna munus princeps aetas , Rufina , tuus , qui prosperus quaeque admirandus tuus aequo gloria res , unus amor cunctus et praesidium trepidus , princeps qui uigeo tempus doceo aut calcaria fero bonus aut frenum tyrann",Lower without christus/christianus
141,IT-LAT0138,NA,0.18220015469647854,0.011496834742549627,-0.1707033199539289,0.1707033199539289,0.7044732437524563,0.1819377160892646,2,2,0,Pro Marcello,"pro Marcellus Diuturnus sileo , pater conscribo , qui sum hic tempus utor - non timor aliquis , sed pars dolor , pars uerecundia - finis hodiernus dies affero , idem que initium qui uolo quaeque sentio meus pristinus mos dico . tantus enim",Lower without christus/christianus
286,IT-LAT0228,NA,0.17553290246111675,0.0050070454684264555,-0.17052585699269027,0.17052585699269027,0.6879685385202063,0.17386282643437825,2,2,0,Apocolocyntosis Divi Claudii,"quis ago sum in caelum ante dies III idus Octobris annus nouus , initium saeculum felicus , uolo memoria trado . nihil neque offensa neque gratia do . hic ita uerus si quis unde scio , primus , si nolo , non respondeo . quis cogo sum ? ego",Lower without christus/christianus
419,MQDQ-410,NA,0.19188658489869787,0.021369704710312756,-0.1705168801883851,0.1705168801883851,0.6850887760667744,0.1760328259817263,2,2,0,Stichus,senex castigo filia quod eic uir tam perseuero peregrinor pauper ita sustineo frater neque relinquo contra que uerbum delenio commodum Habeo ut sino qui semel foro . uir reuenio ops auceo trans mare ; quisque retineo atque Stichus ludus do,Lower without christus/christianus
493,MQDQ-593,NA,0.1771324773959405,0.006645571561272767,-0.17048690583466775,0.17048690583466775,0.6905893525721091,0.17521218461835214,2,2,0,Mosella,"transeo celer nebulosus flumen nauus , addo miror uetus nouus moenia Uingus , aequo Latius ubi quondam Gallia canna infletus que iaceo inops super aruum caterua . unde iter ingredior nemorosus per auia solum et nullus humanus specto uestigi",Lower without christus/christianus
208,MQDQ-136,NA,0.17597072392107813,0.005594953004750295,-0.17037577091632786,0.17037577091632786,0.6852965815688921,0.17411542771287994,3,1,0,ars poetica,"humanus caput ceruix pictor equinus iungo si uolo et uarius induco plumo undique conlatus membrum , ut turpiter ater desino in piscis mulier formosus supernus , specto admido risus teneo , amicus ? credo , piso , eo tabula sum liber persimi",Lower without christus/christianus
370,MQDQ-150,NA,0.17528622480093586,0.005130192934826498,-0.1701560318661094,0.1701560318661094,0.6861013883917345,0.17329907649672321,2,2,0,saturae,"semper ego auditor tantum ? numquamnis repona uexo totiens raucus Theseideus cor ? impune ergo ego recito ille togatus , hic elegi ? impune dies ingens Telephus aut summus plenus iam margo liber scribo et in tergum necdus finio Orestes ? no",Lower without christus/christianus
5,IT-LAT1006,NA,0.1966930117377366,0.02673907221681547,-0.1699539395209211,0.1699539395209211,0.682739752733971,0.1761327030451525,2,2,0,Praecepta,"postremus dico , primus taceo . apud Latinus Marcius uates primus praeceptum compono , ex qui sum ille : postr . - tac . . ne ningulus medeor queo ... ningulus nullus . Marcius uates : ne - queo .",Lower without christus/christianus
291,MQDQ-155,NA,0.20272386723480756,0.032855549190736064,-0.1698683180440715,0.1698683180440715,0.6808887955871223,0.17604708156830284,2,2,0,carminis fragmentum,crudus manduco Priamus Priamus que pisinnus,Lower without christus/christianus
11,MQDQ-227,NA,0.19542620060365995,0.026001613219056564,-0.1694245873846034,0.1694245873846034,0.6848802597977198,0.17732601515819418,3,1,0,praetextarum fragmenta,"uitulo uita insepultus laetus in patria redux casca sponsus Rex Ueiens rex saluto uibo Albanus comitor senex sapio . contra redhostus ? Min salus ? cedo qui res uester publica tantus amitto tam cito ? prouenio orator nouei , stultus adulesc",Lower without christus/christianus
766,MQDQ-110,NA,0.2379457130715137,0.06852493644128951,-0.16942077663022417,0.16942077663022417,0.7235376262087039,0.19275245064109306,2,2,0,variae,"Gonlegius qui sum aciptus aetateus ago ( nitulum ) dies ( aio ) , opiparum ad ueitus quoluned festus que dies , quei souea ab [ ] utieus que Uolgani sai [ ] sumo comuiuium loidus que , ququei huc [ ] nperator summeus , Uteus sesed lubeo [ ]",Lower without christus/christianus
195,MQDQ-134,NA,0.17449198693286982,0.005384775030987292,-0.16910721190188252,0.16910721190188252,0.683881662912711,0.17323803372143834,2,2,0,epistulae 1,"primus dico ego , summus dicendus Camena , specto satis et dono iam rudis quaero , maecenas , iterum antiquo ego includo ludus ? non idem sum aetas , non mens . Ueianius arma Hercules ad postis figo lateo abdo ager , ne populus extremus tot",Lower without christus/christianus
173,MQDQ-520,NA,0.18123063694906338,0.012274766243417893,-0.1689558707056455,0.1689558707056455,0.689085141493501,0.17639963286673938,3,1,0,carminum fragmenta,"ecce uenio Danaus multus celebro propago namque sor Clytium , Lernius qui Naubolus ex sui , Lernus Naupliades proetus , sed Nauplion edo filia Amymo Europa Danaus que superbus . tu nunc Corycia tendo spiculum nympha hortor "" o Phoebus "" et",Lower without christus/christianus
610,IT-LAT0334,NA,0.17449448474750154,0.00557136370270098,-0.16892312104480056,0.16892312104480056,0.6831022243629714,0.17303240530365047,2,2,0,De metris Horatii,"Seruius dn . superfluus , amicus , sum puto et post Terentianus metrum digero , cum satis qui ego lectio poeta ; alius ago offero expono uideo . quare Horatius , cum in Campania , excipio , qui separatim meus per singulus cantus seruo uersu",Lower without christus/christianus
666,MQDQ-305,NA,0.18753570021350896,0.018826799966910442,-0.16870890024659851,0.16870890024659851,0.6755777509270035,0.17289765112787422,2,2,0,"ars, praefatio","ars meus multus sum , qui saeculum priscus fero : sed nouus tu breuitas assero sum meus . omnis cum uetus sum exploro libellus , multus loquor breuiter sum nouitas opus . tu relego iuuenis , qui garrulus pagina terreo , aut siquis paucus se",Lower without christus/christianus
565,IT-LAT0362,NA,0.1746609122020002,0.00605424219621258,-0.16860667000578763,0.16860667000578763,0.6823699517763975,0.17298272004937645,2,2,0,De schematibus,"praefatio schema lexis sum et dianoeo , is sum figura uerbum et sensus , sed schema dianoeo ad orator pertineo , ad grammaticus lexis . qui cum multus sum , ex omnis necessarius fere sum decem et septem , qui hic sum nomen : , zeugma , hy+p",Lower without christus/christianus
42,MQDQ-71,NA,0.1745922532484788,0.006162777224735372,-0.16842947602374342,0.16842947602374342,0.68246143628221,0.17320565628432694,2,2,0,fragmenta uaria,"quantus statua facio populus Romanus , quantus columna qui res tuus geso loquor . Scipio inuictus uel tu dictator uel equus eques que magister sum uel consul desino Roma tuus hostis nam tu munimentum meus pario labor testis sum Campus Magnu",Lower without christus/christianus
224,MQDQ-390,NA,0.2015162844501956,0.033090690768803964,-0.16842559368139162,0.16842559368139162,0.677990362598566,0.17662745112545272,3,1,0,epigramma,fleo amicus et bene notus mors meus : nam populus in ego uiuus lacrimo satis .,Lower without christus/christianus
117,IT-LAT0220,NA,0.17294785057668394,0.00457551666719422,-0.16837233390948972,0.16837233390948972,0.6776750981895235,0.1708696293522374,2,2,0,Pro Caelio,"pro Caelius si quis , iudex , forte nunc adsum ignarus lex , iudicium , consuetudo noster , miror prŏfectus , qui sum tantus atrocitas hice causa , quod dies festus ludus que publica , omnis forensis negotium intermitto unus hic iudicium ex",Lower without christus/christianus
640,MQDQ-121,NA,0.20551418250231307,0.03718352326654492,-0.16833065923576812,0.16833065923576812,0.6739795257751707,0.1745410585732235,2,2,0,carminis fragmentum,"si uere exuro ignis , cur uiuo unda ? si uere extinguo unda , cur uiuo ignis ? lympha in gremium inimicus condo ignis communis que ortus impero alo manus .",Lower without christus/christianus
423,IT-LAT0916,NA,0.17366192628633229,0.00535645268099609,-0.1683054736053362,0.1683054736053362,0.6787056720002564,0.17145177656175736,2,2,0,De verbis dubiis,"in singularis uerbum multus dubius habeo . is per ordo ; littera ; exequor . Avellanus nux et abellina . Acris et acer , quamuis dico plerusque acer femininus , acer masculinus : sic alacer et alacer . accerso ab accio ; accerso , non accer",Lower without christus/christianus
33,MQDQ-322,NA,0.174172401410058,0.006035387194273095,-0.1681370142157849,0.1681370142157849,0.6780211485113774,0.17228650290545378,3,1,0,Rudens,"qui gens omnis mare que et terra moueo , eiius sum ciuis ciuitas caelitus . ita sum ut uideo splendeo stella candidus , signum qui semper tempus exorior suus hic atque in caelum : nomen Arcturus sum ego . Noctu sum in caelum clarus atque in",Lower without christus/christianus
559,MQDQ-290,NA,0.17968808326859778,0.01167190778707984,-0.16801617548151795,0.16801617548151795,0.6876594223175483,0.1762179498442215,2,2,0,carmina (anth. Riese),"res idem assidue momentum uoluo unus Atque redeo dispar res idem assidue . uindex fungor manus Progna pius dico soror , impius sed no uindex fungor manus . carmen nisus suus colchus sum ulciscor maritus , sed scelero sum carmen nisus suus .",Lower without christus/christianus
670,MQDQ-413,NA,0.17951533867314934,0.011548516948781354,-0.167966821724368,0.167966821724368,0.6850560826460491,0.17571444763614372,2,2,0,in metra Terentiana,"agnosco metrum seruo que Terentius ars . nam prologus trimetro disco compono uersus scaena que actus primus pes claudo idem . Creticon Archilochus supra caput addo iambus . Ultimus amphhibrachys uelox claudo iambus , aut bacchius sum finis",Lower without christus/christianus
89,MQDQ-275,NA,0.19008353364333072,0.022295170556162335,-0.16778836308716838,0.16778836308716838,0.6754049494597703,0.17401818741042382,2,2,0,epigrammation apud Varronem,"ridiculus sum cum tu Casca tuus dico amica , filum Potonius , sesquisenex puer . dico rusus pusa : sic fio "" mutuus mulus "" , nam uere pusus tu , tuus amica senex .",Lower without christus/christianus
556,IT-LAT0337,NA,0.1723712172005523,0.00476437081066386,-0.16760684638988846,0.16760684638988846,0.672040107848131,0.170273368746507,3,1,0,De re coquinaria,"Condo paradoxum compositio : pondus XV in aeneus uas mitto , praemitto uinum sextarius duo , ut in coctura mellis uinum decoquo . quod ignis lento et aridus lignum calefacio , ferula dum coquo , si efferuo coepi , uinum ros compesco , praet",Lower without christus/christianus
522,IT-LAT0061,NA,0.238161575678544,0.070707703998546,-0.167453871679998,0.167453871679998,0.6561756466642229,0.17404270327905483,3,1,0,De dialectica,"dialecticus sum bene disputo scientia . disputo autem utique uerbum . uerbum igitur aut simplex sum aut coniunctum . simplex sum qui unus quidam significo ut cum dico ; homo equus disputo curro ; . nec miror , qui ; disputo ; , quamuis ex d",Lower without christus/christianus
16,IT-LAT0380,NA,0.18269830010484467,0.0154409095082329,-0.16725739059661177,0.16725739059661177,0.673292988027154,0.17239927580672826,2,2,0,Decretum Hastense,"Lucius Aimilius Lucius filius inpeirator decreeo , uteius queius Hastense serveis in Turris Lascutana habito leibereus sum ; ager oppidum que , qui is tempestas posediso , item possideo habeo que , dum populus senatus que Romanus uolo . act",Lower without christus/christianus
528,MQDQ-602,NA,0.1729282272365348,0.005685858028044325,-0.16724236920849048,0.16724236920849048,0.6767948283821227,0.17155945914953621,2,2,0,ludus septem sapientium,"[ Ausonius consul Drepanius proconsul sal . ] ) ignosco istic an cognosco reor , attento , Drepanus , perlego iudicium . aequanimus fio tu iudex , siue legendus siue tego puto carmen qui do . nam primus sum mereo tuus , pacate , fauor ; pro",Lower without christus/christianus
3,IT-LAT0262,NA,0.1760552160863645,0.008817901922299745,-0.1672373141640648,0.1672373141640648,0.6772642069147808,0.17267746131006179,2,2,0,Carmen Arvale,"enus Lasis iuvo enus Lasis iuvo enus Lasis iuvo neue luem ruo Maarmar sinas incurro in pleor neue luem ruo Maarmar sinas incurro in pleor neue luem ruo Maarmar sinas incurro in pleor satur fu , fere Mars , limen salis , sto hberber satur fu",Lower without christus/christianus
292,MQDQ-291,NA,0.19338101096555457,0.026315549968615674,-0.16706546099693886,0.16706546099693886,0.6829834193986074,0.17843542337828489,2,2,0,choliambi,"neque fons labrum proluo caballinus neque in biceps somnio Parnasus memini , ut repens sic poeta prodeo . Heliconiadas que pallidus que Pirene ille remitto qui imago lambo hedera sequax ; ipse semipaganus ad sacer uates carmen adfero noster",Lower without christus/christianus
355,MQDQ-206,NA,0.17242629717937843,0.005389861164693377,-0.16703643601468507,0.16703643601468507,0.6758609597098348,0.1712984580071977,2,2,0,epigrammata 12,"rete dum cesso latrator que Molossus et non inuenio silua quiesco aper , otium , priscus , breuis possum dono libellus . hora neque aestiuo sum neque tu totus pereo . ad populus mitto qui nuper ab urbs soleo , io io Roma nunc peregrinus lib",Lower without christus/christianus
366,IT-LAT0720,NA,0.19197106728013447,0.024977989654971444,-0.16699307762516302,0.16699307762516302,0.6630431061897394,0.17510023119998022,3,1,0,De poetis,"uITA tero pUBLIUS TERENTIUS afer , Carthago nascor , serveo Roma Terentius Lucanus senator , ab qui ob ingenium et forma non instituo modus liberaliter sed et mature manumitto sum . quidam capio sum existimo , quod facio nullus modus possum",Lower without christus/christianus
339,MQDQ-506,NA,0.19595092142092282,0.02901761587433934,-0.1669333055465835,0.1669333055465835,0.6698075392621249,0.17301524507070903,2,2,0,saturarum fragmenta,"ex qui Caesareas suboles Lucusta cado , horridus cura suus uerna notus Nero .",Lower without christus/christianus
458,MQDQ-377,NA,0.18646718701599227,0.01953582771168982,-0.16693135930430245,0.16693135930430245,0.6650708856471428,0.1697042351923776,2,2,0,distichorum appendix,"laetandum sum uita , nullus mors dolo ; cur etenim doleo ab qui dolor ipse recedo . qui scio opus sum tu , dimitto nolo ; oblo auxilium stultus sum dimitto quisquam . perdo semel , socius ingratum cum nouor sum ; saepe do , cum tu scio bene",Lower without christus/christianus
64,MQDQ-270,NA,0.1786482440273362,0.01171844322676666,-0.16692980080056952,0.16692980080056952,0.6823175742919622,0.17463340051237689,2,2,0,tragoediarum fragmenta,"Iuppiter ex Antiopa Nycteius natis duo locus horridus ineo . quadrupes tardigrada agrestis humilis asper , breuis caput , ceruix anguinus , aspectus trux , euiscero inanimus cum animal sonus . ita saeptuosus dictio ab tu do Quod coniectura",Lower without christus/christianus
403,IT-LAT0348,NA,0.1754556498685716,0.008683761111904307,-0.1667718887566673,0.1667718887566673,0.6727876415185131,0.17191790366764043,3,1,0,Constitutio limitum,"inter omnis mensura ritus siue actus eminentus trado limes constitutio . sum enim ille origo caelestis et perpetuus continuatio , cum quidam latitudo rectura diuido ratio tractabilis , forma pulcher habitus , ipse etiam ager speciosus desig",Lower without christus/christianus
568,IT-LAT0366,NA,0.17481323124431827,0.008229317767183235,-0.166583913477135,0.166583913477135,0.6790645901146378,0.17335279574714924,2,2,0,De ceteriis vitiis,"cum barbarismus et uitium duodecim numero hic modus : barbarismus , soloecismus , acyrologia , cacenphatos , pleonasmo , perissologium , macrologia , tautologia , eclipsis , tapinosus , cacosyntheto , amphibolis . Acyrologius sum inproprius",Lower without christus/christianus
347,IT-LAT0534_1,NA,0.17369103022891258,0.007190525634854455,-0.16650050459405813,0.16650050459405813,0.6642317958056203,0.1705788667609869,3,1,0,De origine et situ Germanorum,"dE origo situs germanus Germania omnis ab Galli Raetus que et Pannonius Rhenus et flumen , ab Sarmatus Dacus que mutuus metus aut mons separo : ceterus Oceanus ambio , latus sinus et insula inmensus spatium complector , nuper cognosco quida",Lower without christus/christianus
240,MQDQ-256,NA,0.1712912374775377,0.0049893051996668875,-0.16630193227787077,0.16630193227787077,0.671570903507522,0.16988793364285554,2,2,0,tristia 4,"siquis meus sum , ut sum , uitiosus libellus , excuso suus tempus , lector , habeo . exul sum , requies que ego , non fama peto sum , mens intentus suus ne sum usque malus . hic sum cur canto uincio quoque compes fossor , indocilis numerus",Lower without christus/christianus
68,MQDQ-13,NA,0.18188090772431023,0.015675076008874057,-0.16620583171543613,0.16620583171543613,0.6863109775339633,0.17735407121851082,2,2,0,comoediarum fragmenta,"quam senticosus uerbum pertorqueo . . dispertio ut pater pariter bonus . nescio , Numerus , ego omnis melior res calleo qui uolo . iste , ut tu res narro , bonus comsum cottidie . simul limen intro , ille extro ilico . . adsum , si hic abse",Lower without christus/christianus
331,MQDQ-200,NA,0.17528148821986378,0.009208384863584398,-0.16607310335627937,0.16607310335627937,0.6809956301189535,0.1748291258701627,2,2,0,epigrammata 6,"Sextus mitto hic tu libellus , in primus ego co Martialis : qui si tergeo auris diligo , audeo parum anxius tremo que Magnus Caesar in manus uenio . lusus sum sacer conubium fallo taeda , lusus et immeritus exseco mas . que tu prohibeo , Ca",Lower without christus/christianus
546,MQDQ-15,NA,0.17226436524631913,0.006204654294835245,-0.16605971095148386,0.16605971095148386,0.6684344638732335,0.16859144918677804,3,1,0,in Rufinum,"Phoebeus domo Python cum decido arcus membrum que Cirrhaeus fundo anhelo iugum , qui spira tego mons , haurio hiatus flumen , sanguineus tango astrum iuba iam liber Parnasus sum nexus que solutus coepio erigo surgo frons nemus concusdo que",Lower without christus/christianus
9,MQDQ-228,NA,0.17803276762777506,0.012023324095486598,-0.16600944353228844,0.16600944353228844,0.6733133289747297,0.17321872845361366,3,1,0,comoediarum fragmenta,"acontizomenos fabula sum primus probus . hic autem gnor dico geminus alter Falsus occido . Subluster noctu interficio ago , ne tu ego aduorsaris dico , hic unus dies de equus sinus sum . tux pax . Postea Currentei ego ille uendo , nisi tu u",Lower without christus/christianus
81,IT-LAT0377,NA,0.17209080731937282,0.006280721699050648,-0.16581008562032218,0.16581008562032218,0.6718342278963823,0.1705114424948343,2,2,0,De ratione dicendi ad C. Herennium,"etsi [ in ] negotium familiaris inpeditus uix satis otium studium suppedito possum et is ipse , qui do otium , libentior in philosophia consumo consuesco , tamis tuus nos , Gaius Herennius , uoluntas commoueo , ut de ratio dico conscribo ,",Lower without christus/christianus
233,MQDQ-250,NA,0.17092060175652768,0.00521259942818828,-0.1657080023283394,0.1657080023283394,0.6669763401621439,0.16882799917033375,3,1,0,epistulae heroides,"[ Lemnia Hypsipyle , Bacchus genus , Aeso no dico , et in uerbum pars quotus mens sum . ] litus Thessalia reduco tango carina dico auro uello diues ouum gratulor incolumis , quantum sino ; hic tamen ipse debeo scribo certus sum tuus . nam n",Lower without christus/christianus
35,MQDQ-325,NA,0.16910157349424831,0.0034281412774039527,-0.16567343221684433,0.16567343221684433,0.6650465300491317,0.16726772242635252,3,1,0,Truculentus,"perparuus pars postulo Plautus locus de uoster magnus atque amoenus moenia , Athenae qui sine architectus confero . quis nunc ? daturin sum an non ? Adnuont bonus ego quidem uos ego ablo sine mora ; quis si de uoster quippia oro ? abnuont .",Lower without christus/christianus
353,MQDQ-510,NA,0.1716666354291364,0.006071918654321265,-0.16559471677481513,0.16559471677481513,0.6659069089028825,0.1701684206875164,3,1,0,Argonautica,"primus deus magnus cano fretum peruius nascor fatidicus que ratis , Scythicus qui Phasis ora audeo sequor medius que inter iugum concito cursus rumpo flammifero tandem consido Olympus . Phoebus , moneo , si Cumaee ego conscius uates sto cas",Lower without christus/christianus
688,MQDQ-61,NA,0.232352765679236,0.06676089053272131,-0.16559187514651466,0.16559187514651466,0.6743662183364291,0.17544682138992723,3,1,0,Romulea,"orpheum uates renarro ut prior littera cantitasse dulcis carmen uox , neruus , pecten inter ornus , propter amnis ad que mons algidus , ( qui benignus grex sequor cum cruentus bestia audio melos stupeo concino pollex : tunc ferus relinquo i",Lower without christus/christianus
116,IT-LAT0135,NA,0.17892620127450096,0.013499970356909592,-0.1654262309175914,0.1654262309175914,0.6730708608046322,0.17151361365169004,2,2,0,Pro Balbo,"si auctoritas patronus in iudicium ualeo , ab amplissimus uir Cornelius causa defendo sum ; si usus , ab peritissimus ; si ingenium , ab eloquentissimus ; si studium , ab amicissimus et cum beneficium cum L. Cornelius tum maximus familiarit",Lower without christus/christianus
34,MQDQ-324,NA,0.17120490485542528,0.005975432674025875,-0.1652294721813994,0.1652294721813994,0.6690852332539988,0.16971755861256535,2,2,0,Trinummus,"sequor hic ego , gno , ut munus fungor tuos . sequor , sed finis sum qui dica nescio . adsum . ille sum aedes , i intro nuncia . nunc , ne quis erro uoster , paucus in uia deduco , si quidem opera do promitto . nunc igitur primus qui ego su",Lower without christus/christianus
625,MQDQ-514,NA,0.19178859556127567,0.02658075207687461,-0.16520784348440107,0.16520784348440107,0.6601710645643706,0.1697727703946606,2,2,0,"*ignoti uersus ap. Aug. mus. 5, 13, 27","hic tuus sum , bonus sum , quia tu bonus iste creo . nihil noster sum in is , nisi qui pecco amo ordo neglego pro tu , qui condo ab tu . uolo tandem tu parco , labor sum in charta , et aperio eo per aura animus permitto . placeo hic nam sap",Lower without christus/christianus
155,IT-LAT0097,NA,0.16832736947960064,0.00314444700254974,-0.16518292247705088,0.16518292247705088,0.6623411838028355,0.1663920835913322,2,2,0,Laelius de amicitia,"Q. Mucius augur multus narro de C. Laelius socer suus memoriter et iucunde soleo neque dubito ille in omnis sermo appello sapio ; ego autem ab pater ita sum deduco ad Scaeuola sumo uirilis toga , ut , quoad possum et licet , ab senus latus",Lower without christus/christianus
184,MQDQ-45,NA,0.18516725103017748,0.02018146317423442,-0.16498578785594303,0.16498578785594303,0.6660523594851138,0.17181577422113045,2,2,0,carminum fragmenta,"unus tellus diuido amnis duo . tristis nequitia ab Lycor tuus . Fata ego , Caesar , tum sum meus dulcia , cum tu maximus Romanus pars sum historia post que tuus redeo multus templum deus figo lego spolieus diuitus tueus . tandem facio carme",Lower without christus/christianus
574,MQDQ-10,non_christian,0.3064481009838182,0.1419505925084298,-0.16449750847538838,0.16449750847538838,0.6343467250997319,0.17510859149582508,3,1,0,e Graecis conuersa,"tertius lux peto Phthia praefertilis aruum . pectus pulso mens castigo acerbe : "" quin tolero , meus mens ? etenim grauior fero "" . primus quidem hic caligo , dehinc post terra creo sum , spirantum sedes firmissimus pectus uastus . corpus d",Lower without christus/christianus
716,MQDQ-611,NA,0.1997060710209212,0.035222856054404325,-0.16448321496651686,0.16448321496651686,0.6587400942492079,0.17062139508026633,2,2,0,epitaphium Hilarini,"quisque grauo lacrima Hilarinis flebilis marmor , fleo auia potior durus uiuax annus .",Lower without christus/christianus
583,MQDQ-28,NA,0.1820730346093456,0.01781147963463071,-0.16426155497471487,0.16426155497471487,0.6646205839927989,0.17120919723677613,2,2,0,epigramma,"in ripa lepus sum : nixus contendo arcus ocior et celer mitto sagitta manus . forte salio piscis , Prognus praeteruolo . haereo tres unus in telum : piscis , hirundo , lepus .",Lower without christus/christianus
341,IT-LAT0563,NA,0.17562046195982395,0.011452712988469976,-0.16416774897135397,0.16416774897135397,0.6682216590871825,0.17243815407963076,3,1,0,Silvae,"primus sTATIUS sTELLAE sALUTEM diu multus que dubito , stella iuuenis optimus et in studium noster eminenter , qui pars euoluo , an hic libellus , qui ego subito calor et quidam festino uoluptas fluo , cum singulus de sinus meus pro [ ] con",Lower without christus/christianus
217,IT-LAT0849,NA,0.17174624993735987,0.007844640809471408,-0.16390160912788848,0.16390160912788848,0.6604363400893583,0.16768995716845883,2,2,0,Historica fragmenta,"idem Curio sed et M. Actorius Naso auctor sum conspiro is etiam cum Gnaeus Piso adulescens , qui ob suspicio urbanus coniuratio prouincia Hispania ultro extra ordo datum sum , pactum que , ut simul foris ille , ipse Roma ad res nouus consur",Lower without christus/christianus
48,MQDQ-629,NA,0.16714675375520316,0.0034233073001629075,-0.16372344645504028,0.16372344645504028,0.6592885130281457,0.16632522422599794,2,2,0,comoediarum fragmenta,"de nox ad portus sum proueho prosumius . is pereo : quis ita numero uenio ? fugio domus . ora reperio nullus , qui expedio , queo . cum Mercurius capio consilium , postquam sentino satis . . actutus , uoltus , emo sum : noltus , non emo sum",Lower without christus/christianus
491,MQDQ-595,NA,0.16944135167166635,0.0058112016534124,-0.16363015001825393,0.16363015001825393,0.664630462542072,0.1690894954197474,2,2,0,cento nuptialis,"accipio hic animus laetus que aduerto mens , ambo animus , ambo insignis praesto arma , ambo floreo , genus insuperabilis bellum : tu que prior ( nam tu maior eo per alo auspicium manifestus fides ) , qui iustus alter neque pietas sum neque",Lower without christus/christianus
142,IT-LAT0139,NA,0.16695500247023712,0.003356695666821995,-0.16359830680341514,0.16359830680341514,0.657756615444336,0.16568441508571818,2,2,0,Pro Ligario,"pro Ligarium Nouus crimen , C. Caesar , et ante hic dies non audio propinquus meus ad tu Q. Tubero defero , Q. Ligarium in Africa sum , is que C. Pansa , praesto uir ingenium , fretus fortasse familiaritas is qui sum is tu cum , audeo sum c",Lower without christus/christianus
297,MQDQ-173,NA,0.1926351739587809,0.029248204355839687,-0.16338696960294125,0.16338696960294125,0.6563118866976767,0.16984544313327218,2,2,0,carminum fragmenta,Elius Siculus de fons exilio amnis,Lower without christus/christianus
181,MQDQ-539,NA,0.1684004459584474,0.005066217721992588,-0.16333422823645483,0.16333422823645483,0.6539303247736507,0.16586577871980895,3,1,0,georgicon,"quis facio laetus seges , qui sedo terra uerto , maecenas , ulmus que adiungo uitis conuenio , qui cura bos , qui cultus habendus sum pecus , apis quantus experientia parco , hinc cano incipio . uos , o clarissimus mundus lumen , labor cael",Lower without christus/christianus
146,IT-LAT0922_15,NA,0.16830305580665128,0.00522353039938414,-0.16307952540726714,0.16307952540726714,0.6549905886497519,0.16619489190934764,3,1,0,Tusculanae,"I cum defensio labor senatorius que munus aut omnino aut magnus ex pars sum aliquando libero , refero ego , Brutus , tu hortor magis ad is studium , qui retineo animus , remitto tempus , longus interuallum intermitto reuoco , et cum omnis a",Lower without christus/christianus
334,MQDQ-202,NA,0.16801950385876882,0.005177163108651352,-0.1628423407501175,0.1628423407501175,0.6598341890211422,0.16747916792741896,2,2,0,epigrammata 8,"lauriger dominus , liber , intro penates disco uerecundus sanctior os loquor . nudus recedo Uenus ; non sum tuus iste libellus : tu ego , tu Pallas Caesarianus , uenio . fastus genitor parens que Ianus uictor modo cum uideo , tot uultus sui",Lower without christus/christianus
176,MQDQ-132,NA,0.16629920018859,0.0036091941718991776,-0.16269000601669084,0.16269000601669084,0.6562581031218631,0.16584345971120604,2,2,0,saturae 1,"qui fio , maecenas , ut nemo , quam sui sors seu ratio do seu fors obieco , ille Contentus uiuo , laudo diuersus sequor ? "" o fortunatus mercator "" grauis annus miles aio , multo iam frango membrum labor ; contra mercator nauis iactans aust",Lower without christus/christianus
144,IT-LAT0922_6,NA,0.16688924073402692,0.0043586581447935925,-0.1625305825892333,0.1625305825892333,0.6535850787076741,0.1646663709315691,2,2,0,Orator,"utrum difficile aut magnus sum nego tu saepe idem rogo an efficio is qui rogo diu multus que , Brutus , dubito . nam et nego is qui unicus diligo quisque ego carus sum sentio , praesertim et iustus peto et praeclarus cupio , durus admodum e",Lower without christus/christianus
25,MQDQ-313,NA,0.17185365322720725,0.00932970148747235,-0.1625239517397349,0.1625239517397349,0.6435579371598332,0.16873853853312648,3,1,0,Curculio,"qui tu hic nox dica proficiscor foras cum istic ornatus cumque hic pompa , phaedrome ? Qui Uenu cupido que impero , suadeo que amor : si medius nox sum siue sum primus uespera , si status , condico cum hostis intercedo dies , tamen sum eo q",Lower without christus/christianus
536,LC-9,NA,0.16745193738848396,0.005281477247759653,-0.16217046014072434,0.16217046014072434,0.6531607248814258,0.1652591761085695,3,1,0,Panegyricus Probino et Olybrio Consulibus,"sol , qui flammiger mundus complector habena uoluo inexhaustus redeo saeculum motus , spargo dies melior coma crinis que repego blande effero surgo temo iugalis efflo roseum frenum spumo ignis . iam nouus germanus uestigium torqueo annus co",Lower without christus/christianus
349,LC-19,NA,0.16734084725554013,0.00526024726867084,-0.16208059998686927,0.16208059998686927,0.651624508240832,0.16413606830051203,2,2,0,Ad Caesarem Senem de Re Publica Epistula,"scio ego quam difficilis atque asperum facio sum consilium do rex aut imperator , postremus quoiquam mortalis , qui ops in excelsus sum ; quippe cum et ille consultum copia adsum neque de sum quisquam satis callidus satis que prudens sum .",Lower without christus/christianus
123,MQDQ-6,NA,0.17204835639296429,0.01032533697324912,-0.16172301941971517,0.16172301941971517,0.6570895449095971,0.16769873574885147,3,1,0,carmina,"qui donum lepidus nouus libellus aridus modo pumex expoliueo ? Cornelius , tu : namque tu soleo Meo sum aliquis puto nugae , iam tum , cum audeo sum unus italus omnis aeuum tres explico carta , doceo , Iuppiter , et laboriosus . quare habeo",Lower without christus/christianus
581,MQDQ-25,NA,0.16584241625216706,0.004131021084309957,-0.1617113951678571,0.1617113951678571,0.6512599420556048,0.1643229900269106,2,2,0,panegyricus dictus Honorio sextum consuli,"omnis , qui sensus uoluo uoueo diurnus , pectus sopio reddo amica quies . uenator defessus torus cum membrum repono , mens tamen ad silua et suus lustrum redeo . iudex les , auriga somnium currus uanus que nocturnus meta cauo equus . furtum",Lower without christus/christianus
305,MQDQ-426,NA,0.16578154907604906,0.004097746047558455,-0.1616838030284906,0.1616838030284906,0.6511687596702325,0.16430499097359097,2,2,0,Troades,"documentum fors maior , quam fragilis locus sto superbus . et qui reno primus excipio dies tepidus rubeo Tigrin inmisceo fretum , et qui uagus uicina prospicio Scytha ripa caterua ponticus uidua ferio , excido ferrum sum ; Pergamum incubo s",Lower without christus/christianus
167,IT-LAT0241,NA,0.16570549861822714,0.004105493037915485,-0.16160000558031168,0.16160000558031168,0.6519346000950598,0.16477170863418356,2,2,0,De bello Africo,"Caesar iter iustus conficio nullus dies intermitto ab . dies . XIIII Kalendae . Ian . Lilybaeum peruenio statim que ostendo sui nauis uolo conscendo , cum non ample legio tiro habeo unus , eques uix DC . tabernaculum secundum litus ipse con",Lower without christus/christianus
270,IT-LAT0382,NA,0.16916201397608346,0.007569188697552685,-0.16159282527853075,0.16159282527853075,0.6544795310254559,0.1664951674492142,3,1,0,De medicina,"ut alimentum sanus corpus agricultura , sic sanitas aeger medicina promitto . hic nusquam quidem non sum , siquidem etiam inperitus gens herba alius que promtum in auxilium uulnus morbus que nosco . uerum tamen apud Graeci aliquanto magis q",Lower without christus/christianus
267,IT-LAT0883,NA,0.17089494064528965,0.009696493649217397,-0.16119844699607222,0.16119844699607222,0.6510190213821012,0.16675695357912002,3,1,0,Factorum et dictorum memorabilium libri novem,"I praef . Roma exter que gens facio simul atque dico memoro dignus apud alius late diffundo sum quam ut breuiter cognosco possum , ab inlustris eligo auctor digero ( sic , coddo . deligo ) constituo , ut documentum sumo uolo longus inquisit",Lower without christus/christianus
478,LC-11,non_christian,0.17534835663930248,0.014150820458157593,-0.1611975361811449,0.1611975361811449,0.638980750869112,0.1702020707250129,3,1,0,Matheseos libri VIII,"olim tu hic libellus , Mavortius decus noster , ego sum promitto , uerus diu ego inconstantia uerecundia retardo et ab iste scribo studium dubius trepidatio reuoco , cum fragilitas ingenium meus nihil sui scio talis possum concipio , qui di",Lower without christus/christianus
304,MQDQ-427,NA,0.16549379600373035,0.00449493992868505,-0.16099885607504533,0.16099885607504533,0.6480108645929349,0.16341099038838747,2,2,0,Phoenissae,"Caecus parens regimen et fedior unicus pater leuamen , nascor , quam tantus sum ego gigno uel sic , desero infaustus pater . in rego quis deflecto erro gradus ? permitto labor ; melior inuenio uia , qui quaero , solus , qui ego ab hic uita",Lower without christus/christianus
293,MQDQ-292,NA,0.22074874358403598,0.05976599025976233,-0.16098275332427364,0.16098275332427364,0.7643972913960716,0.22162030654072748,2,2,0,saturae,"o cura homo ! o quantum sum in res inanis ! "" quis lego hic ? "" min tu iste aio ? nemo hercle . "" nemo ? "" uel duo uel nemo . "" turpis et miserabilis ! "" quare ? ne ego Polydama et Troiades Labeo ? nugae ! non , si quis turbidus Roma eleuo",Lower without christus/christianus
320,MQDQ-620,NA,0.17640910925536918,0.015518016442928734,-0.16089109281244046,0.16089109281244046,0.6506502319038199,0.16732071693774336,2,2,0,uersus metrici,"huc adsum Bassareuus bicornis , Maenalia bimater , crinis nitidus apto luteus corymbus hedera tu , corona hasta uiridis armo . placidus adsum ad ara , Bacchus Bacchus Bacchus .",Lower without christus/christianus
310,MQDQ-435,NA,0.18205476242637547,0.02209415601255817,-0.15996060641381732,0.15996060641381732,0.6651463246588469,0.1756206104243563,2,2,0,carminum fragmenta,"duco o parens celsus que dominator polus quicumque placeo : nullus paro mora sum . adus impiger ; facio nolo : comitor gemo malus que patior facio qui liceo bonus : duco uolo fatum , nolo traho . piger ipse sui obsto . sine ego uoco pes , u",Lower without christus/christianus
340,IT-LAT0332,NA,0.16485310761596056,0.005266214338125558,-0.15958689327783504,0.15958689327783504,0.6433601352865695,0.16249758853241508,2,2,0,Institutio oratoria,"M. QUINTILIANUSs TRYPHONI SALUTEM . efflagito cotidianus conuicium ut liber qui ad Marcellus meus de institutio oratorius scribo iam emitto incipio . nam ipse is nondum opinor satis maturesco , qui compono , ut scio , paulus plus quam bienn",Lower without christus/christianus
426,MQDQ-138,non_christian,0.17207540770594076,0.012490996892352455,-0.15958441081358832,0.15958441081358832,0.6425147221968631,0.1652931515809216,3,1,0,Medea tragoedia,"nunc sol testis et hic ego Terra precor et Dira ultrix et tu , Saturnia Iuno ! ad tu confugio ; nam tu do ius loquor conubium . si quis pietas antiquus labor respicio humanus , noster succurro labor , alma Uenus ! quicumque oculus hic aspic",Lower without christus/christianus
484,MQDQ-570,NA,0.16671164253761467,0.007182533457171479,-0.1595291090804432,0.1595291090804432,0.6506799617207643,0.16621528594690427,2,2,0,carmen ad Flauianum,"qui uenio Ausoniae auster dux poenus ad ora , si iam forte tuus libycus ro mitto agellus punicus malum tu Tyrrhenum uecto per aequor , quaeso aliquis noster gustatus inde relaxo . sic tuus cunctus ratus plenus seco aequor uelis , spumo cum",Lower without christus/christianus
361,MQDQ-330,NA,0.16982661296627669,0.010305254277067705,-0.15952135868920897,0.15952135868920897,0.6502157600962133,0.16680370244773496,2,2,0,carmina epistulis inserta,"cum liber Galli lego , qui ille parens audeo de Cicero do sum palma que decus que , lasciuus inuenio ludo Cicero et ille spector ingenium , qui seria condo et qui humanus sal multus uarius que lepor magnus ostendo mens gaudeo uir . nam quer",Lower without christus/christianus
311,IT-LAT0230,non_christian,0.1647034929506661,0.005284571097088688,-0.15941892185357742,0.15941892185357742,0.6361298623475966,0.16168935788557054,3,1,0,Epistulae morales ad Lucilium,"ita facio , meus Lucilius : uindico tu tu , et tempus qui adhuc aut aufero aut subripio aut excido colligo et seruo . persuadeo tu hic sic sum ut scribo : quidam tempus eripio nos , quidam subduco , quidam effluo . turpissimus tamen sum iac",Lower without christus/christianus
554,MQDQ-22,non_christian,0.16578978648151468,0.00640784604641315,-0.1593819404351015,0.1593819404351015,0.6361046390064855,0.16359632051254736,3,1,0,in Eutropium,semifer partus metuo que pignus mater moenia et medius audio nox lupus murmur et attono pecus pastor loquor et lapis durus hiemis nimbus que minax sanguineus rubesco Iuppiter puteus que cruor muto uisus que polus concurro luna et geminus so,Lower without christus/christianus
133,IT-LAT0384,non_christian,0.20486235282100435,0.04577398223400554,-0.15908837058699882,0.15908837058699882,0.6322452942663825,0.16366692223732568,2,2,0,L. Aurelii Hermiae elogium sepulcrale,"hic , qui ego fao praecedo , corpus castus coniunxs unus meus praeditus amo animus fido fidus uir veixsum , studium parilis qum nullus in auarities cedo ab officium . uiuus Philematius sum Aurelia nominito castus pudens , uolgei nescius , f",Lower without christus/christianus
73,MQDQ-339,NA,0.1742267220134715,0.015226644866090929,-0.15900007714738057,0.15900007714738057,0.6662474217138339,0.1745280478765017,2,2,0,Atellanarum fragmenta,". quod ille dico , cum datatim in lectus tu cum ludo qui postquam tu appareo atque aeditumor in templum tuus , nec mortalis neque mortalis ullus in terra . ne quis miror , cum tam clare , ut , si quis dormito , expergiscio . aleo non ludo s",Lower without christus/christianus
399,MQDQ-345,NA,0.16536984690235002,0.006423581163451993,-0.15894626573889803,0.15894626573889803,0.6440784616018421,0.16349737922898838,2,2,0,carmina Priapea,"carmen incomptus lusus lego procax , conuenio Latium pono supercilium . non soror hic habito Phoebus , non Vesta sacellum , nec qui de patrius uertex nascor dea sum , sed ruber hortus custos , membrosus aequus , qui tectum nullus uestis ing",Lower without christus/christianus
37,IT-LAT0181,NA,0.16363774840560702,0.004758663399204023,-0.15887908500640296,0.15887908500640296,0.6404500012610692,0.1621802473477472,3,1,0,Poenulus,"puer septuennus surripio Carthago . o sor mulier adopto hic senex ex t facio heres . deinde is cogno duo Nus utrix que is rapno . mercor Lycus , V exo que amo . at ille cum aurum uilicus Lucius eno obtrudo , itaque is furtum alligo . V enio",Lower without christus/christianus
91,MQDQ-442,NA,0.18376825133953484,0.02491384133859423,-0.15885441000094064,0.15885441000094064,0.6386631810684769,0.165033173525172,2,2,0,saturae fragmentum,seuius Nicanor Marcus libertus nego . Seuus post hic idem atque Marcus doceo .,Lower without christus/christianus
80,MQDQ-511,non_christian,0.22946275517723905,0.07068068363048388,-0.15878207154675517,0.15878207154675517,0.6315320808126133,0.164238364544778,2,2,0,carminum fragmenta,"Iuppiter omnipotens rex res que deus que progenitor genetrix que , deus deus , unus et omnis",Lower without christus/christianus
243,MQDQ-259,NA,0.16408854319106891,0.005367568037069262,-0.15872097515399963,0.15872097515399963,0.6402420223446519,0.1624969586059667,3,1,0,ex Ponto 2,"huc quoque Caesareus peruenio fama triumphus , languida qui fedior uix uenio aura notus . Nil sum dulcis ego scythicus regio puto : iam minus hic odium sum , qui sum ante , locus . tandem aliquis pulsa cura nubes serenus uideo , fortuna uer",Lower without christus/christianus
483,MQDQ-569,non_christian,0.16423337867936516,0.0056206717437474974,-0.15861270693561766,0.15861270693561766,0.638040985057808,0.16086451316480596,3,1,0,Aratea,"carmen incentor ego Iuppiter : auspex terra linquo Iuppiter , excelsus resero dux Iuppiter aethra , io in astrum Iuppiter monitus , Iuppiter omen caelum et Iuppiter imperium mortalis aether po . hic statio , hic sedes primus pater . iste pa",Lower without christus/christianus
675,MQDQ-441,non_christian,0.18110383204114736,0.022520507849088642,-0.15858332419205873,0.15858332419205873,0.6305475459577009,0.1613005956384842,2,2,0,"de ultimis syllabis, praefatio","accipio noster tuus audacius edo iussus , caelestinus possum , et mens insero dico . qui cumulo ego semper fortuna fauor haud inuitus do sui , comito benignus qui supeor uolo uir ego condo fama . audeo enim incipio , quoniam tuus iussus fat",Lower without christus/christianus
137,MQDQ-633,non_christian,0.18977979586486754,0.03125623480325476,-0.15852356106161275,0.15852356106161275,0.6323599486905412,0.16315795243016673,2,2,0,carminum fragmenta,"ab uirgo infelix , herba pascero amarus ! Magnus , qui metuo homo , digitus caput unus scalpo : quis credo hic sui uolo ?",Lower without christus/christianus
250,MQDQ-58,NA,0.17984641470850454,0.021350494407757784,-0.15849592030074677,0.15849592030074677,0.638331179106471,0.16467468382497813,2,2,0,carminis fragmentum,"neu tu parce pilus uiuax condo ceruum , uncia donec sum geminus super addo libra .",Lower without christus/christianus
691,MQDQ-83,non_christian,0.2153852525141226,0.05713120769926157,-0.15825404481486102,0.15825404481486102,0.6336000880610599,0.1654816828523499,2,2,0,"Castitas, opusc. 6","Nihil moror affligo constanter prodo uultus , dum ego praeniteo co monumentum decor . pinguis nam tenuis suffoco corpus sentio , et male fartus suus conculco uiscus mens . at ego crux cuspis , crux scutum crux que : hic tego , hic feria , h",Lower without christus/christianus
70,MQDQ-342,NA,0.21544691548903255,0.0572602240545082,-0.15818669143452432,0.15818669143452432,0.7135268666879525,0.19910698478216574,2,2,0,epigrammata,"Poenicus bellum secundus Musa pinnatus gradus infero sui bellicosus in Romulus gens ferus . dum lasciuio nobilis et laus fucosus peto , dum Africanus uox diuinus inhio auidus auris , dum ad Philus sui cenito et Laelius pulcher puto , dum [",Lower without christus/christianus
684,MQDQ-277,non_christian,0.1912225541635178,0.03311908038156295,-0.15810347378195488,0.15810347378195488,0.6310480388174584,0.1676165712468386,3,1,0,carminum fragmenta,"tempus qui medius perago suus sidus cursus , nox et obscurus denso cunctus tenebra , cum refugio somnus fallax que recedo imago tu que totus noster tenax memoria reddo sensus , intueor cor que amplexus teneo et fruor mutuus taceo sic os loq",Lower without christus/christianus
422,IT-LAT0934,non_christian,0.16730319590071863,0.009271390772223085,-0.15803180512849552,0.15803180512849552,0.6392185773910614,0.16277912523228394,3,1,0,Declamationes maiores,"declamatio I [ quidam , qui sum filius caecus , qui heres instituo , induco ille nouerca iuuenis que in secerno domus pars sepono . is noctu , dum in cubiculum cum uxor iaceo , occido sum inuenio que posterus dies habeo gladius filius in uu",Lower without christus/christianus
179,MQDQ-133,non_christian,0.16110556703777298,0.00308831970277094,-0.15801724733500205,0.15801724733500205,0.6316436105367815,0.1595211384901688,3,1,0,saturae 2,""" sum qui in satura uideo nimis acer et ultra lex tendo opus ; sine neruus alter quidquid compono pars sum puto similis que meus mille dies uersus deduco possum . Trebatus , quis facio ? praescribo . "" "" quiesco . "" "" ne facio , inquam , om",Lower without christus/christianus
653,IT-LAT0919,non_christian,0.16283045546070968,0.004857362548310812,-0.15797309291239886,0.15797309291239886,0.6356763866995235,0.1609961475688435,3,1,0,Opus agriculturae,"Liber I . pars sum primus prudentia ipse , qui praecipio sum , aestimo persona . neque enim formo agricola debeo ars et eloquentia rhetor aemulor , qui ab plerusque facio sum : qui dum disertus loquor rusticus , adsequor sum , ut is doctrin",Lower without christus/christianus
524,IT-LAT0574_5,NA,0.1601980670670349,0.002312067074650082,-0.1578859999923848,0.1578859999923848,0.6334055481249734,0.1592211882370672,2,2,0,Ordo urbium nobilium,"ordo urbs nobilis primus urbs inter , diuus domus , aureus Roma . Constantinopolis adsurgo Carthago prior , non totus cedo gradus , quia tertius dico fastidio , non audeo locus spero secundum , qui sum ambo . uetus hic opulentia praefero ,",Lower without christus/christianus
369,IT-LAT0054,non_christian,0.16169584775034712,0.003821830641917172,-0.15787401710842994,0.15787401710842994,0.6333481428471712,0.1596322640148536,3,1,1,Vitae Caesarum,"UITA dIVIde iVLI annus ago sextus decimus pater amitto ; sequor que consul flamen Dialis destino dimitto Cossutia , qui familia equester sed admodum diues praetextatus desponso sum , Cornelia Cinna quater consul filia duco uxor , ex qui ill",Lower without christus/christianus
324,MQDQ-208,NA,0.179973617857349,0.02213858777413708,-0.15783503008321192,0.15783503008321192,0.6659590764830082,0.1755489223252575,2,2,0,epigrammata 14,"synthesis dum gaudeo eques dominus que senator dum que decet noster pillea sumo Iuppiter ; neque timeo aedilis moueo specto fritillus , cum uideo gelidus tam prope uerna lacus : diues alterno et pauper accipio sors : praemium conuiua do suu",Lower without christus/christianus
499,MQDQ-479,non_christian,0.18902153694653745,0.031210842147906516,-0.1578106947986309,0.1578106947986309,0.6288385782796437,0.1621656243783418,2,2,0,Anicius Iulianus,"qui ops aut nobilitas aut tantus potestas , cedo qui non praeluxeo Amnius unus ? acer ab ingenium cunctus que adcommodus idem hic et carus sum , confero iuuo paratus ; nam diues , tum celsus honor , et tamen ille grandus aeterno compleo nom",Lower without christus/christianus
503,IT-LAT0574_1,non_christian,0.16860612875968045,0.01083308012750823,-0.15777304863217223,0.15777304863217223,0.6320171201064088,0.16058710903810566,2,2,0,Epicedion in patrem,"ePICEDION in Post deus semper pater colo secundus que reuerentia genitor meus debeo . sequor ergo hic summus deus ueneratio epicedion pater meus . titulus ab Graeci auctor , defunctus honor dico , non ambitiosus , sed religiosus . Qui comme",Lower without christus/christianus
639,MQDQ-220,non_christian,0.16964207006818424,0.011877673752843751,-0.1577643963153405,0.1577643963153405,0.6277281214210223,0.1631736637893642,3,1,0,panegyricus poeticus,Danuuius cum pax redeo Tanain que furor exio et niger candeo aether terra Martha suus careo iubeo ; do otium ferrum Caucasus et saeuio condemno proelium rex . addo hibernus famulor foedus Rhenus orbis et Hesperia flecto contentus habena gau,Lower without christus/christianus
221,MQDQ-231,non_christian,0.19848525042912635,0.04080399608220105,-0.15768125434692531,0.15768125434692531,0.6306582559391913,0.16387056842943454,2,2,0,Cypriae Iliadis fragmenta,penetro penitus thalamus que potior,Lower without christus/christianus
469,MQDQ-158,non_christian,0.1914116065056261,0.03381400947782863,-0.1575975970277975,0.1575975970277975,0.6315242120657526,0.16377636055202885,2,2,0,e Graecis conuersa,"qui hic malum puto , hic sum in caelum bonus .",Lower without christus/christianus
611,IT-LAT0336,non_christian,0.1604058525467666,0.00281653996294709,-0.1575893125838195,0.1575893125838195,0.6315747441305025,0.1586024736483971,2,2,0,Explanatio in artem Donati,"ars dico sum uel apo , is sum ab uirtus , qui Graeci unus quisque res scientia uoco ; uel certe ideo ars dico , quod ars praeceptum cunctus concludo , is sum angustus et breuis . Plerusque ars scribo ab littera tractatus inchoo , plerusque",Lower without christus/christianus
187,IT-LAT0393,NA,0.1653845918212616,0.007930311472239614,-0.157454280349022,0.157454280349022,0.6434472203628763,0.16467374399938148,2,2,0,Fragmenta varia,"Homerus . . . ante Roma condio . . . annus circiter centum et sexaginta . M. Manlius , conuinco sum consilium de regnum occupandus ineo , uero neco sum . ab uirgo Uestale ego iuuene uiolaceus purpura uigeo , qui libra denarius centum ueneo",Lower without christus/christianus
132,MQDQ-64,NA,0.18281444342994851,0.02536298507112405,-0.1574514583588245,0.1574514583588245,0.634253774811003,0.16423728163073903,2,2,0,de rerum natura fragmenta,roscidus noctiuagus astrum labor Phoebus locus cedo concedo lux altus,Lower without christus/christianus
392,IT-LAT0360,non_christian,0.16158101986887996,0.004150618422394405,-0.15743040144648557,0.15743040144648557,0.6308274737158842,0.1596330854962188,3,1,0,Noctes Atticae,". . iucundior alius reperio queo , ad hic ut liber quoque meus parno remissio sum , quando animus is interstitio aliquis negotium datum laxo indulgeo que possum . usi autem sum ordo res fortuitus , qui antea in excerpo facio . nam proinde u",Lower without christus/christianus
686,MQDQ-62,non_christian,0.19051708330116848,0.03310472606340366,-0.15741235723776484,0.15741235723776484,0.6307294684244038,0.16350463473007687,2,2,0,"Romulea, fragmentum","sericus in uentus gemmo lumen serpens tendo , et rutilo uibro per nubilum crista .",Lower without christus/christianus
497,MQDQ-476,NA,0.17735342100381365,0.019980106982277313,-0.15737331402153637,0.15737331402153637,0.6492707475774545,0.16948942711013407,3,1,0,carmina epistulis inserta,"Atticus palla tego socer , toga pingo parens : praesum iste sacer , hic dico ius quiris : at ego castrensis quod mordeo fibula uestis , aurorae in populus rex praetorium rego . sed fascis pictura taceo : tu respicio fastus . huc deus Alcide",Lower without christus/christianus
51,MQDQ-486,NA,0.16133672395270532,0.0040069815376874394,-0.15732974241501788,0.15732974241501788,0.6355327838129988,0.1608410636584469,2,2,0,Eunuchus,"si quisquamsts qui placeo sui studeo bonus quam plurimus et parum multus laedo , in hic poeta hic nomen profiteor suos . tum siquis sum qui dico in sui inclementior existumo sum , sic existumo responsum , non dico sum , quia laedo prior . q",Lower without christus/christianus
85,MQDQ-494,non_christian,0.1905596908212672,0.033238752303538066,-0.15732093851772916,0.15732093851772916,0.6305148677328865,0.16349970204196052,2,2,0,carminis fragmentum,praeterea fusus resoluo crinis capillus,Lower without christus/christianus
457,MQDQ-233,non_christian,0.16288699573921864,0.005595931479770203,-0.15729106425944844,0.15729106425944844,0.6284239011861711,0.1614720417957504,3,1,0,cynegetica,"uenor canus mille uia ; hilas que labor discursus que cieo , securis proelium rus , pando . Aonius iam nunc ego pectus ab oester aestuo : ingens Helicon iubeo eo per ager , Castalius qui ego nouus poculum fons alumnus ingero et late campus",Lower without christus/christianus
525,MQDQ-591,non_christian,0.16025727321872893,0.0029668628466395725,-0.15729041037208938,0.15729041037208938,0.6307044896321997,0.15846624861097583,2,2,0,eclogae,"Nomen , qui septem uerto apto dies annus habeo , totidem erro facio planeta , qui indefimo uoluo uertigo mundus signum obliquo iubeo in statio uagor . primum superior que dies radio habeo sol . proximus fraternus succedo luna corona . terti",Lower without christus/christianus
38,MQDQ-74,non_christian,0.18749169190986636,0.030247162044708027,-0.15724452986515836,0.15724452986515836,0.6299431640248423,0.16299539095090917,2,2,0,comoediarum fragmenta,hic sum animus propitiabilis . quis sum qui noster foris tam proteruiter ? cum desubito ego oro mulier lacrimo que ad genu accido . qui nunc ego duco ? ubi mola strepitus audio magnus .,Lower without christus/christianus
242,MQDQ-258,non_christian,0.1632199209979668,0.00599206831026731,-0.1572278526876995,0.1572278526876995,0.6312157417992178,0.16031225119661274,3,1,0,ex Ponto 1,"Naso Tomitana iam non nouus incola terra hic tu de Geticus litus mitto opus . si uaco , hospitium peregrinus , Brutus , libellus excipio , dum que aliquis , quilibet abdo modo . publicus non audeo intra monimentum uenio , ne suus hic ille c",Lower without christus/christianus
260,MQDQ-264,non_christian,0.1935502303046026,0.036332711159325876,-0.15721751914527674,0.15721751914527674,0.6311008730333135,0.16404273218995216,2,2,0,phaenomenon fragmenta,"Plias ante genus septem radio fero , sed tamen appareo sub opacus septimus nubes . tot numerus talis que deus simulacrum figura impono caelum per que ater spargo tenebra clarus pruinosa iubeo do lumen nox . cur ego non dica , Furius , tu fu",Lower without christus/christianus
213,MQDQ-37,non_christian,0.18976885820726408,0.03255975840330204,-0.15720909980396205,0.15720909980396205,0.6302086846749634,0.1633878633281934,2,2,0,togatae fragmentum,quisnam iste torqueo facies planipes senus ?,Lower without christus/christianus
444,IT-LAT0201,non_christian,0.1636880398109042,0.006489343454733667,-0.15719869635617054,0.15719869635617054,0.6323540975111749,0.16103492689454763,3,1,0,Epitome Historiarum Philippicarum Pompei Trogi,"praef . cum multus ex Romanus etiam consularis dignitas uir res romanus Graeci peregrinus que sermo in historia confero , siue aemulatio gloria siue uarietas et nouitas opus delecto uir priscus eloquentia , Trogus Pompeius , Graecus et totu",Lower without christus/christianus
502,MQDQ-481,non_christian,0.18151889774635918,0.024324743794397453,-0.1571941539519617,0.1571941539519617,0.6293487107768769,0.16209666476570134,2,2,0,Verinus,"uirtus , Uerina , tuus plus miror in arma , eoos dux Armenius cum caedes domo , an magis eloquium , mos uita que lepor et nisi in officium , quotiens tu publicus cura quod uita innocuus teneo laetus in ager ? nullus ultra sum uirtus opus ,",Lower without christus/christianus
479,MQDQ-166,non_christian,0.18921789237506267,0.0320276403501942,-0.15719025202486847,0.15719025202486847,0.628964022832266,0.16281748651982653,2,2,0,epigramma,"Saturnus aureus saeclum quis requiro ? sum hic gemmeus , sed Neroniana .",Lower without christus/christianus
226,MQDQ-265,non_christian,0.19899709285744216,0.041839348831857893,-0.15715774402558425,0.15715774402558425,0.632129641841247,0.1649590394256853,2,2,0,"Medea, fragmentum","possum : perdo an possum , rogo ? fero huc illic , uus , plenus deus .",Lower without christus/christianus
315,LC-10,non_christian,0.17291198503674365,0.01575721974106943,-0.15715476529567424,0.15715476529567424,0.6309738125783372,0.16641919379783932,3,1,0,Einsiedeln Eclogues,"tu , formose Mida , iam dudum noster requiro iurgium ' ' : da uacuus puer certo auris . haud moror ; et co nemus secerno uoluptas inuito calamus : impono lusus ars . praemium si cesso , ars fiducia muto sum . sed noster duro fides duo pignu",Lower without christus/christianus
58,MQDQ-503,non_christian,0.17205637018136621,0.014920891423905961,-0.15713547875746023,0.15713547875746023,0.6273814361780886,0.16000363490159916,2,2,0,palliatarum fragmenta,"lena delenio argentum nutus obseruo meus , quis uolo , quis studeo . aduenio digitus inpella ianua : pateo . de improuisus Chrysa ubi ego aspexeo , obuius ego uenio complexus exopto meus , ego sui dedo : fortuna ipse anteeo fortuna meus . e",Lower without christus/christianus
283,MQDQ-341,non_christian,0.19740432384948914,0.04029230322645545,-0.15711202062303367,0.15711202062303367,0.6283455410275783,0.16325852503656138,2,2,0,praetextae fragmentum,ex humilis rex .,Lower without christus/christianus
696,MQDQ-85,non_christian,0.19125398461169899,0.03418670250888202,-0.15706728210281698,0.15706728210281698,0.6318926021804518,0.16431483321486398,2,2,0,"Grammatica, opusc. 6","mens do sapor , dum polio fabula . iudico teneo aequum , si quis erro paruulus . abstineo manus pudor auris et os uerbero . quisquis ars habeo paueo , ars loquor tempero , cum pusillus et ioco inter ipse dogma . nam iubeo rigor magister , n",Lower without christus/christianus
149,IT-LAT0255,non_christian,0.1607135766837763,0.00365045415090808,-0.15706312253286825,0.15706312253286825,0.632617078390965,0.15964983082957962,2,2,0,De finibus bonorum et malorum,"primus non sum nescius , Brutus , cum , qui summus ingenium exquiro que doctrina philosophus Graeci sermo tracto , is Latina littera mando , sum ut hic noster labor in reprehensio incurro . nam quidam , et is quidem non admodum indoctus , t",Lower without christus/christianus
69,MQDQ-139,non_christian,0.19600372362477086,0.03894533101239559,-0.15705839261237525,0.15705839261237525,0.6311297457726015,0.16442554142097762,2,2,0,belli Histrici fragmenta,"dius Minerua simul , . . per gens alte aetherius atque i ; uiolo templum antiquus deus .",Lower without christus/christianus
163,MQDQ-47,non_christian,0.19559137439654659,0.0385419931686073,-0.15704938122793927,0.15704938122793927,0.6284357446197693,0.16322814475217062,2,2,0,carminum fragmenta,"ut folium , qui frux arboreus tegmen gigno",Lower without christus/christianus
131,MQDQ-153,non_christian,0.18248950473355402,0.025440389840462672,-0.15704911489309134,0.15704911489309134,0.6292727779902065,0.1623296280850559,2,2,0,comoediarum fragmenta,"qui possum , sileo celo occulo tego taceo musso mane . gaudium suus si omnis homo confero unus in locus , tamen meus exsupero laetitia . pallium non facio floccus ut splendeo . caput is testatim diffringo . ita . in res neq .",Lower without christus/christianus
139,IT-LAT0254,non_christian,0.1598881915402851,0.00287227327037634,-0.15701591826990877,0.15701591826990877,0.6302903912249693,0.15853369150954122,2,2,0,Paradoxa Stoicorum,"paradoxum stoicus , Brutus , saepe Cato , auunculus tuus , cum in senatus sententia dico , locus grauis ex philosophia tracto abhorreo ab hic usus forensis et publicus , sed dicendus consequor tamen , ut ille etiam populus probabilis uideo",Lower without christus/christianus
57,MQDQ-474,non_christian,0.1917512090492333,0.034785624033967996,-0.1569655850152653,0.1569655850152653,0.6287074928505817,0.16311471851953574,2,2,0,comoediarum fragmenta,"qui que sponsa , ego meus : suus qui que amor , ego meus . per laetitia liquor animus .",Lower without christus/christianus
24,MQDQ-312,non_christian,0.16355525755389588,0.006597692349378292,-0.1569575652045176,0.1569575652045176,0.6300804828791738,0.16004858182990195,3,1,0,Cistellaria,"quom ego antehac tu amo et meus amica sum creuo , meus gymnasium , et mater tuus , tum is ego hodie aperio , tu atque hic : soror si meus sum , qui magus possum meus honor eo habitus , nescio , nisi , ut meus sum animus , facio non possum a",Lower without christus/christianus
345,MQDQ-473,non_christian,0.18851984073921918,0.031574698520426034,-0.15694514221879313,0.15694514221879313,0.6293515746812606,0.1631239057430245,2,2,0,carminis fragmentum,si ego cadurcus restituo fascia nudus Calenus concubo profero,Lower without christus/christianus
709,MQDQ-348,non_christian,0.19609008352100288,0.03914700952796611,-0.15694307399303678,0.15694307399303678,0.6311695416071379,0.16450450216577978,2,2,0,carminis fragmentum,uirtus sudor deus longe pono,Lower without christus/christianus
129,IT-LAT0096,non_christian,0.16092756893696922,0.0039928799041408,-0.15693468903282842,0.15693468903282842,0.631420866579723,0.1591801584239984,2,2,0,Pro Milone,"etsi uereor , iudex , ne turpis sum pro fortissimus uir dico incipio timeo , parum que decet , cum T. Annius ipse magis de res publicus salus quam de suus perturbo , ego ad is causa paro animus magnitudo adfero non possum , tamen hic nosco",Lower without christus/christianus
46,MQDQ-484,NA,0.1606819256734595,0.0037494365117456026,-0.15693248916171393,0.15693248916171393,0.632025393098028,0.1594846215542654,2,2,0,Andria,"poeta cum primus animus ad scribendus adpello , is sui negotium credo solus do , populus ut placeo qui facio fabula . uerum aliter euenio multo intellego ; nam in prologus scribundus opera abutor , non qui argumentum narro sed qui maleuolus",Lower without christus/christianus
124,MQDQ-7,non_christian,0.18879936649850776,0.03186688099984495,-0.15693248549866282,0.15693248549866282,0.6293019187521531,0.16314503815575604,2,2,0,carminum fragmenta,"hic lucus tu dedico consecro que , priape , qui domus tuus Lampsacius sum quisque lex Priapio . Nam tu praecipue in suus urbs colo os Hellespontia ceterus ostriosus ora . de meus ligurrio libido sum . at non effugio meus iambus .",Lower without christus/christianus
22,MQDQ-310,non_christian,0.16583907699096018,0.008922110820232518,-0.15691696617072767,0.15691696617072767,0.6307227693782828,0.1615794916935213,3,1,0,Captiui,"hic qui uideo sto hic captiuus duo , ille quia asto , hic sto ambo , non sedeo ; hic uos ego testis sum ego uerus loquor . senex qui hic habito Hegium sum huiius pater . sed is qui pactum seruio suus sui pater , is ego hic apud uos proloquo",Lower without christus/christianus
210,MQDQ-294,non_christian,0.1893593209562982,0.03245022393459804,-0.15690909702170017,0.15690909702170017,0.6290165672233293,0.16308786054593152,2,2,0,Atellanae fragmentum,Io buccum ! quis ego iubilo ? uicinus tuus antiquus .,Lower without christus/christianus
526,MQDQ-601,non_christian,0.16284851095567227,0.005958817100949737,-0.15688969385472254,0.15688969385472254,0.632485932306771,0.1597576864656283,2,2,0,technopaegnion,"res homo fragilis alo et rego et perimo fors , fors dubius aeternus que labo , quam blandus foueo spes , spes nullus finio aeuum , qui terminus sum mors , mors avidus , infernus mergo caligo quam nox , nox uicis , remeo aureus cum lux , lux",Lower without christus/christianus
607,IT-LAT0353,non_christian,0.1681127102079995,0.011224393043901177,-0.15688831716409832,0.15688831716409832,0.6304843638674104,0.16083020367618286,2,2,0,Epistula ad Theodosium,"dubito ego , Theodosus optimus , quoniam littera titulus noster nomen memoria mando , fabula textus occurro , quod in hic urbanus concipio falsitas condeceo , et non incumbo necessitas ueritas . nam quis tu cum de oratio , qui de poema loqu",Lower without christus/christianus
101,IT-LAT0992,non_christian,0.1652657946213778,0.008387105488121913,-0.1568786891332559,0.1568786891332559,0.6304433966564239,0.16014954210501414,2,2,0,Epistula ad Quintum Catulum,"L. Catilina Q. Catulus . egregius tuus fides res cognosco , gratus ego magnus in meus periculum , fiducia commendatio meus tribuo . quamobrem ob res defensio in nouus consilium non status paro , satisfactio ex nullus conscientia de culpa pr",Lower without christus/christianus
549,LC-8,NA,0.16179538419647677,0.00493185184221763,-0.15686353235425918,0.15686353235425918,0.6355474473249525,0.16131460547518242,2,2,0,Epithalamium de nuptiis Honorii et Mariae,"surgo in thalamus duco cum Pelion arcus neque capio tantus hospita terra deus , cum socer aequoreus numerosus que turba soror certo epulae continuo dies praebeo que Iuppiter communis poculum Chiron , molliter obliquo pars refundo equus , Pe",Lower without christus/christianus
264,IT-LAT0632,non_christian,0.1601452561004016,0.0032876829863979426,-0.15685757311400367,0.15685757311400367,0.6302981714401804,0.1586959267730519,2,2,0,De figuris sententiarum et elocutionis,"primus hic schema duo modus fio et tracto possum . nam sententia duo aut plus propono suus quisque ratio uel posterior reddo , uel statim sub unusquisque sententia subiungo . qui posterior ratio subinfero , hic modus sum . Demosthenes : non",Lower without christus/christianus
468,MQDQ-289,non_christian,0.1879934730567134,0.031152070740388796,-0.1568414023163246,0.1568414023163246,0.6290235822920275,0.16302016584055595,2,2,0,carminum fragmenta,arbiter aura qui fluctus impero ater,Lower without christus/christianus
180,MQDQ-518,non_christian,0.18462024796995602,0.027787053601215334,-0.15683319436874069,0.15683319436874069,0.6297406443529302,0.16297950659722144,2,2,0,tragoediarum fragmenta,"iam fero infandis , iam facio cogo . primum hic neruus septem sum intentus fides Varius que aptus uox modulus ad qui mundus resono canor in uestigium sui suus uoluo . et frondosus Semiputo queror uitis .",Lower without christus/christianus
518,MQDQ-588,non_christian,0.1621557977960703,0.005325578720436748,-0.15683021907563358,0.15683021907563358,0.6327327499716887,0.16044879190570563,3,1,0,commemoratio professorum,"uos etiam , qui nullus ego cognatio iungo , sed fama et carus religio patria et studium in liber et sedulus curo doco , commemoro uir mors obeo celeber . fors sum ut noster maneo sic assero olim exemplum cupio qui pius sum meus . primus , B",Lower without christus/christianus
4,MQDQ-288,non_christian,0.19146917917598813,0.034642983778891086,-0.15682619539709702,0.15682619539709702,0.6282385349557242,0.16300495892132838,2,2,0,carminum fragmenta,"amicus cum uideo , obliuiscor miseria , inimicus si sum comminiscor neque libens aeque .",Lower without christus/christianus
354,IT-LAT0111,non_christian,0.16139998260050192,0.00457846371915572,-0.1568215188813462,0.1568215188813462,0.6318918890749128,0.15952883982307553,2,2,0,Panegyricus Traiano,"atque sapienter , pater Conscribo , maior instituo , ut res agendus , ita dico initium ab precatio capio : qui nihil rite , nihil que prouidenter homo , sine deus immortalis ops , consilium , honor , auspicor . qui mos qui potior , quam con",Lower without christus/christianus
153,IT-LAT0922_14,non_christian,0.16094043169405242,0.004122494380762035,-0.15681793731329038,0.15681793731329038,0.6309965801058642,0.1592381004935429,3,1,0,Topica,"maior nos res scribo ingressus , C. Trebatus , et hic liber qui breuis tempus satis multus edo dignior , en cursus ipse reuoco uoluntas tuus . cum enim ego cum in Tusculanus sum et in bibliotheca separatim uterque nos ad suus studium libell",Lower without christus/christianus
406,MQDQ-395,non_christian,0.1744915170281111,0.01769109247259382,-0.15680042455551726,0.15680042455551726,0.6281218952379988,0.1609805658066517,2,2,0,Asinaria,amo argentum filius auxiliarier sub imperium uiuo uolo senex uxorius . itaque ob asinus refero pretium Saurea numero iubeo seruolus Leonida . ad amica is fero . cedo nox filius . Riuinus amens ob praeripio mulier Is res omnis uxor per paras,Lower without christus/christianus
21,MQDQ-309,non_christian,0.1604222160008051,0.0036232674895422274,-0.1567989485112629,0.1567989485112629,0.6308787929355916,0.15904486212349825,2,2,0,Bacchides,"qui ingenium in animus utibilsum , modicum et sine uernilitas uinclum , uirga , mola : saeuitudo malus facio peus conuerro scopa , ago strenuus ecquis euoco cum nassiternus et cum aqua iste ? sicut lac lac similsum ille meus cognomen sum (",Lower without christus/christianus
295,IT-LAT0078,non_christian,0.1614286409572926,0.004655888516484515,-0.15677275244080807,0.15677275244080807,0.6304269021073532,0.15884511277983387,2,2,0,De otio,"nos magnus consensus uitium commendo . licet nihil alius qui sum salutare tempto , prosum tamen per sui ipse secedo : melior sum singulus . quis qui secedo ad optimus uir et aliqui exemplum eligo ad qui uita derigo licet ? Quod ; nisi ; in",Lower without christus/christianus
222,MQDQ-459,non_christian,0.1676604214117315,0.010914186345079173,-0.15674623506665228,0.15674623506665228,0.629887530942212,0.16061328071544587,2,2,0,carminum fragmenta,"admisceo baca , basilisca hic nomen pars , pars Persicus ( qui nomen fio denique ) fero propterea , quod qui quondam cum rex possum , nomen Alexander magnus , fera proelium bellum in Persa , suus post inde reuenio hic genus arbor in praefer",Lower without christus/christianus
158,IT-LAT0155,non_christian,0.15944213330316995,0.0027113180722664323,-0.15673081523090351,0.15673081523090351,0.6292972100581689,0.15832220396514626,2,2,0,De fato,"quia pertineo ad mos , qui ille uoco , nos is pars philosophia de mos appello soleo , sed decet augeo lingua Latina nomino moralis ; explicandus que uis sum ratio que enuntiatio , qui Graeci uoco ; qui de res sum cum aliquis dico deque is ,",Lower without christus/christianus
330,MQDQ-450,non_christian,0.16950477923324708,0.012776732647010918,-0.15672804658623612,0.15672804658623612,0.6288535995411386,0.16053356715776895,2,2,0,belli Germanici fragmentum,"lumen : Nestoreus mitis prudentia Crispi et Fabius Ueiento ( possum signo uterque purpura , ter memor implero nomen fastus ) et prope Caesarea confinis Acilius aula . lumen : Nestoreus mitis prudentia Crispi et Fabius Ueiento ( possum signo",Lower without christus/christianus
13,MQDQ-237,non_christian,0.19416962847935587,0.037511052389361255,-0.15665857608999462,0.15665857608999462,0.6309916692889257,0.1646218441909582,2,2,0,elogium,hic unus multus consentio gens populus primarius sum uir,Lower without christus/christianus
572,IT-LAT0238,non_christian,0.1588722361037852,0.0022188975879569176,-0.1566533385158283,0.1566533385158283,0.6287023783945727,0.15810226484842338,2,2,0,Prodigiorum Liber,Iuno Lucina templum fulmen ictus ita ut fastigium ualvae que deformo . in finitimus de caelum icio . Nursia serenus nimbus orio et homo duo exanimo . tusculum terra pluit . mula Reas pario . supplicatio per decem puer patrimus matrimus toti,Lower without christus/christianus
248,MQDQ-239,non_christian,0.19545744023744566,0.0388107847980381,-0.15664665543940756,0.15664665543940756,0.6283452576123308,0.16352204892039504,2,2,0,obtrectatores Vergilii,"dico ego , Damoeta , "" cuius pecus "" annus latinus ? non , uerus aegonis noster sic rus loquor .",Lower without christus/christianus
61,MQDQ-175,non_christian,0.18695864534156836,0.030353371434765766,-0.15660527390680262,0.15660527390680262,0.6282529433693793,0.16278403743103398,2,2,0,palliatae fragmentum,"atheniensis , bellum cum Rhodienses qui sum quis ego hic praedico ?",Lower without christus/christianus
375,MQDQ-115,non_christian,0.18426858155042022,0.027666619948058024,-0.1566019616023622,0.1566019616023622,0.6284298036830529,0.16258125687068786,2,2,0,carminum fragmenta,"ego nolo Florus sum , ambulo per taberna , latito per popina , culex patior rutundus . animula uagulus blandulus , hospes comes que corpus , qui nunc abeo in locus pallidulus rigidus nudulus neque ut soleo do iocus .",Lower without christus/christianus
223,MQDQ-509,non_christian,0.18782066489880905,0.03125373589474338,-0.15656692900406566,0.15656692900406566,0.6278916177370981,0.16274569252829701,2,2,0,comoediae fragmentum,quis hic cum tragicus uerro et syrma facio ?,Lower without christus/christianus
196,MQDQ-542,non_christian,0.18618499364428276,0.029636490753224803,-0.15654850289105796,0.15654850289105796,0.6282579138680003,0.1627543058928997,2,2,0,*epitaphium,"Mantua ego gigno , Chalabrus rapio , teneo nunc Parthenope ; cano pascuum rus dux .",Lower without christus/christianus
368,MQDQ-433,non_christian,0.16042715431692522,0.00389377002319413,-0.1565333842937311,0.1565333842937311,0.6299216948334233,0.1588318772899459,2,2,0,Hercules Oetaeus,"sator deus , qui ecxcussum manus uterque Phoebus sentio fulmen domus , secure regnum : profero pax tu , quicumque Nereus porrigo terra ueto . non sum tono ; perfidus rex iaceo , saeuio tyrannus . frango quidquid sum tu fulmino . sed ego cae",Lower without christus/christianus
88,MQDQ-635,non_christian,0.18509186475235623,0.02857230936352088,-0.15651955538883533,0.15651955538883533,0.6294674197568859,0.1631231307096095,2,2,0,epigrammata,"dico cum conor cura tu , pamphila , cor , quis meus ab tu quaero , uerbum labrum abeo , per pectus mano subito subido ego sudor : sic taceo , subidus , dum pudeo , pereo . quis facula praefero , Phileros , qui sum nihil opus nos ? eo sic ,",Lower without christus/christianus
604,MQDQ-417,non_christian,0.16253606003093332,0.006040426287896529,-0.1564956337430368,0.1564956337430368,0.6325822151695374,0.16019988800869725,2,2,0,de reditu suo,"uelox potior redeo mirabo , lector , tam cito Romuleus possum careo bonus . quis longus totus Roma ueneror aeuum ? nihil umquam longus sum qui sine finis placeo . o quantum et quotiens possum numero beatus nascor felix qui mereo solus ! qui",Lower without christus/christianus
138,MQDQ-501,non_christian,0.1852124543460155,0.028722068155459562,-0.15649038619055594,0.15649038619055594,0.6272262931774781,0.16222913632398073,2,2,0,carminum fragmenta,Lydia doceo maximus cura liber,Lower without christus/christianus
219,MQDQ-106,non_christian,0.18713737585731674,0.030649757980126695,-0.15648761787719004,0.15648761787719004,0.6278697890915065,0.16274503039706303,2,2,0,carminum fragmenta,mulier non astuo facile ueterator persuadeo,Lower without christus/christianus
52,MQDQ-489,non_christian,0.15966517792991336,0.0031797590799897777,-0.1564854188499236,0.1564854188499236,0.6291189616471614,0.15847847614062244,2,2,0,Phormio,"postquam poeta uetus poeta non possum retraho ab studium et transdio homo in otium . maledictum deterreo ne scribo paro ; qui ita dictito , qui ante hic facio fabula tenuis sum oratio et scriptura leuis : quia nusquam insanus scribo adulesc",Lower without christus/christianus
207,MQDQ-135,non_christian,0.1587151526145671,0.002268061843647085,-0.15644709077092,0.15644709077092,0.6273440092464638,0.15762932801927726,2,2,0,epistulae 2,"cum tot sustineo et tantus negotium solus , res italus arma tutor , mos orno , lex emendo , in publicus commodus pecco , si longus sermo moror tuus tempus , Caesar . Romulus et Liber pater et cum castor , post ingens facio deus in templum r",Lower without christus/christianus
102,IT-LAT0125,NA,0.16072219863004972,0.00428968084599175,-0.15643251778405795,0.15643251778405795,0.632639708061574,0.1602917504136944,2,2,0,Pro Rabirio,"etsi , Quiris , non sum meus consuetudo initium dico ratio reddo qui de causa quisque defendo , propterea quod cum omnis ciuis in is periculum semper satis iustus ego causa necessitudo sum duco , tamen in hic defensio caput , fama fortuna q",Lower without christus/christianus
95,IT-LAT0127,non_christian,0.15954720042614348,0.0031165162125615523,-0.15643068421358192,0.15643068421358192,0.6287810439570702,0.15836425193191855,2,2,0,Pro Caecina,"si , quantum in ager locus que desero audacia possum , tantum in forum atque in iudicium impudentia ualeo , non minus nunc in causa cedo A. Caecina Sex.us Aebutus impudentia , qui tum in uis faciendus cedo audacia . uerum et ille consideror",Lower without christus/christianus
272,IT-LAT0083,non_christian,0.1596860255373871,0.00326669726237154,-0.15641932827501556,0.15641932827501556,0.6293455225948323,0.15865784718936596,2,2,0,Consolatio ad Marciam,"nisi tu , Marcius , scio tam longe ab infirmitas muliebris animus quam ab ceterus uitium recedo et mos tuus uelut aliqui antiquus exemplar aspicio , non audeo obuius eo dolor tuus , qui uir quoque libenter haereo et incubo , neque spes conc",Lower without christus/christianus
209,MQDQ-186,non_christian,0.17676769350094595,0.02035936176036699,-0.15640833174057897,0.15640833174057897,0.6301239489873064,0.16247260282143164,2,2,0,carminum fragmenta,"luceo , meus uita , neque smaragdus beryllus ego , Flaccus , neque niteo neque percandidus margarita quaero neque qui Thynicus lima perpolio anellus neque iaspius lapillus . debilis facio manus , debilis pes coxo , tuber adstrue gibber , lu",Lower without christus/christianus
290,IT-LAT0239,non_christian,0.16128447932903678,0.004877942772800955,-0.15640653655623585,0.15640653655623585,0.6287983643182257,0.15958142026295827,3,1,0,De arboribus,"quoniam de cultus ager abunde primus uolumen praecepissevideo , non intempestiuus sum arbor uirgultum que cura , qui uel maximapars habeo res rusticus placeo igitur , sicut Uergilius , nos quoqueduo sum genus surculus , qui alter suus spons",Lower without christus/christianus
486,MQDQ-573,non_christian,0.16284808730125788,0.006481716681175128,-0.15636637062008274,0.15636637062008274,0.630048003708502,0.15919234492895357,3,1,0,ora maritima,"quaero temet saepe cogito , probus , animus atque sensus , Tauricius pons situs capio ut ualeo hic probabilis fides qui distineo spatium terra extimus , subeo libenter is labor , ut tu desidero carmen hic claresco . fas non puto quippe prol",Lower without christus/christianus
231,MQDQ-331,non_christian,0.1865938965038204,0.030233157400907807,-0.15636073910291262,0.15636073910291262,0.627290626166708,0.16253950262714398,2,2,0,carminis fragmentum,Uenus antistita cuprum,Lower without christus/christianus
185,MQDQ-419,non_christian,0.205044542410538,0.048708179581463416,-0.15633636282907457,0.15633636282907457,0.6309326245109279,0.16561756565015778,2,2,0,tragoediarum fragmenta,ita oppleo sonus Furenter omnis ad pars bacchor nemus . ex templum excito euado pius genetrix et omnis uox expi sonus .,Lower without christus/christianus
473,MQDQ-499,non_christian,0.17713995458145243,0.02081810152128976,-0.15632185306016266,0.15632185306016266,0.6327183987584489,0.1675596694264235,3,1,0,carmina,"amnis eo inter aruum uallis fusus frigidus , lux rideo calculus , flos pingo herbidus . caerulus supernus laurus et uirectum myrteus leniter moto aura blandio sibilo . subter autem mollis gramen flos adulo creusum : et crocus solus rubeo et",Lower without christus/christianus
532,MQDQ-603,non_christian,0.16170903514244814,0.005421998003016727,-0.1562870371394314,0.1562870371394314,0.6313701753067572,0.15980246468091255,2,2,0,epistulae,"qualis Picena populor turdus oliua clunis opimo cereus , uel qui luceo rapio de uitis uua pendeo que nexus rete , qui uespertinus fluito nebulosus sub hora uel mane tento roscidus , talis hibernus ad tu de saepes , ipse capio uolo , mitto b",Lower without christus/christianus
121,IT-LAT0137,non_christian,0.16023018749019757,0.00395147808760078,-0.15627870940259675,0.15627870940259675,0.6302329503855271,0.1592421799571321,2,2,0,In L. Calpurnium Pisonem,"pro archium Iamnus uideo , belua , iamnus sentio qui sum homo querela frons tuus ? nemo queror Syrus nescio qui de grex nouicius facio sum consul . non enim nos color iste seruilis , non pilosus gena , non dens putridus decipio ; oculus , s",Lower without christus/christianus
312,MQDQ-297,non_christian,0.165303857342444,0.00903409097013857,-0.15626976637230544,0.15626976637230544,0.6313269851255198,0.16086721730835882,3,1,0,fragmenta,"primus in orbis deus facio timor , arduus caelum fulmen cum cado discutio que Maenala flamma atque ictus flagro Athos ; mox Phoebus ad ortus lustro deueho humus Luna que senectus et reparo honus : hinc signum effundo per orbis et permuto di",Lower without christus/christianus
236,MQDQ-262,non_christian,0.16162795225741897,0.005411282354151622,-0.15621666990326735,0.15621666990326735,0.6319349094813808,0.16015519900438838,2,2,0,Ibis,"tempus ad hic lustrum bis iam ego quinque perago omnis sum Musa carmen inermis meus ; nullus que , qui possum , scribo tot mille , exto littera Naso sanguinolentus lex ; neque quisquam noster , nisi ego , laedo libellus , artifex pereo cum",Lower without christus/christianus
332,MQDQ-448,non_christian,0.16608996016098748,0.009873403583405433,-0.15621655657758207,0.15621655657758207,0.6337735788214742,0.16529816260960123,3,1,0,Thebais,"fraternus acies alterno que regnum profanus decerto odium sons que euoluio Thebae Pierius mens calor incido . unde iubeo eo , dea ? cano primordium dirus , Sidonii rapio et inexorabilis pactum lex Agenorea scruto que aequor Cadmus ? longus",Lower without christus/christianus
390,MQDQ-335,non_christian,0.16887259742660626,0.012691519024784905,-0.15618107840182133,0.15618107840182133,0.6303280902684317,0.16141162108805587,2,2,0,carminum fragmenta,"Calpurnianis , saalue properus uersus . mitto , ut peto , tu munditia dens , nitela os ex arabicus frux , tenuis candificus nobilis puluisculus complanator tumidulus gingiuula , conuerritor pridiana reliquiae , ne qui uiso teter labs sordes",Lower without christus/christianus
49,MQDQ-488,non_christian,0.16137990778677386,0.00523252686577679,-0.15614738092099706,0.15614738092099706,0.627569530588073,0.1593967860597803,3,1,0,Hecyra,"hecyra sum hic nomen fabula . hic cum nouus , interuenio uitium et calamitas ut neque specto neque cognosco possum : ita populus studium stupidus in funambulus animus occupo . nunc hic plansum pro nouus , et is qui scribo hic ob is res nolo",Lower without christus/christianus
420,MQDQ-411,non_christian,0.17587338998524887,0.019745267145954672,-0.15612812283929417,0.15612812283929417,0.6290736802285352,0.162132942907057,2,2,0,Trinummus,"Thensaurus abstrusus abeo peregre res que omnis amicus Challiclus mando suus . istic absens male res perdo filius ; nam et aedis uendo : hic mercor Callicles . Virgo imdotatus soror iste posco ; minus qui cum inuidia is do dos Callicles , m",Lower without christus/christianus
538,MQDQ-165,non_christian,0.17611037708903596,0.019990968309953533,-0.15611940877908242,0.15611940877908242,0.6355092149087718,0.1682993739751279,3,1,1,carmen ad Augustinum,Arcanes uarronis iter scruto profundo mens hebeo aduerto que fugio conterreo lux . neque mirus ; iaceo omnis enim meus cura lego tu non do manus et consurgo solus uereor . nam simul ut perplexus uir compendium tantus uolo suadeo amor sacer,Lower without christus/christianus
693,MQDQ-78,non_christian,0.19564211886049582,0.03952748910679967,-0.1561146297536962,0.1561146297536962,0.6308311822806253,0.16560108228770484,3,1,0,"epistulae, 5,7-8, uersus inserti","nil sexus neque bustum noceo , nihil filum soror ultimus , fallax pollex qui tenuo . mixtus deus mulier uiuo post funus facio , Mascula femineus trames gero fero . sanguis honor genius probitas constantia uultus uinco tantus exitium pretium",Lower without christus/christianus
84,MQDQ-493,non_christian,0.16198239837503928,0.00589940861334169,-0.1560829897616976,0.1560829897616976,0.6290089850663857,0.15950729830346785,2,2,0,togatarum fragmenta,"daturin sum aurum ? exulto planipis . sed si pungo , metuo quam meretricius e lupor noster ornatus per uia ! Aqua ita muginor hodie . Atqui ego fons occludo ursus sui memordi autumo . tu populus uereor , qui uocifero in uia ? cum primus lux",Lower without christus/christianus
287,IT-LAT0045,non_christian,0.15924062542907938,0.00317266832296889,-0.1560679571061105,0.1560679571061105,0.6277923294382511,0.1582326217799804,2,2,0,De brevitate vitae,"magnus pars mortalis , Paulina , de natura malignitas conqueror , quod in exiguum aeuum gigno , quod hic tam uelociter , tam rapidus do nos tempus spatium decurro , adeo ut excipio admodum paucus ceterus in ipse uita adparatus uita destituo",Lower without christus/christianus
474,MQDQ-500,non_christian,0.19483704038467983,0.03880169658983476,-0.15603534379484507,0.15603534379484507,0.627855321359255,0.16377098762554065,2,2,0,carminum fragmenta,"aurum , qui pretium resero limen Dion . supeo inferus salus . natura sic sum flumen , ut obuia imago recepto in lux suus . aureus subduco ignis sudus os Lucifer .",Lower without christus/christianus
385,MQDQ-223,non_christian,0.172246982141055,0.0162138620146797,-0.15603312012637527,0.15603312012637527,0.6289349773619826,0.16167714446190093,2,2,0,carminum fragmenta,"uua , uua sum et uua Falernus : et ter fero et quater annus . undus unde colonus Eoe ? ab flumen uenio Orontius . quando flagellum ligo , ita ligo , uitis et ulmus utor simul eo : nam nisi sum par frutex , umbra neco tener Aminea .",Lower without christus/christianus
114,IT-LAT0133,non_christian,0.15890353273194333,0.0028874730395245024,-0.15601605969241883,0.15601605969241883,0.6274994748165671,0.15813809188283007,2,2,0,In Vatinium,"in Uatinius si tantum modo , Uatinius , quis indignitas postulo specto uolo , facio is qui hic uehementer placeo , ut tu , qui testimonium propter turpitudo uita sordes que domesticus nullus momentum puto , taceo dimitto ; nemo enim hic aut",Lower without christus/christianus
450,IT-LAT0896,non_christian,0.16873343840680993,0.012726799671595903,-0.15600663873521403,0.15600663873521403,0.6307134999549446,0.16123684312527312,2,2,0,Vita Alexandri Severi,"et ego quidem is animus sum ut - imitor - Marius Maximus , Suetonius Tranquillus , Fabius Marcellinus , Gargilius martialis ceterus que qui hic et talis non tam disertus quam uere memoria prodo . qui Gargilius is tempus scriptor singillatim",Lower without christus/christianus
93,MQDQ-214,non_christian,0.16844487097193717,0.012444551158329355,-0.15600031981360785,0.15600031981360785,0.6286158944842701,0.1607170327602495,2,2,0,carminum fragmenta,"an maneo specius simulacrum in mors silentum ? iamia albicasco Phoebus et recento communis lumen homo [ et ] uoluptas . nuper dies quartus , ut recordor , et certe , aquarius urceus unicus domi frango . sinus que amica reficio frigidus cald",Lower without christus/christianus
50,MQDQ-487,non_christian,0.1587684611426362,0.00276872020609743,-0.15599974093653876,0.15599974093653876,0.6277619040094968,0.158285625235175,2,2,0,Hautontimorumenos,"nequoi sum uoster mirus cur pars senus poeta do qui sum adulescens , is primus dica , deinde qui uenio eloquor . ex integer Graecus integer comoedia hodie sum ago Hautos timorumenon , duplex qui ex argumentum facio sum simplex . nouus sum o",Lower without christus/christianus
380,MQDQ-467,non_christian,0.177241690398094,0.021242768030063794,-0.1559989223680302,0.1559989223680302,0.6297882277646638,0.16273939238880245,2,2,0,"Eunuchus, periocha","soror falso dictito Thais is ipse ignoro miles adueho Thraso ipse que dono . sum hic ciuis Atticus . idem eunuchus , qui emo , trado iubeo Thais amator Phaedria atque rus ipse abeo Thraso oror biduum concedo . ephebus frater Phaedria puellu",Lower without christus/christianus
463,MQDQ-107,non_christian,0.18080570986428215,0.02482289894231282,-0.15598281092196936,0.15598281092196936,0.6298294048682902,0.1632180610752847,2,2,0,carminum fragmenta,"ille , qui ternus Capitolium celsus triumphus spons deus patuo , qui fretum nullus repostus abscondo sinus , non tuo moenia urbs . uitis spondeo totus concludo uersus : possum puta facio , iungo si dactylus apte .",Lower without christus/christianus
506,IT-LAT0574_7,non_christian,0.1638271653015067,0.007886134635854653,-0.15594103066565207,0.15594103066565207,0.6319378767077489,0.16316748100784817,3,1,0,Periocha Iliadis,"pERIOCHA iLIADIS si Homerus scriptor Troicus bellum eatenus , qui Ialiadem suus incipio , quisque finio , percenseo , orsus ab iracundia Achilles ad sepultura Hector , quattuor et uiginti liber contexo monstro . hic species adparo summus cu",Lower without christus/christianus
465,MQDQ-234,non_christian,0.16546926444148624,0.009537664467486735,-0.15593159997399947,0.15593159997399947,0.6287102041966752,0.16029517612526495,2,2,0,de aucupio,"et tetrax , Roma qui nunc uocito tarax coepio . auis sum multo stultissimus : namque cum pedica necto sui contemplo asto , immemor ipse sui , tamen in dispendium curro . tu uero , adductus laquei cum sentio orbis , appropero et praeda penna",Lower without christus/christianus
44,MQDQ-68,non_christian,0.17186358348773495,0.01597239830144377,-0.15589118518629114,0.15589118518629114,0.6281476566303303,0.1612319623499101,3,1,0,annalium fragmenta dubia,"aduena quam lenis celer ueho unda hinc legio stlatta iam transporto amnis Sisyphus uersatcsaxum sudo niteo neque proficio hilum in mons patrius et ad incunabulum noster caelicola , meus membrum , deus , qui noster potestas officium diuido f",Lower without christus/christianus
220,MQDQ-225,non_christian,0.1801911189458103,0.024308261981232853,-0.15588285696457743,0.15588285696457743,0.6274735952207832,0.16233038790007193,2,2,0,Atellanarum fragmenta,"riunus ad spectaculum sum uideo , in testus quantum sum caput . noster maior uelut multus instituo , optimus hic : ab frigus facio summus septem Saturnalia .",Lower without christus/christianus
200,MQDQ-184,non_christian,0.17818338818939056,0.022314810526486893,-0.15586857766290368,0.15586857766290368,0.627447306877692,0.16204450568060602,2,2,0,carminum fragmenta,"cygnus in augurium nauta gratus alis : hic opto semper , quia numquam mergo unda .",Lower without christus/christianus
325,MQDQ-195,non_christian,0.15962015834439042,0.0037679150923847727,-0.15585224325200567,0.15585224325200567,0.6278499572296571,0.15847714952978822,2,2,0,epigrammata 1,"nosco iocosus dulcis cum sacer Flora festus que lusus et licentia uulgus , cur in theatrum , Cato seueo , uenio ? an ideo tantum uenio , ut exeo ? hic sum qui lex ille , qui requiro , Totus notus in orbis Martialis arguo epigrammatos libell",Lower without christus/christianus
401,IT-LAT0355,NA,0.16242879816097053,0.006580424423936937,-0.15584837373703359,0.15584837373703359,0.6324573241975705,0.16078470252871702,2,2,0,De astronomia,"etsi tu studium grammaticus ars induco , non solum uersus moderatio , qui paucus peruideo , sed historia quoque uarietas , qui scientia res perspicio , praesto uideo , qui facile etiam scribo tuus perspicio possum , desidero potior scio qua",Lower without christus/christianus
90,MQDQ-338,non_christian,0.1804295331971972,0.02460478407835878,-0.15582474911883842,0.15582474911883842,0.6277530641601146,0.16256991313756813,2,2,0,epigramma,"pacui discipulus dico . porro is sum Ennius , Ennius musa . Pompilius clueor .",Lower without christus/christianus
6,MQDQ-168,NA,0.17980509392487487,0.02398491753586768,-0.1558201763890072,0.1558201763890072,0.6268625496376239,0.16203923914002422,2,2,0,comoediarum fragmenta,pulicesne an cimex an pes ? respondeo ego . corruo quasi ictus . Sicina ? Hau multus secus . . .,Lower without christus/christianus
65,IT-LAT0372,non_christian,0.16079687999057565,0.005002128009296273,-0.1557947519812794,0.1557947519812794,0.6289945663204553,0.1593959734530476,2,2,0,Ad Gaium filium,"dico pulcher sum inimicus ulciscor . is neque magnus neque pulchrius quisquam atque ego sum uideo , sed si licet res publicus saluus is persequor . sed qui is facio non possum , multus tempus multus que pars inimicus noster non pereo atque",Lower without christus/christianus
255,MQDQ-108,non_christian,0.1608238763993821,0.005053932160993995,-0.1557699442383881,0.1557699442383881,0.6268553089535273,0.15877504617919833,3,1,0,Aratea,"ab Iuppiter principium magnus deduco aro , carmen ab nos , genitor , tu maximus auctor , tu ueneror , tu sacer fero doctus que labor primitia . probo ipse deus rector que sator que . quantus etenim possum annus certissimus signum , qui sol",Lower without christus/christianus
308,MQDQ-170,non_christian,0.1589559850197369,0.003194741202442785,-0.15576124381729411,0.15576124381729411,0.62682299776527,0.15805466923230618,2,2,0,Pharsalia,"Bellum per Emathius plus quam ciuilis campus , ius que do scelus cano , populus que possum in suus uictrix conuerto uiscus dexter , cognatus que acies , et rumpo foedus regnum certatus totus concutio uis orbis in communis nefas , infestus q",Lower without christus/christianus
249,MQDQ-385,non_christian,0.17299519065267327,0.017234133231592983,-0.1557610574210803,0.1557610574210803,0.627635559819949,0.16143641894911415,2,2,0,carminis fragmentum,"eo ago , o Danaus , magnus paeanus cano , eo triumpho : bellum mora concido ; Orcus Hector",Lower without christus/christianus
253,MQDQ-391,non_christian,0.15954966048990277,0.0038387761946586875,-0.1557108842952441,0.1557108842952441,0.6279154868330616,0.15865127328825207,2,2,0,de bello Aegiptiaco,"proxim caelestis semper Caesar . . ad Pharia s excio hortor ille peto no cum proelium porta , qui iuuenis grandaeuus sum per cunctus sequor Bellum , fides dexter que potens res que per usus callidus , adsiduus tracto in munus Mars . immineo",Lower without christus/christianus
27,MQDQ-327,non_christian,0.15930720072624505,0.003612019206588595,-0.1556951815196565,0.1556951815196565,0.6265909292585556,0.15800469727658667,2,2,0,fragmenta,"quam ego tantus paupero per dolus pecunia . panis et polenta , uinum , murrinus . facio nimius quam dormio mauolus : ueternus metuo . quasi lupus ab arma ualeo , clunis infringo fero . nunc ego licet quiuis loquor : nemo hic adsum superstes",Lower without christus/christianus
344,MQDQ-446,non_christian,0.16363503269362278,0.007940516176228821,-0.15569451651739397,0.15569451651739397,0.6329207943610188,0.1628901807857024,3,1,0,Punica,"ordior arma , qui caelum sui gloria tollo Aenead patior que ferox Oenotria ius Carthago . do , Musa , decus memoro labor antiquus Hesperia , quantus que ad bellum crearo et quot Roma uir , sacer cum perfidus pactum gens cadmea super regnum",Lower without christus/christianus
322,IT-LAT0588,non_christian,0.16108408277312744,0.005413427011328318,-0.15567065576179911,0.15567065576179911,0.630372728380833,0.15992012259558272,2,2,0,Opuscula rerum rusticarum,"DE ager qualitas ager qualitas sum tres : unus ager diuido et adsigno , alter mensura per extremitas conprehendo , tertius arcifo , qui nullus mensura contineo . ager ergo diuido adsignatus sum colonia . hic habeo condicio duo : unus qui pl",Lower without christus/christianus
28,MQDQ-315,non_christian,0.1598841585184484,0.004214730720717098,-0.1556694277977313,0.1556694277977313,0.628338444259951,0.15890420849920955,2,2,0,Menaechmi,"primum iam ab principium propitius ego atque uos , spectator , nuntio . adporto uos Plautus lingua , non manus : quaeso ut benignus accipio auris . nunc argumentum accipio atque animus aduorto ; qui possum in uerbum confero paucissumi . Atq",Lower without christus/christianus
307,MQDQ-29,non_christian,0.15881925329032892,0.003187388282440285,-0.15563186500788864,0.15563186500788864,0.6270397889746766,0.158292443646415,2,2,0,"de re rustica, liber X","hortus quoque tu cultus , Siluinus , doceo , atque is qui quondam spatium excludo iniquus , cum cano laetus seges et munus Bacchus , et tu , magnus palo , necnon caelestis mellum , Uergilius nos post sui memoro relinquo . principium sedes n",Lower without christus/christianus
303,MQDQ-171,non_christian,0.17436164574349056,0.01874893284843253,-0.15561271289505807,0.15561271289505807,0.6295141109634002,0.16351418696934877,3,1,0,carminum fragmenta,"nunc plenus pono colus et stamen Parca multus que defero haereo saeculum filum . gaudeo ab lux relinquo Eurydicen iterum spero Orphea maneo . haud aliter rapio transuerto limes caelum flammatum Phaethonta polus uideo deus qui , cum uica mut",Lower without christus/christianus
533,MQDQ-578,non_christian,0.15950080709349052,0.00391417355868283,-0.1555866335348077,0.1555866335348077,0.6271574359970197,0.1583964986306675,2,2,0,praefationes,"Ausonius genitor nos , ego nomen idem ; qui sum , qui seco stirpes lo et patria , ascribo ut nosco , bonus uir , quicumque sum , et nosco memor ego colo animus . Uasates patria sum pater , gens mater de pater , Tarbellum sed genetrix ab aqu",Lower without christus/christianus
182,MQDQ-522,non_christian,0.19135718847993324,0.03581119051133551,-0.15554599796859775,0.15554599796859775,0.6296332026203808,0.16479902165643373,2,2,0,carminum fragmenta,capella Homerus candidus hic tumulus indico quod hic Ietus mortuus facio sacer hic Demetrius sum catus quot lux habeo annus absoluo et tamen non demolio rostrum,Lower without christus/christianus
108,IT-LAT0955,non_christian,0.16635720153635852,0.01082259491505419,-0.15553460662130436,0.15553460662130436,0.6290597179082785,0.1609978177707409,2,2,0,Prognostica Aratea,"Prognostica Aratea fragmentum Caprigenus pecus custos de gurges uastus . nauis assumo fluito quaero aplustrum . qui neque tempestas perimo , neque longus uetustas interimo , stinguo praeclarus insigne caelum . ut quum luna meo Hyperio offic",Lower without christus/christianus
82,IT-LAT0093,non_christian,0.16000575665824435,0.004473385721636558,-0.15553237093660777,0.15553237093660777,0.6289259368682247,0.15933501166446992,2,2,0,Pro Quinctio,"qui res in ciuitas duo multum possum , ee contra nos ambo facio in hic tempus , summus gratia et eloquentia ; qui alter , C. Aquilius , uereor , alter metuo . Eloquentia Q. Hortensius ne ego in dicendus impedio , non nihil commoueo , gratia",Lower without christus/christianus
365,IT-LAT0120,non_christian,0.15929723949712368,0.0037658204349868074,-0.15553141906213688,0.15553141906213688,0.6282534540562699,0.15899972213296337,2,2,0,De grammaticis et rhetoribus,"Grammatica Roma ne in usus quidem olim , nedum in honor ullus sum , rudis scilicet atque bellicosus etiam tum ciuitas , necdum magnopere liberalis disciplina uaco . initium quoque is mediocris existo , siquidem antiquus doceo , qui idem et",Lower without christus/christianus
424,MQDQ-490,non_christian,0.16508125132325846,0.009579123845393002,-0.15550212747786546,0.15550212747786546,0.628924704326135,0.16061189626445288,2,2,0,"*de orthographia, uersus inserti","hic lutum atque macellum exeo memini Memmius iste macellus licet , Caesar lutum dico . neque non ille soloecismus , ubi dico audio : omnis magnus et bonus , cum syncrisis omnis , alter ubi sum , facio , praelatio uero , ubi plus . ergo illu",Lower without christus/christianus
170,IT-LAT0029_2,NA,0.15957641126139305,0.004078888781601092,-0.15549752247979196,0.15549752247979196,0.6261101391678451,0.1579619612710959,2,2,0,Bellum Iugurthinum,"Falsus queror de natura suus genus humanus , quod inbecillus atque aeuum breuis forte potior quam uirtus rego . nam contra reputo neque magnus alius neque praestabilior inuenio magis que natura industria homo quam uis aut tempus desum . sed",Lower without christus/christianus
410,MQDQ-399,non_christian,0.1655560787377111,0.01009917821852573,-0.15545690051918537,0.15545690051918537,0.6273985722744597,0.1601921614815694,2,2,0,Cistellaria,"comprimo adulescens Lemnius Sicyonia . is redeo in patria , et gnatus genero nuptia . Sicyonius aeque pario puella . hic seruolus tollo atque expono , et ex insidia aucupo . Ee sublaio meretrix alium defero . Lemnus post redeo duco quam com",Lower without christus/christianus
78,MQDQ-332,non_christian,0.166974320488899,0.011517868218869421,-0.15545645227002958,0.15545645227002958,0.6316180230140227,0.16236993759487645,3,1,0,tragoediarum fragmenta,"qui res alius ex crimen inimicus effugio possum , delico . ne tum cum feruo pectus iracundia an sceptrum iam flacceo ? fero . tu pertinacia sum , hic praedico , ego peruicacia aio et is ego utor uolo : hic fortis sequor , ille indoceo possi",Lower without christus/christianus
472,IT-LAT0665,non_christian,0.1650091662396552,0.009555116559970413,-0.15545404967968476,0.15545404967968476,0.6333448562101734,0.16162279259236728,2,2,0,De mirabilibus mundi,"de origo urbs Rom et tempus ejus , de dies intercalaris , de gigno homo , et hic quaestio memorabilis in homo sum , de alectorium lapis . sum , qui uideo uolo , Ros uocabulum ab Evander primus do , quum oppidum ibi offendo , qui antea Valen",Lower without christus/christianus
53,IT-LAT0405,non_christian,0.1608359287314039,0.005389069374535442,-0.15544685935686847,0.15544685935686847,0.6289615850625266,0.15943834734136017,2,2,0,De agricultura,"sum interdum praesto mercatura res quaero , nisi tam periculosus sum , et item foenero , si tam honestus . maior noster sic habeo et ita in lex : fur duplum condemno , foenerator quadruplius . quanto peus ciuis foenerator quam fur , hinc li",Lower without christus/christianus
204,MQDQ-358,non_christian,0.1589394162441851,0.0035229544977885825,-0.15541646174639653,0.15541646174639653,0.6270162013014219,0.15849605307127976,2,2,0,elegiae 3,"callimachi Manes et coeo sacer Philita , in tu , quaeso , ego sino eo nemus ! primus ego ingredior purus de fons sacerdos italus per Graii orgium fero chorus . dico , quo pariter carmen tenuo in antrum ? quoue pes ingredior ? quamue bibo aq",Lower without christus/christianus
378,MQDQ-465,non_christian,0.17025805323576013,0.014851342030921807,-0.15540671120483832,0.15540671120483832,0.6290069028009541,0.16187794457210145,2,2,0,"Andria, periocha","soror falso credo meretricula genus Andria , Glycerius , uitio Pamphilus grauidus que facio do fides uxor sui sum hic ; nam alius pater is despondeo , gnatus , atque ut amor comperio , simulo sum nuptia , cupio suus quis habeo animus filius",Lower without christus/christianus
256,MQDQ-109,non_christian,0.15909365280200566,0.003708269361382777,-0.15538538344062292,0.15538538344062292,0.6274979811554837,0.1587680213040843,2,2,0,Arateorum fragmenta,"hic uia Soli sum bis senus lucidus signum . nobilis hic aries auro uello , quondam qui fero in taurus phrixum , qui prodo Helles , qui propter fabrico ratis , qui perfidus Colchus sopio uigil incestus dono amor . corniger hic taurus , qui d",Lower without christus/christianus
317,MQDQ-235,non_christian,0.17165326379876408,0.016273598461754916,-0.1553796653370092,0.1553796653370092,0.6276497950711991,0.16155842886124056,2,2,0,carminum fragmenta,"toruus Mimallonei implero cornu bombus et rapio uitulus caput aufero superbus Bassar et lynx maena flexurus corymbus euhion ingemino , reparabilis adsono echo . "" Berecynthius atta "" et "" qui caeruleus dirimo Nerea Delphin "" , sic "" costa l",Lower without christus/christianus
125,IT-LAT0922_12,non_christian,0.16207457306817022,0.006732024442390849,-0.15534254862577937,0.15534254862577937,0.6274045345412232,0.15988096586801231,3,1,0,Pro Scauro,"pro Scaurus [ ab ] magis sum opto M. Scaurus , iudex , ut nullus suscipio quisquam odium sine offensio atque molestia retineo , is qui praecipue semper studeo , genus , familia , nomen dignitas . [ que ] subeo etiam populus iudicium inquiro",Lower without christus/christianus
460,IT-LAT0204,non_christian,0.17394287144178194,0.01861889597876787,-0.1553239754630141,0.1553239754630141,0.6333594294195118,0.16590756181985206,3,1,0,Disticha Catonis,"Liber I si deus sum animus , nos ut carmen dico , hic tu praecipue sum purus mens colendus . plus uigilo semper neque somnus dedo sum ; nam diuturnus quies uitium alimentum ministro . uirtus primus sum puto compesco lingua : proximus ille d",Lower without christus/christianus
561,MQDQ-449,non_christian,0.16076658653516623,0.00544384608287003,-0.1553227404522962,0.1553227404522962,0.6290879271481603,0.1596256372887493,2,2,0,*argumenta Thebaidos,"at Maius genitus remeo ad aura , excio que Erebos iam saeuus Laius eo , Tiresia uultus in somnus mentior et os . armo in frater dirus Eteoclea perurgueo perfodio que senus iugulum facies que recludo . mox que suus thalamus natus socio adras",Lower without christus/christianus
165,MQDQ-386,non_christian,0.16749546499054585,0.01223690710363989,-0.15525855788690596,0.15525855788690596,0.6270429184958306,0.16069128157991855,2,2,0,mimorum fragmenta,"cella seruus conuero progredo et ne quis latibulo , prospicio . Luxuria rictus Mars marceo moenia . tuus palo clausus pauo pasco plumo amicio aureus babylonicus , gallina tu Numidica , tu gallus spado : ciconia etiam gratus peregrinus hospi",Lower without christus/christianus
314,MQDQ-296,non_christian,0.15926644680408958,0.004038893019409027,-0.15522755378468056,0.15522755378468056,0.6278753181296244,0.15911451944709698,2,2,0,bellum ciuile,"orbis iam totus uictor Romanus habeo qua mare , qui terra , qui sidus curro uterque neque satio sum . grauida fretum carina iam perago ; si qui sinus abdo ultra , si qui sum tellus , qui fuluum mitto aurum , hostis sum , faio que in tristis",Lower without christus/christianus
289,IT-LAT0079,non_christian,0.1606706151932981,0.0054603098571286675,-0.15521030533616945,0.15521030533616945,0.6287576498955214,0.1595729337785566,2,2,0,De vita beata,"uiuo , Gallio frater , omnis beatus uolo , sed ad peruideo quis sum quod beatus uita efficio caligo ; adeo que non sum facile consequor beatus uita ut is quisque ab is longe recedo quo ad ille concitatior fero , si uia labor sum ; qui ubi i",Lower without christus/christianus
254,MQDQ-392,NA,0.1901870044835026,0.03506628819337898,-0.1551207162901236,0.1551207162901236,0.6213450438768244,0.16129947981435497,2,2,0,carminum fragmenta,porta qui sum custos ericius . .,Lower without christus/christianus
448,IT-LAT0893,non_christian,0.15974156903301925,0.004635785190972918,-0.15510578384204635,0.15510578384204635,0.628370622413543,0.1594839415316905,2,2,0,Curae boum,"ad bos morbus sal tritum per cornu cum uinum in potio do . bos morbus ne noceo , do tres micus sal , terni laurus folium et totidem porrum sectiuus , ulpicum et alium terni spica , tus grandis granum terni , herba Sabina herba terni , ruta",Lower without christus/christianus
201,MQDQ-519,non_christian,0.17030378125331294,0.01523382394975371,-0.15506995730355921,0.15506995730355921,0.6286680979894932,0.1618686399653616,2,2,0,carminum fragmenta,"uendo hic Latium populus ager que quiris eripio , figo lex pretium atque refigo . ceu canis umbrosus lustro Gortynia uallis si uetus possum ceruus comprendere lustrum , saeuio in absum et circum uestigium latro aether per nitidus tenuis sec",Lower without christus/christianus
351,MQDQ-163,non_christian,0.16182328155653816,0.0067813419969108505,-0.1550419395596273,0.1550419395596273,0.6284409487405179,0.159582948977597,2,2,0,laus Pisonis,"unde prior coeptum surgo ego carmen ordo quosue cano titulus , dubius fero . hinc tuus , Piso , nobilitas uetus que cito sublimis Calpus nomen , romanus inter fulgeo gens ; hinc tuus ego uirtus rapio et mirandus per omnis uita modus : qui ,",Lower without christus/christianus
118,IT-LAT0922_1,non_christian,0.16250190245562063,0.007470013316124418,-0.15503188913949623,0.15503188913949623,0.6307147332160983,0.16072989163551826,2,2,0,De haruspicum responso,"hesternus dies , pater conscribo , cum ego et uester dignitas et frequentia eques Romanus praesens , qui senatus do , magnus opus commoueo , puto ego reprimo sum P. Clodius impudicus impudentia , cum is publicanus causa stultissimus interro",Lower without christus/christianus
23,MQDQ-311,non_christian,0.1579583473221841,0.002986294284803205,-0.15497205303738087,0.15497205303738087,0.6239146459052525,0.15738968408221068,2,2,0,Casina,"saluor iubeo spectator optumus , fides qui facio maxumus , et uos fides . si uerus dico , signum clarus do ego , ut uos meus sum aequus iam inde ab principium scio . qui utor uinum ueteo sapio puto et qui lubenter uetus specto fabula ; anti",Lower without christus/christianus
671,MQDQ-123,non_christian,0.16475754889505737,0.009785797444857388,-0.15497175145019998,0.15497175145019998,0.630229134179053,0.16113771220810033,2,2,0,in Caesares,"commodus Herculeus nomen habeo cupio , Antoninor non puto sum bonum , expers humanus ius et imperium , spero quin etiam clarior sum deus , quam si sum princeps nomen egregius . non sum iste deus neque tamen ullus homo . optimus sum fuscus ,",Lower without christus/christianus
229,MQDQ-247,non_christian,0.1631456903278556,0.008193958763695296,-0.15495173156416034,0.15495173156416034,0.630208954506453,0.1605571598560315,2,2,0,medicamina faciei,"disco qui facies commendo cura , puella , et qui sum uos forma tueor modo . Cultus humus sterilis Cerealis pendeo iubeo munus , mordax intereo rubus ; cultus et in pomum sucus emendo acerbus , findo que adoptiuus accipio arbor ops . Cultus",Lower without christus/christianus
425,MQDQ-240,non_christian,0.1790337131172379,0.024105308071590892,-0.154928405045647,0.154928405045647,0.6297747476585607,0.16391486512942985,2,2,0,incerti odarium,"dum semihulcus sauius meus puellus sauior dulcis que flos spiritus duco ex aperio trames , animula et aeger et saucius curro ad labeo ego , rictum que in ora peruis et labrum puer mollis rimor iter transitus , ut transilio nitor , tum si mo",Lower without christus/christianus
164,IT-LAT0029,non_christian,0.1588002476479019,0.003923314846278702,-0.1548769328016232,0.1548769328016232,0.6238308942201374,0.1574429284754108,2,2,0,Bellum Catilinae,"omnis homo , qui sui studeo praesto ceterus animal , summus ops nitor decet , ne uita silentium transeo uelut pecus , qui natura pronus atque uenter oboedientia fingo . sed noster omnis uolo in animus et corpus sino sum : animus imperium ,",Lower without christus/christianus
97,MQDQ-521,non_christian,0.1635802314023252,0.00870680618854763,-0.15487342521377756,0.15487342521377756,0.6308413247384642,0.16117800344807898,2,2,0,"saturae Menippeae, fragmenta","num celo in manus dexter scyphus , caelum doliio , ars ostento Mentor ? quis tristior uideo tu sum quam antidhac , lampadius ? numquid familiaris filius amo , neque spes sum auxilium argentarius , ideo que scapula metuo uirgidemia ? nam qui",Lower without christus/christianus
379,MQDQ-471,non_christian,0.16833709081747922,0.013543712813660232,-0.15479337800381898,0.15479337800381898,0.628022979606966,0.16163968168565473,2,2,0,*epigramma ap. Don. u. Verg.,"iubeo hic rapidus aboleo carmen flamma uergilius , Phrygius qui cano dux . Tuccas ueto uarius que simul ; tu , magis Caesar , non sino et Latia consul historia . infelix geminus cado prope Pergamon ignis , et paene sum alius Troia cremo rog",Lower without christus/christianus
301,IT-LAT0073,NA,0.15931995188391251,0.00452737676688788,-0.15479257511702463,0.15479257511702463,0.6241479663349375,0.15768582221740948,2,2,0,De providentia,"quaero ab ego , Lucilius , quis ita , si prouidentia mundus ago , multus bonus uir malum accido . hic commodior in contextus opus reddo , cum praesum uniuersus prouidentia probo et intersum nos deus ; sed quoniam ab totus particula revello",Lower without christus/christianus
400,IT-LAT0051,non_christian,0.16173063982627697,0.006946784537319705,-0.15478385528895727,0.15478385528895727,0.6306054174753208,0.1609232676156685,2,2,0,Fabulae,"pandora Prometheus Iapetus filius primus homo ex lutum fingo . Postea Vulcanus Iuppiter iussus ex lutum mulier effigies facio , qui Minerua anima do , ceterus que deus alius alius donum do ; ob is Pandora nomino . is datum in coniugium Epim",Lower without christus/christianus
157,IT-LAT0101,NA,0.1581946832952427,0.003432607913598295,-0.1547620753816444,0.1547620753816444,0.6190859274628943,0.15644268942553646,3,1,0,De divinatione,"primus I uetus opinio sum iam usque ab heroicus duco tempus , is que et populus Romanus et omnis gens firmo consensus , uersor quidam inter homo diuinatio , qui Graeci nt appello , is sum praesensio et scientia res sum . magnifico quidam re",Lower without christus/christianus
449,IT-LAT0895,non_christian,0.1613589612484715,0.006604658816924397,-0.15475430243154714,0.15475430243154714,0.6292973603275915,0.16029879189921398,2,2,0,Medicina ex oleribus et pomis,"Malus genus sum multus , tamen duo sapor . dulcia uix egero , flegma nutrio , fel ardor moueo , inflatio facio , quamuis humidus et frigidus sum . coquo obuoluo farina cinis tero oculus tumor tollo . Malus acidus et maturus omnis commodus ,",Lower without christus/christianus
160,MQDQ-156,non_christian,0.15719004856731877,0.0024661085097164998,-0.15472394005760226,0.15472394005760226,0.6215658181060074,0.1564633831623668,2,2,0,mimorum fragmenta,"quis sum ius iurandum ? emplastrum aer alienus conlabella osculum . gubernus . planus . nanus . et iam hic ego bonus somnus premo , ut premo glis . podagricus uix sustineo lasso clunis largiter facio lucrum homo ebriao somnus sano soleo . d",Lower without christus/christianus
462,IT-LAT0914,non_christian,0.1597521761151929,0.005031844421662865,-0.15472033169353006,0.15472033169353006,0.6276660402366556,0.1595171025917631,2,2,0,De musica fragmentum,"dE mVSICA prior sum musicus inuentio metricus . cum sum enim antiquissimus poeta Homerus Hesiodus Pisander , hic sequor elegiarius Callinus Mimnermus Euenus , mox Archilochus et Simonides trimetrum iambicus choriacus catalecticum , Archiloc",Lower without christus/christianus
667,MQDQ-304,non_christian,0.16030738811056744,0.00560802175054592,-0.15469936636002152,0.15469936636002152,0.6307029165316717,0.16105650607277963,2,2,0,carmen de uita Vergilii,"o uetustas memoro custos , regius actus simul et fugax tempus cursus docilis refero , aureus Clio , tu nihil magnus sino intereo , Nihil morior clarus patior , reseruo posterus priscus monumentum saeclum Condo liber . solus rucata uario dic",Lower without christus/christianus
313,MQDQ-295,non_christian,0.16044483675568516,0.005746707134385773,-0.1546981296212994,0.1546981296212994,0.6273240911483968,0.15936833011986437,2,2,0,satyricon,"sed siue armigera rideo Tritonis arco , siue Lacedaemonio tellus habito colonus Sirenum que domus , do primus uersus annus Maeonius que bibo felix pectus fons . mox et Socraticus plenus grex mitto habena liber , et ingens quatio Demosthenes",Lower without christus/christianus
364,IT-LAT0349,non_christian,0.1619882123602524,0.007292650748996947,-0.15469556161125544,0.15469556161125544,0.6284127995843286,0.1599152523478742,2,2,0,De condicionibus agrorum,"territorium [ aeque ] ius controuersia agito , quotiens propter exigo tributum de possessio litigo , cum dico unus pars in suus is finis territorium constituo , et alter ex contrarius similis . qui res [ hic autem controuersia ] territorial",Lower without christus/christianus
511,IT-LAT0574_6,non_christian,0.16702201446608186,0.012338145719442367,-0.15468386874663947,0.15468386874663947,0.6307214590517748,0.16116971501775804,3,1,0,Parentalia,"Nomen carus iam condo funus iustus , fleo prior lacrima , nunc memoro modus , nudus , sine ornatus fo que careo cultus : sufficio inferiae exsequialis honus . nenia funereus satis officiosus querella annuus ne taceo munus praetereo , qui Nu",Lower without christus/christianus
168,IT-LAT0242,NA,0.15731824074757086,0.0027962322382285897,-0.15452200850934228,0.15452200850934228,0.6199786277519428,0.15587171953359447,2,2,0,De bello Hispaniensi,"Pharnaceus supero , Africa recipio , qui ex hic proelium cum adulescens Cn. Pompeius profugio , cum et ulterior Hispania potior sum , dum Caesar munus dandus in Italia detineo , ... qui facile praesidium contra comparo , Pompeius in fides u",Lower without christus/christianus
416,MQDQ-405,non_christian,0.16765091147712313,0.01317077164924352,-0.15448013982787961,0.15448013982787961,0.6287329709823368,0.16187022584354133,2,2,0,Mostellaria,manus mitto emo suus amor philolaches omnis que absens res suus absumo pater . senex ut reuenio ludifico Tranium : terrificus monstrum dico fio in aedis et inde pridem emigro . interuenio lucripeta faenus faenerator postulo ludus que rursus,Lower without christus/christianus
294,IT-LAT0071,non_christian,0.16014681417370835,0.00571521944282691,-0.15443159473088147,0.15443159473088147,0.628257754971434,0.16010169692180087,2,2,0,De tranquillitate animi,"inquiro ego in ego quidam uitium appareo , Seneca , in apertum pono , qui manus prehendo , quidam obscurior et in recessus , quidam non continuus , sed ex interuallum redeo , qui uel molestissimus dico , ut hostis uagus et ex occasio assili",Lower without christus/christianus
547,MQDQ-17,NA,0.1624555844941935,0.00805008470712502,-0.1544054997870685,0.1544054997870685,0.6301422006510333,0.16107001470541352,2,2,0,panegyricus dictus Honorio quartum consuli,"auspicium iterum sui regalis annus induo et notus fruor iactantus aula , limen neque patior circum priuo moror exulto redux Augustus consul fascis . cerno ut arma procer lex que possum patricius sumo habitus ? et mos Gabinus discolor incedo",Lower without christus/christianus
381,MQDQ-466,NA,0.1642227485115872,0.009820153332117325,-0.15440259517946986,0.15440259517946986,0.6260837932976347,0.16027945944769373,2,2,0,"Hautontimorumenos, periocha","in militia proficiscor gno clinia amo Antiphila compello durus pater animus que sui ango factum paeniteo . mox ut , clam pater deuorto ad Clitipho . is amo scortum Bacchides . cum accerso cupio Antiphila clinia , ut is Bacchus uenio amica a",Lower without christus/christianus
247,MQDQ-46,non_christian,0.16609603705884446,0.011753440971014665,-0.1543425960878298,0.1543425960878298,0.6288434553872418,0.16144720293167353,3,1,0,carminum fragmenta,arduus uirtus longe que per asper cliuus eluctor uia sum : labor obiaceo omnis honor . huc ado aonium crinis circumdatus sertum ! igneus iam caelum duco sidus Phoebus fraternus successor equus . ora que magnanimus spiro paene uir in rostrum,Lower without christus/christianus
672,LC-12,non_christian,0.16543795449331838,0.011135313978299624,-0.15430264051501877,0.15430264051501877,0.6293112416207678,0.16112634283115818,3,1,0,Helius (Historia Augusta),"in animus ego sum , Diocletianus Augustus , tot princeps magis , non solum is qui princeps locus in hic statio qui tempero retentaro , ut usque ad diuus Hadrianus facio , sed ille etiam qui uel Caesar nomen appello sum neque princeps aut Au",Lower without christus/christianus
521,IT-LAT0574_2,non_christian,0.17493292509032574,0.020631070482607226,-0.15430185460771853,0.15430185460771853,0.6296206240326914,0.1644730702133549,3,1,0,Genethliacum ad Ausonium nepotem,"AD nepos Carmen primus tu cum iam puerilis annus trado adsiduus permulceo cura magister inbuio que nouus auris sensus que sequax , ut respondeo docilis quisque murmur uox emendo rudis profero lingua palo , addo nihil tristis senex , ne cura",Lower without christus/christianus
306,IT-LAT0237,non_christian,0.16228964704724286,0.00800598379255605,-0.1542836632546868,0.1542836632546868,0.6269195223019878,0.16068052825390833,3,1,0,Ilias Latina,"ira pando ego Pelidaa , diuus , superbus tristis qui miser inicio funus Grai atque anima fortis heros trado Orcus Latrantus que do rostrum uolucris que trahendus ille exsanguis , inhumatus os , artus . confio enim summus sententia rex , pro",Lower without christus/christianus
417,MQDQ-408,non_christian,0.1623451201319186,0.00808361352729073,-0.15426150660462787,0.15426150660462787,0.6282697124941716,0.1608644452790297,3,1,0,Pseudolus,"praesens numero quindecim miles minae , simul consigno symbolum , ut phoenix is do leno qui is cum relicuum adfero . Venio cacula interuorto symbolum dico Syrus sui Ballio pseudolus Ops que erilis ita fero ; nam Simmia leno mulier , qui is",Lower without christus/christianus
580,LC-5,non_christian,0.1595866916022966,0.005342408569044558,-0.15424428303325205,0.15424428303325205,0.6275374376091113,0.15992884993826892,2,2,0,De bello Gothico,"post resideo annus longus uelut excito somnus Romanus fruor noster Thalia chorus . opto renouo idem ego culmen coetus , persono et noto Pythia uates domus : consul hic fascis cano Libya que recipio , hic ego prosterno bellum cano Getae . se",Lower without christus/christianus
383,MQDQ-472,non_christian,0.1610731621390575,0.006903481534469633,-0.15416968060458788,0.15416968060458788,0.6306047845403988,0.16153712583257687,2,2,0,hexasticha in Aeneidos libris,"Carmen Uergilius Phrygius prodo Mars Secus fatalis iubeo ignis morior . Tuccas nego , Varius prohibeo , superaddo Caesar Nomen in Aeneas non sino sum nefas . o qui paene iterum gemino funus funus , Troia , bis interitus causa sum tu . arma",Lower without christus/christianus
771,MQDQ-216,NA,0.16199188662582625,0.007865428627559902,-0.15412645799826635,0.15412645799826635,0.632011927455963,0.16228391989668048,2,2,0,elegiarum appendix,"praemium tot forma numero quis uox facundus quaeue possum laus dico Musa tuus ? quamuis normalis intendo promo uox , deficio uerbum , pectus anhelo amo . sum Paris uolo : Helena quis fama tener in pretium ? possum tu do nudus Uenus . dum si",Lower without christus/christianus
96,IT-LAT0922_11,non_christian,0.16125585932333675,0.00714890075339236,-0.15410695856994439,0.15410695856994439,0.6281877628236812,0.16039133700886155,2,2,0,Pro Fonteio,"ille uero quis sum ? qui habeo in sui ratio , quam consuetudo , qui similitudo ueritas ? quod ratio , quod consuetudo , qui res natura respuo , is credendumnus sum ? Numquid quisquam iniquissimus disceptator hic suspicio relinquendus sum ?",Lower without christus/christianus
87,MQDQ-567,non_christian,0.1664335393246871,0.012371046362818687,-0.1540624929618684,0.1540624929618684,0.6298273400207575,0.16294116581986084,3,1,0,carminum fragmenta,"multus incertus certo hic res uideo , palma poeta comicus qui defero . is meus iudicium error dissoluus tu , ut , contra si quis sentio , nihil sentio . Caecilius palma Statius do comicus . Plautus secundus facile exupero ceterus . dein Nae",Lower without christus/christianus
10,MQDQ-229,non_christian,0.19112609849664358,0.03706371214530504,-0.15406238635133854,0.15406238635133854,0.629608367815337,0.16601007608406984,3,1,0,carminum fragmenta,"is seco sequor multus mortalis , multus alium ex Troia strenuus uir . summus deus regno , quiana genus odi ? postquam auis aspicio in templum Anchises , sacer in mensa Penatium ordo pono ; immolo aureus uictima pulcher . quiana Saturnius po",Lower without christus/christianus
212,MQDQ-36,non_christian,0.16177507302280314,0.007725030049660835,-0.15405004297314231,0.15405004297314231,0.6274734679501539,0.16028906339571508,3,1,0,palliatae fragmenta,""" tu ego , Antiphus , hic sero "" inquam : , cum audio . Athenae Megara uesper aduenio Simo ; ubi aduenio Megara , insidia facio uirgo ; insidia postquam facio , uis in locus affero . in Venus sapio disco ni mirus Solon , qui lex caueo , uit",Lower without christus/christianus
374,IT-LAT0341,non_christian,0.16033024726632655,0.006313605485978922,-0.15401664178034763,0.15401664178034763,0.6272479798485306,0.16001176231088304,2,2,0,De quaestoriis agris,"Quaestorius dico ager , qui ex hostis capio p . Ren . per quaestor uendo . hic autem limes institutum laterculus quinquagenus iugerum efficio ueneo . qui modus decem actus in quadro per limes demendo efficio ; unde etiam limes decumanus sum",Lower without christus/christianus
319,MQDQ-263,non_christian,0.1628582503135171,0.008907508280096935,-0.15395074203342018,0.15395074203342018,0.6302229287100997,0.161565136488595,2,2,0,*halieutica,"accipio mundus lex : do arma per omnis admoneo que sui : uitulus sic namque minor , qui nondum gero in tener iam cornu frons ; sic dammus fugio , pugno uirtus leo et morsus canis et cauda sic scorpius ictus , concutio que leuis penna sic eu",Lower without christus/christianus
282,MQDQ-302,non_christian,0.1641560972473855,0.010225606614437048,-0.15393049063294845,0.15393049063294845,0.6289914131591247,0.16096963011357923,2,2,0,fabulae 5,"Aesopus nomen sicubi interpono , qui reddo iam pridem quisquis debeo , auctoritas sum scio gratia ; ut quidam artifex noster facio saeculum , qui pretium opus magnus inuenio nouus si marmor adscribo praxitelen suus , detritus argentum , tab",Lower without christus/christianus
346,IT-LAT0588_2,non_christian,0.1641456478423866,0.01025927335837282,-0.15388637448401382,0.15388637448401382,0.6281271547907196,0.16111914317666748,3,1,0,De aquaeductu urbis Romae,"primus cum omnis res ab imperator delego intentus exigo cura , et ego seu naturalis sollicitudo siue fides sedulus non ad diligentia modo uerus ad amor quoque res instigo sum que nunc ego ab Nerva Augustus , nescio diligentior an amantus re",Lower without christus/christianus
571,IT-LAT0329,non_christian,0.16412537432530955,0.010438713458526722,-0.15368666086678284,0.15368666086678284,0.6293736405987223,0.16140457359954363,2,2,0,De nominibus Epitome,"Uarro simplex in Italia nomen sum aio existimatio que suus argumentum refero , quod Romulus et Remi et Faustulus neque praenomen ullus neque cognomen . qui ab is dissentio aio mater is rea Silvia uoco , auus Silvius Numitor , frater is Silv",Lower without christus/christianus
677,MQDQ-2,non_christian,0.16529833674750988,0.011622342207328488,-0.15367599454018138,0.15367599454018138,0.6336494273294061,0.16355313329148702,2,2,0,aegritudo Perdicae,"dico ego , paruus puer : numquam tuus telum quiesco ? non sat sum frons , non undus neque fera neque fons , non satyrus , non taurus amo , non alis et imber , non tristis epulae , per qui peto aer Tereus ? hic tu resto postremum , saeue cup",Lower without christus/christianus
178,MQDQ-126,non_christian,0.16162500013593345,0.0079640997447707855,-0.1536609003911627,0.1536609003911627,0.6269707983212187,0.1604210923397899,3,1,0,epodi,"ibis Liburnus inter alo nauis , amicus , propugnaculum , paratus omnis Caesar periculum subeo , maecenas , tuus : quis nos , qui tu uita si superstes , iucundus , si contra , grauis ? utrumnis iubeo persequor otium non dulcis , ni tu cum si",Lower without christus/christianus
128,IT-LAT0119,non_christian,0.16028785321095834,0.0066279651213569,-0.15365988808960146,0.15365988808960146,0.6282803071115495,0.16088467963313863,2,2,0,De re publica,"impetus libero , neque C. Duelius A. Atilius L. Metellus terror Karthago , non duo Scipio oreo incendium bellum Punicus secundus sanguis suus restinguo , neque is excito maior copia aut Q. Maximus eneruo , aut M. Marcellus contundo , aut ab",Lower without christus/christianus
14,MQDQ-323,non_christian,0.1572563019660958,0.0036741025537587024,-0.15358219941233708,0.15358219941233708,0.6190400620435669,0.1563422457764117,2,2,0,Stichus,"credo ego miser sum Penelopa , soror , suus ex animus , qui tam diu uiduo uir suus careo ; nam nos is animus de noster facio nosco , qui uir hinc apso , quisque nos negotium apsentum , ita ut aequos sum , sollico nox et dies , soror , sumu",Lower without christus/christianus
203,MQDQ-357,NA,0.15700009490190994,0.0035483819565116847,-0.15345171294539828,0.15345171294539828,0.6178194301899688,0.15586241631655146,2,2,0,elegiae 2,"quaero unde ego totiens scribo amor , unde meus uenio mollis in os liber . non hic Calliope , non hic ego canto Apollo : ingenium nos ipse puella facio . sive ille coeo fulgeo incedo cogo , totus de uestis uolumen sum ; seu uideo ad frons s",Lower without christus/christianus
318,MQDQ-508,non_christian,0.1805550934683988,0.027115229224632668,-0.15343986424376613,0.15343986424376613,0.6136213738391623,0.1584184534557153,2,2,0,carminum fragmenta,tollo ingens animus et maximus paruus tempus molior,Lower without christus/christianus
225,MQDQ-517,non_christian,0.16456519046320156,0.011132579516165102,-0.15343261094703642,0.15343261094703642,0.6229451128171012,0.15979954052852835,2,2,0,carminum fragmenta,"Codrus que ille cano , qualis tu uox cano , atque soleo numerus dico , Cinna , tuus , dulcus ut numquam Pylius profluxio os Nestor aut doceo pectus Demodocus tra ne lla credo ego sen uita nox , non hilarus possum ex dies fallo insanus quant",Lower without christus/christianus
111,IT-LAT0128,non_christian,0.15647801925911908,0.003064565742906235,-0.15341345351621286,0.15341345351621286,0.6166037889540015,0.15529285512775323,2,2,0,Pro Flacco,"pro Flaccus cum in maximus periculum hic urbs atque imperium , grauissimus atque acerbissimus res publicus casus , socius atque adiutor consilium periculum que meus L. Flaccus , caedes ab uos , coniunx , liber uester , uastitas ab templum ,",Lower without christus/christianus
669,MQDQ-414,NA,0.15844232428620922,0.005047101079664392,-0.15339522320654483,0.15339522320654483,0.6229562108415951,0.15848729638121806,2,2,0,de numeris oratorum,"Musigena numerus uates et metrum sequor , orator numerus : hic ille maximus uirtus , ne uagus errandus laudandus nescio ars . Rhetora Ausonii et Graius dactylus armo . dactylus armo Cicero , armo iambus spondeus que grauis numerus que aptis",Lower without christus/christianus
316,MQDQ-632,NA,0.1568390971514006,0.0035936905335630077,-0.1532454066178376,0.1532454066178376,0.619203938882004,0.15676097699012975,2,2,0,eclogae,"nondum sol equus mitigo aestas , quamuis et madidus incumbo prela racemus et spumo raucus ferueo mustum susurro . cerno ut ecce pater qui trado , ornytis , uaccus mollis sub hirsutus latus explicuio genista ? nos quoque uicina cur non succe",Lower without christus/christianus
298,MQDQ-430,non_christian,0.17105038088374924,0.017834109973734698,-0.15321627091001455,0.15321627091001455,0.6324356607953177,0.16443862173129964,3,1,0,Oedipus,"strages que quam nox facio ostendo dies . Quisquamnes regnum gaudeo ? o fallax bonum , quantum malus frons quam blandus tego ! quamuis quies uerbero fluctus mare , imperium sic excelsus fortuna obiaceo . quam bene parens sceptrum Polybus fu",Lower without christus/christianus
31,MQDQ-318,non_christian,0.16004250276417537,0.0068759869863285325,-0.15316651577784685,0.15316651577784685,0.6159398710391338,0.15583769835600375,3,1,0,Mostellaria,"exeo ex culina sum foras , mastigium , qui meus inter patina exhibeo argutia . egredero , erilis permitio , ex aedis . ego pol tu rus , si uiuus , ulciscor probus . exeo , exeo , inquam , nidoricupis , nam quis lateo ? quis tu , malum , hic",Lower without christus/christianus
237,MQDQ-253,NA,0.1689974214640826,0.015866311223670437,-0.15313111024041215,0.15313111024041215,0.6275327177272115,0.16103966279015897,2,2,0,tristia 1,"paruus ( neque inuideo ) sine ego , liber , io in urbs : is ego , qui dominus non licet eo tuus ! uado , sed incultus , qualis decet exul sum : infelix habitus tempus hic habeo . neque tu purpureus uelo uaccinium fuco : non sum conuenio luc",Lower without christus/christianus
263,MQDQ-178,non_christian,0.1564871800512067,0.0033988420447017926,-0.1530883380065049,0.1530883380065049,0.616272525585188,0.15545233895305444,2,2,0,"corpus Tibullianum 3, 1-6","Mars Romanus festaus uener kalendae ( exorior noster hic sum annus auis ) , et uago nunc certus discurro undique pompa per que uia urbs munus per que domus : dico , , quonam dono honor seu meus , seu fallo , carus Neaera tamen . "" carmen fo",Lower without christus/christianus
174,IT-LAT0029_3,non_christian,0.15626025331065316,0.003212932477658,-0.15304732083299516,0.15304732083299516,0.61068025353698,0.15482111935021597,3,1,0,Historiae,"clementia et probitas uoster , Quiris , qui per ceterus gens maxumus et clarus sum , plurumus timor ego facio advorsum tyrannis Sulla , ne , qui ipse nefandus aestumatus , is parum creduo de alius circumuenio - - praesertim cum ille spes om",Lower without christus/christianus
705,IT-LAT0917,non_christian,0.3758299066961072,0.22280553376378104,-0.1530243729323262,0.1530243729323262,0.6328035066914734,0.16337738041341052,1,3,0,Porphyrii Isagoge translatio,"cum sum necessarius , Chrisaoria , et ad is qui sum apud Aristoteles praedicamentum doctrina nosco quis genus sum et quis differentia quisque species et quis proprius et quis accido , et ad definitio adsignatio , et omnino ad is qui in diui",Lower without christus/christianus
505,IT-LAT0574_3,non_christian,0.1664621072383119,0.013462746645954524,-0.1529993605923574,0.1529993605923574,0.6340666303786947,0.1644383687639553,2,2,0,Gratiarum actio dicta Domino Gratiano Augusto,"gratia actio dico dominus GRATIANO augusto ago tu gratia , imperator Augustus ; si possum , etiam refero . sed neque tuus fortuna desidero remunero uicis neque noster suggero restituo facultas . priuatus iste copia sum inter sui sum munific",Lower without christus/christianus
456,MQDQ-232,non_christian,0.164506167381735,0.011517965216739316,-0.1529882021649957,0.1529882021649957,0.629001986258905,0.1624574485047296,3,1,0,eclogae,"dum fiscella tu fluuialis , Tityrus , iuncus texo et raucus immunis rus cicada , incipio , si qui habeo gracilis sub harundo carmen compositum . nam tu calamus inflo labellum Pan doceo uersus que bonus tu faueo Apollo . incipio , dum salix",Lower without christus/christianus
150,IT-LAT0320,non_christian,0.16954364460437502,0.016585603362877482,-0.15295804124149753,0.15295804124149753,0.633868276375541,0.16438051111323831,2,2,0,Timaeus,"multus sum ab nos et in academicus conscribo contra physicus et saepe cum P. Nigidius Carneadeus mos et modo disputo . sum enim uir ille cum ceterus ars , qui quidem dignus liber sum , orno omnis , tum acer inuestigo et diligens is res qui",Lower without christus/christianus
507,IT-LAT0574_8,NA,0.1599428214851923,0.007004211281763957,-0.1529386102034283,0.1529386102034283,0.6205786984580015,0.1582038134234775,2,2,0,Periocha Odyssiae,"pEaRIOCHA oDYSSIAE dico ego , Musa , uir , capo post moenia Troiaequus mos homo multus uideo et urbs . Oceanus effero roseus Aurora iugalis . iam sol Oceanus radio promo ortus . iam que adeo uenio ualidus ad Lacedaemonae arco . linquo in te",Lower without christus/christianus
193,MQDQ-496,NA,0.17524790916392252,0.022381248764749215,-0.15286666039917332,0.15286666039917332,0.6300164297738438,0.16304316214348596,3,1,0,elegiae 2,"quisquis adsum , faueo : frux lustro et ager , ritus ut ab priscus trado exto auus . Bacchus , uenio , dulcis que tuus ex cornu uua pendeo , et spica tempus cingo , Ceres . Lucas sacer requiesco humus , requiesco arator , et grauis suspendo",Lower without christus/christianus
441,IT-LAT0347,non_christian,0.1612886371510873,0.00850873142522941,-0.1527799057258579,0.1527799057258579,0.6276355831505759,0.1614423000163954,2,2,0,De munitionibus castrorum,"nunc papilio tensio cohors supra scribo ostendo . papilio unus occupo pes X , accipio incrementum tensura pes II , tego homo plenus centuria habeo miles LXXX : sum papilio X , qui decurro in longitudo pes CXX . nam quod ad latitudo [ sum ]",Lower without christus/christianus
562,MQDQ-293,NA,0.17869002674068793,0.026081092978079062,-0.15260893376260887,0.15260893376260887,0.651624740120552,0.1736078504646325,2,2,0,peruigilium Veneris,"cras amo qui numquam amo quisque amo cras amo ! uer nouus , uer iam canus ; uere nascor orbis sum , uere concordo amor , uere nubo ales , et nemus coma resoluo de maritus imber . Cras amor copulatrix inter umbra arbor implico casa uireo de",Lower without christus/christianus
215,MQDQ-505,non_christian,0.1609836011105274,0.008491596818224988,-0.15249200429230242,0.15249200429230242,0.6276821162530943,0.1617534680012101,2,2,0,fabulae incertae,"Aeneas ! quis enim sum , qui meus nomen nuncupo ? . . atque ego repello ratis meus mare . sed iam proscindo ratis sulco salum . . mater grauidus paro ex sui ardeo fax sum in somnus Hecuua : qui for pater Rex ipse Priamus somnio , mens metus",Lower without christus/christianus
59,MQDQ-502,non_christian,0.16552991471123632,0.013120409740459426,-0.1524095049707769,0.1524095049707769,0.6270957378243655,0.16175122810995124,3,1,0,togatarum fragmenta,". . inaurata atque inlautus mulier . prior quam aurum priuo purpura que apo sum . ego ab lana solox ad purpura datum frygio sum primo bene que is opus scio : relinquo acus acia que sum atque era noster qui quidem pol mulier dico , namque un",Lower without christus/christianus
41,MQDQ-72,non_christian,0.16553575726831793,0.013287633291702471,-0.15224812397661547,0.15224812397661547,0.630025444307842,0.1631690123442709,2,2,0,tragoediarum fragmenta,"seruus ciuis , defendo hostis , cum possum defendo . per is deus sublimus subex Umidas , unde orior imber sonitus saeuus et spiritus . qui nunc incertus res atque inoratus gradus regredero ? interea mortalis inter sui pugno proelio . nam co",Lower without christus/christianus
112,IT-LAT0922_7,NA,0.17444952952822892,0.022222293646315373,-0.1522272358819136,0.1522272358819136,0.6326014009332265,0.164477878751665,2,2,0,Post  reditum ad Quirites oratio,"post redeo ad Quiris oratio quod precor ab Iuppiter optimus Maximus ceterus que s immortalis sum , Quiris , is tempus , cum ego fortuna que meus pro uester incolumitas , otium concordia que deuoueo , ut , si meus ratio umquam uester salus a",Lower without christus/christianus
45,MQDQ-69,NA,0.2142597264547838,0.06205065034226199,-0.1522090761125218,0.1522090761125218,0.715920316268803,0.20615549618884504,2,2,0,annalium fragmenta spuria,"ut primum tenebra abiicio inalbo dies Minerua domina hera carbasus alo uolo pandus duco carina uester sine nomen , ueo saxum co comminuo brus Massilus porto iuuenis ad litus tanus qui super ingens Porta tono caelum trabs remus rostratus per",Lower without christus/christianus
321,MQDQ-194,NA,0.16719761186281692,0.01512181780496602,-0.15207579405785093,0.15207579405785093,0.6251573093023689,0.16090727476029887,2,2,0,de spectaculis,"Barbara pyramis sileo miraculum Memphis , Assyrius iacto neque Babylon labor ; nec Triuia templum mollis laudo Io , dissimulo Delos cornu ara frequens ; aere neque uacuus pendeo Mausolea laus immodicus careo in astrum fero . omnis Caesareus",Lower without christus/christianus
104,IT-LAT0922_5,NA,0.1556650584817227,0.0036392644088007672,-0.15202579407292194,0.15202579407292194,0.6132090741015048,0.15498315714479582,2,2,0,In Catilinam,"in Catilina oratio in l. cATILINAM primus quo usque tandem abutor , Catilina , patientia noster ? quam diu etiam furor iste tuus nos eludo ? qui ad finis sui effrenatus iacto audacia ? tu nocturnus praesidium Palatum , nihil urbs uigilia ,",Lower without christus/christianus
333,MQDQ-201,non_christian,0.15563887215307926,0.0036180385952860874,-0.15202083355779317,0.15202083355779317,0.6118817012008362,0.15432443120959027,2,2,0,epigrammata 7,"accipio belligera crudus thoraca Minerua , ipse Medusaea qui timeo ira coma . dum uaco , hic , Caesar , possum loricus uoco : pectus cum sacer sedeo , aegis sum . inuius Sarmaticus dominus loricus sagitta et Mars Geticus tergus fidus magis",Lower without christus/christianus
159,MQDQ-11,NA,0.17387754131316496,0.021869192056970112,-0.15200834925619486,0.15200834925619486,0.6395557749339844,0.16817395237776267,2,2,0,fragmenta poetica,"Lucifer hic gigno clarus delabor ab astrum praeuius Aurora , solus nox que satelles . fundus Uettus uoco , qui possum mitto fuo : ni tamen excido , qui cauus fuo pateo . hic Iuppiter altisonus subito pinnatus satelles arbor e trunco , serpe",Lower without christus/christianus
481,MQDQ-580,NA,0.1752566896786965,0.02325438396766155,-0.15200230571103496,0.15200230571103496,0.6105344557594027,0.1576838942417207,2,2,0,filius ad patrem,"credo nihil possum meus affectus addo qui , uenero pater , diligo magis . accedo ( grates superus medius que nepos , binus do noster qui iugum nomen ) , accedo titulus , tuus qui reuerentia cresco , qui doceo nascor quis sum amarus pater .",Lower without christus/christianus
30,MQDQ-317,non_christian,0.1557503113416539,0.0038523248444240453,-0.15189798649722988,0.15189798649722988,0.6128333708162805,0.15492311307787573,2,2,0,Miles gloriosus,"curo ut splendor meus sum clupeum clarus quam solus radium sum olim cum soleo , ut , ubi usus uenio , contra consero manus praestringo oculus acies in acies hostis . nam ego hic machaera ego consolor uolo , ne lamentor animus despondeo , qu",Lower without christus/christianus
482,IT-LAT0233,non_christian,0.15636963506454613,0.004721315158037002,-0.15164831990650912,0.15164831990650912,0.6135639291210161,0.15553805882096428,2,2,0,Periegesis seu descriptio orbis terrarum,"qui protentus iaceo uastus diuortium terra et qui praeceps uoluo pronus meatus flumen per terra , qui priscus inclytus murus oppidum nitor , genus hic procul omnis animantum qui colo , aoniis pergo stilus impiger ordior . arduus res , musa",Lower without christus/christianus
656,MQDQ-125,non_christian,0.25085808246527613,0.09970080237336262,-0.15115728009191348,0.15115728009191348,0.6307952500034403,0.1714439136402201,2,2,0,"uita Hilarii Arelatensis, uersus inserti","uideo ego , neque dignus tantus ad praeconium testis , prolixus soleo cedo labor ; necto ratio uarius iniungo hora , neque finis prex muto facio actus ; credo uix possum quisquam sic tempus idem necto dictor , relego , lego fateor , os , ma",Lower without christus/christianus
408,MQDQ-397,non_christian,0.20400005252956696,0.05286732525397583,-0.15113272727559113,0.15113272727559113,0.6338836393140087,0.17136441891003779,2,2,0,Captiui,"in pugna Hegio filius ; alius fugio seruus uendo . pater captiuus commerco aleus , tantum studeo ut nascor capio recupero ; et inibi emo olim amitto filius . is suus cum dominus uestis uersus atque nomen ut amitto facio : ipsus plecto : et",Lower without christus/christianus
39,MQDQ-73,non_christian,0.21159034164693188,0.06060178458817014,-0.15098855705876174,0.15098855705876174,0.6302817756327612,0.16885091374827849,2,2,0,praetextarum fragmenta,"esse per gens clueo omnis miserrimus . moneo , tute ipse cunctus cautus : o uideo fortis uir ! iam ager audax depopulo seruus dominus domi . . . et aequor salsus uegeo ingens uentus . cum spolium genus detraho , qui , pater , inscriptio do",Lower without christus/christianus
205,MQDQ-359,non_christian,0.1538990729611813,0.0030183795322394026,-0.1508806934289419,0.1508806934289419,0.6087877572012402,0.15391759933864355,2,2,0,elegiae 4,""" hic quicumque uideo , hospes , qui maximus Roma sum , ante Phrygis Aeneas collis et herba sum ; atque ubi naualis sto sacer Palatium Phoebus , Euandres profuga concubuo bos . fictilis creueo deus hic aureus templum , neque sum opprobrium",Lower without christus/christianus
405,MQDQ-394,non_christian,0.1922294967117696,0.04136237578585565,-0.15086712092591395,0.15086712092591395,0.6290528252381826,0.16735599048807756,2,2,0,Amphitruo,"in facies uersus Amphitruo Iuppiter , dum bellum gero cum telobois hostis , alcmena uxor capio usurarius . Mercurius forma Sosia seruus gero absum : hic alcmena decipio dolus . postquam redeo uerus Amphitruus et Sosia , uterque deludo dolus",Lower without christus/christianus
573,MQDQ-114,non_christian,0.1770110349288728,0.026208716041951338,-0.15080231888692147,0.15080231888692147,0.6330133694439759,0.16620320327565277,2,2,0,Alcestis Barcinonensis,""" praescius lauripotens , Latonia Delia Paean : inuoco tu laurus que tuus de nomen lego . arciteno , da scio dies , da nosco , quando rumpo Admetus fatalis filum soror . qui finis uita , quis meus post fatum relinquo , edoceo , sidereus ani",Lower without christus/christianus
551,LC-4,non_christian,0.15546276265210532,0.004678303034642117,-0.1507844596174632,0.1507844596174632,0.6105451662409307,0.15489253766996747,2,2,0,De bello Gildonico,"reddo imperium auster subicio que rursus alter conuexus polus . rector sub unus conspiro geminus frenum communis orbis . iungo Europen Libya . concordia frater plenus redeo . patria solum qui desum arma , tertius occubo natis uirtus tyrannu",Lower without christus/christianus
323,MQDQ-207,non_christian,0.16280995882891058,0.012082575652726347,-0.15072738317618425,0.15072738317618425,0.6221403480489158,0.160747205015239,2,2,0,epigrammata 13,"ne toga cordylum et paenula desum oliua aut inops metuo sordidus blatta fames , perdio Niliacus , Musa , meus damnum , papyrus : postulo ecce nouus ebrius bruma sal . non meus magnanimus depugno tessera telum senium neque noster cum cano qu",Lower without christus/christianus
641,LC-16,non_christian,0.17515450737042013,0.02446587104935747,-0.15068863632106264,0.15068863632106264,0.6364130140408869,0.16792228486634614,2,2,1,Saturnalia,"multas que res in hic uita nos , Eustacus filum , natura concilio : sed nullus nos magis quam is qui ex nos sum procreo caritas deuincio , is que noster in hic educandus atque erudio cura sum uolo , ut parens neque , si is qui cupio ex sent",Lower without christus/christianus
480,MQDQ-540,non_christian,0.1720929077049243,0.02143126919713772,-0.15066163850778658,0.15066163850778658,0.6075219575255759,0.15714543688918692,2,2,0,*uersus Aeneidos libro primo praemissi,"ille ego , qui quondam gracilis modulor auena carmen et egredior silua uicina cogo , ut quamuis auidus pareo aruum colonus , gratus opus agricola , at nunc horreo Mars",Lower without christus/christianus
135,MQDQ-328,NA,0.16767198184739873,0.017048991334283926,-0.1506229905131148,0.1506229905131148,0.607231259982352,0.15625361917495048,2,2,0,epigramma,"postquam sum mors aptus Plautus , comoedia lugeo , scaena sum desero , dein Risus ludus iocus que et Numerus simul omnis conlacrimo .",Lower without christus/christianus
329,MQDQ-199,non_christian,0.1529996483628447,0.0024398332254905327,-0.15055981513735411,0.15055981513735411,0.6048918673173648,0.15229053268829357,2,2,0,epigrammata 5,"hic tu , Palladiaa seu collis uteer Alba , Caesar , et hinc triuius prospicio , inde , seu tuus ueridicus disco responsum soror , planus suburbanus qui cubo unda fretus , seu placeo Aeneas nutrix siue filia Soli siue salutifer candidus Anxu",Lower without christus/christianus
654,MQDQ-273,NA,0.15551589811798128,0.00505130712220711,-0.15046459099577417,0.15046459099577417,0.6090930307779622,0.15448633856017227,2,2,0,de insitione,"Pasiphilus , orno fides , qui ius fateor , si quis in arcanus pectus umbra tego , bis septem paruus , opus agricolo , libellus qui manus hic scribo pars sileo pes , neque stringo numerus neque Apollo amnis fluo sed purus tantum rusticitas r",Lower without christus/christianus
414,MQDQ-403,non_christian,0.15584515651402975,0.005502785941774072,-0.15034237057225566,0.15034237057225566,0.6096904659305855,0.15504539283839994,2,2,0,Mercator,"missus mercatus ab suus adulescens pater emo atque adporto scio forma mulier . requiro qui sum , postquam is uideo , senex : confingo seruus emo mater pedisequa . amo senex hic , at sui simulo uendo trado uicinus ; is puto uxor sui scortum",Lower without christus/christianus
258,MQDQ-261,NA,0.1563136393426154,0.0061154274363320925,-0.15019821190628335,0.15019821190628335,0.6077182434826751,0.15406532400201955,2,2,0,ex Ponto 4,"accipio , Pompeius , deduco carmen ab ille debitor sum uita qui tu , Sextus , suus . qui seu non prohibeo ab ego tuus nomen pono , accedo mereo hic quoque summus tuus : siue traha uultus , equidem pecco fateor , delictum tamen sum causa pro",Lower without christus/christianus
500,MQDQ-480,non_christian,0.1779775522888815,0.028043203003273422,-0.14993434928560806,0.14993434928560806,0.6174983782981941,0.16235459269011482,2,2,0,Petronius Probianus,"iacto sui fortuna alius , qui iudex nullus lux ad Romulea suus solus licentia ueho ; tu , probiane pudor , tu felix gratia tu que italus simplicitas mos et sollertia iuuo . assidue quocirca , Augusta notus et hospes , praemium magnus tetuli",Lower without christus/christianus
692,MQDQ-77,NA,0.17255638358461337,0.022633423969460584,-0.14992295961515278,0.14992295961515278,0.6001712961751872,0.1546334275188676,2,2,0,"dictiones, 12, 24, 28, uersus inserti","littera de proprius laudo splendidus census ! aduena nam cultus nihil tribuo genium . ebrius uestio plus luceo uellus ser , per sui candeo collum decet lapis . non iuuo externus compono membrum nitor : lux naturalis sidus nobilito . perfung",Lower without christus/christianus
504,MQDQ-597,non_christian,0.1650668678902329,0.01528709778589614,-0.1497797701043368,0.1497797701043368,0.6275228539540185,0.16438607103963782,2,2,0,precationes variae,"Phoebus possum numerus , praeses tritonia bellum , tu quoque ab aerius praepo Uictoria lapsus , comis serenatus duplex diadema frons sertum fero qui donum toga , qui praemium pugna . bello fo que possum Augustus honor bis mereo , ut gemino",Lower without christus/christianus
269,MQDQ-267,non_christian,0.1554363619769062,0.00573782512287258,-0.14969853685403361,0.14969853685403361,0.6080558179040959,0.15473378626497966,2,2,0,*consolatio ad Liuiam,"uisa diu felix , "" mater "" modo dico "" Naeronum "" , iam tu dimidium nomen hic absum . iam lex in Drusus miserabilis , Lhiuia , carmen , unus qui dico iam tu "" mater "" habeo , neque tuus tu pietas distendo amor duo , neque pono filum nomen d",Lower without christus/christianus
32,MQDQ-319,non_christian,0.15332026727818382,0.0037093967552972976,-0.14961087052288652,0.14961087052288652,0.6040008722028902,0.15279397974552392,2,2,0,Persa,"qui amo ego ingressus sum princeps in amor uia supero aerumna suus aerumna Herculeus . nam cum leo , cum excetra , cum ceruus , cum aper Aetolicum , cum auis Stymphalicus , cum Antaeus delucto mauelis quam cum amor : ita fio miser quaerendu",Lower without christus/christianus
107,IT-LAT0922_9,NA,0.16403528273724896,0.014496157663121005,-0.14953912507412798,0.14953912507412798,0.62322157079295315,0.16247607448931395,2,2,0,Pro Archia,"pro archium si quis sum in ego ingenium , iudex , quod sentio quam sum exiguum , aut si qui exercitatio dico , in qui ego non infitior mediocriter sum uerso , aut si hice res ratio aliquis ab optimus ars studium atque disciplina prŏfectus ,",Lower without christus/christianus
495,IT-LAT0286,non_christian,0.17267079202793553,0.023170089886798834,-0.1495007021411367,0.1495007021411367,0.6311047338310298,0.16645607894134357,2,2,0,Testamentum porcelli,"incipio testamentum porcellus . M. Grunnius Corocotta porcellus testamentum facio . quoniam manus meus scribo non possum , scribendus dicto . Magirus coquus dico : ; uenio huc , euersor domi , solivertiator , fugitiuus porcellus , et hodie",Lower without christus/christianus
384,MQDQ-468,NA,0.1578277623962238,0.008434569669761282,-0.1493931927264625,0.1493931927264625,0.6086262951423574,0.15578930623892434,2,2,0,"Phormio, periocha","Chremeti frater absum peregre demiphus relinquo Athenae Antipho filius . Chremes clam habeo Lemni uxor et filia , Athenae alius coniunx et amo unicus fidicina gnao . mater ex Lemnus aduenio Athenae ; morior ; uirgo solus ( absum Chremes ) f",Lower without christus/christianus
172,IT-LAT0056,NA,0.15674363965246538,0.00763559849324042,-0.14910804115922496,0.14910804115922496,0.6095060879105049,0.15604941696299282,2,2,0,De re rustica,"otium si sum consequor , fundanium , commodior tu hic scribo , qui nunc , ut possum , expono cogito sum propero , quod , ut dico , si sum homo bulla , eo magis senex . annus enim octogesimus admoneo ego ut sarcina conligo , antequam profici",Lower without christus/christianus
171,MQDQ-538,NA,0.15315871800329556,0.004056856790428892,-0.14910186121286664,0.14910186121286664,0.6041696339864094,0.15338736994730343,2,2,0,eclogae,"Tityrus , tu patula recubo sub tegmen fagus siluestris tenuis musa meditor auena : nos patria finis et dulcia linquo aruum . Nos patria fugio : tu , Tityrus , lentus in umbra formosus resono doceo amaryllida silua . o Meliboee , deus nos hi",Lower without christus/christianus
156,IT-LAT0098,NA,0.15712197549115098,0.008088086191432673,-0.14903388929971834,0.14903388929971834,0.608832311310573,0.15578668052253353,2,2,0,Cato Maior de senectute,"o Titus , si quis ego adiuero curamven leuo , qui nunc tu coquo et uerso in pectus figo , ecquis sum praemium ? licet enim ego uersus idem adfor tu , Atticus , qui adfor Flamininus ille uir haud magnus cum res , sed plenus fides ; quamquam",Lower without christus/christianus
26,MQDQ-314,NA,0.15414316145316764,0.005302953820731135,-0.1488402076324365,0.1488402076324365,0.5990622789502109,0.15154761261864994,3,1,0,Epidicus,"Heus , adulescens ! quis propero ego reprehendo pallium ? familiaris . fateor , nam odium sum nimium familiariter . respicio uero , Thesprius . oh , Epidicumne ego conspicor ? Satius recte oculus uteer . . deus do qui uelo . saluos gaudeo .",Lower without christus/christianus
687,MQDQ-63,NA,0.2929194483807405,0.14413108181722045,-0.14878836656352004,0.14878836656352004,0.4839476755655037,0.15881512709451828,3,1,0,Orestes,"gaudium maestus cano detestor que triumphus : uictor pro laus nex , festiuus cruentus , funus affectus et lamentabilis uotus coniunx Iliacus , non qui iugulo Atridem , laureus regalis rutilo serno cruor et diadema dux foedo tabes cerebrum ;",Lower without christus/christianus
12,MQDQ-226,NA,0.1541171731630782,0.005361900861923979,-0.14875527230115426,0.14875527230115426,0.6044042241099646,0.1538512539207934,2,2,0,tragoediarum fragmenta,"ne ego gero mos uideo lingua , uerus lingula . omnis formido homo is ualentia . contemplo placide forma et facies uirgo . Excido oratio omnis confidentia . Ee nunc sum inuenio probrum compos scio . . . aurum rubeo fons lauo ego memini manus",Lower without christus/christianus
451,MQDQ-439,non_christian,0.21400962605574092,0.06528841863303028,-0.14872120742271064,0.14872120742271064,0.6321382434651391,0.17132294492196173,2,2,0,carminum fragmenta,"inferus manus sinister immolo poculum . laeuo qui uideo Lauerna , palladi sum dexter . ad mercatus is , uilicus : quis uis inde ueho aut ago ? gero que intus in oppidum anhelus Panopa grex . inquam amicus ager dominus : si bene meus facio ,",Lower without christus/christianus
363,IT-LAT0346,non_christian,0.1596020908388085,0.01092138732603634,-0.14868070351277216,0.14868070351277216,0.6106707088577764,0.15705906508308137,2,2,0,De generibus controversiarum,"nunc de genus controuersia perscribo , qui soleo in quaestio deduco . sum autem hic de alluuio atque abluuio , de finis , de locus , de modus , de ius subsicivum , de ius territorium . [ item genus controuersia . ] de alluuio obseruatio hic",Lower without christus/christianus
644,IT-LAT0189,non_christian,0.1739953093094182,0.025458629873721165,-0.148536679435697,0.148536679435697,0.6346337825371113,0.16918462599982398,2,2,1,Epitoma rei militaris,"I primus liber electio edoceo iunius , ex qui locus uel qualis miles probo sum aut qui armos exercitium imbuo . Secundus liber uetus militia contineo mos , ad qui pedestris instituo possum exercitus . tertius liber omnis ars genus , qui ter",Lower without christus/christianus
404,MQDQ-436,NA,0.15315565286519692,0.004861327196697647,-0.14829432566849926,0.14829432566849926,0.6012130148164219,0.15271659590667702,2,2,0,*epigrammata,"omnis tempus edax depasco , omnis carpo , omnis sedes moueo , nihil sino sum diu . flumen deficio , profugus mare litus sicco , subsido mons et iugum celsus ruo . quis tam paruus loquor ? moles pulcherrimus caelum ardeo flamma totus repens",Lower without christus/christianus
668,MQDQ-482,NA,0.3020079963520107,0.15373528163276634,-0.14827271471924436,0.14827271471924436,0.47205741343784396,0.1646723645004401,3,1,0,aenigmata,"hic quoque Symphosius de carmen ludo ineptus ( sic tu , Sextus , doceo ; sic tu deliro magister ) , annuus Saturnus dum tempus festus redeo Perpetusus semper nos sollemnis ludus . post epula laetus , post dulcia poculum mensa deliro inter u",Lower without christus/christianus
40,MQDQ-70,non_christian,0.17907536502195973,0.03088945397974523,-0.1481859110422145,0.1481859110422145,0.6294269934222942,0.1670642320337548,2,2,0,saturarum fragmenta,"malo hercle magnus suus conuiuo sine modus dum quidquid , do celere contemplor inde locus liquidus pilatus que aether orae Restito occurro obsto obstringillo obagito Ennus poeta saalue , qui mortalis uersus propina flammeus medullitus . nam",Lower without christus/christianus
415,MQDQ-404,non_christian,0.17779515562043596,0.02986873871750218,-0.1479264169029338,0.1479264169029338,0.6272087969013499,0.1660823957147065,2,2,0,Miles gloriosus,"meretrix Athenae Ephesus miles aueho . is dum sum amo seruus nuntio uolo Legatus peregre , ipsus in mare et idem ille miles donum . suom arcesso erus Athenae et foro geminus communis cla paries in aedis , licet ut queo conuenio amo . Obhaer",Lower without christus/christianus
238,MQDQ-254,NA,0.1511267535342202,0.0033271188454076874,-0.14779963468881252,0.14779963468881252,0.5945164098375352,0.14986298439692042,2,2,0,tristia 2,"quis ego uos cum sum , infelix cura , libellus , ingenium pereo qui miser ipse meus ? cur modo damno repeto , meus crimen , musa ? an semel sum poena commereo parum ? Carmen facio , ut ego cognosco uolo omen non faustus femina uir que meus",Lower without christus/christianus
60,MQDQ-329,non_christian,0.16647727679961927,0.01869640123979304,-0.14778087555982625,0.14778087555982625,0.5969202879411699,0.15421434406574278,2,2,0,Ardeatis templi inscriptio,"dignus dignus . locus pictura condecoro regina Iuno superior coniunx templum Plautius Marcus ; clueo Asia latus sum oriundus , qui nunc et post semper ob ars hic ardea laudo .",Lower without christus/christianus
725,IT-LAT0252,non_christian,0.2146752114063023,0.06697536979577591,-0.1476998416105264,0.1476998416105264,0.6346409086730491,0.176091957143443,2,2,0,Orationes,"tenuis munus laudator . et cum desiderium uester de ille satisfacio cupio , inmensus praedicatio obsequium postulatum . o qui nimium sum amor publicus ieiunus oratio saturo et quam arduus de celsus princeps humilis loquor : ut qui uester so",Lower without christus/christianus
106,IT-LAT0095,NA,0.15099147331127397,0.0033156402154336825,-0.14767583309584026,0.14767583309584026,0.5939285497983486,0.1496928559702994,2,2,0,Pro Sulla,"Magis uolo , iudex , ut P. Sulla et antea dignitas suus splendor obtineo et post calamitas accipio modestia fructus aliquis percipio possum . sed quoniam ita fero casus infestus ut in amplissimus honor cum communis ambitio inuidia tum singu",Lower without christus/christianus
241,MQDQ-257,non_christian,0.1512223082474546,0.003756778678628135,-0.14746552956882647,0.14746552956882647,0.5960034166087979,0.15094059290253778,2,2,0,tristia 5,"hic quoque de Geticus , noster studiosus , libellus litus praemitto quattuor addo meus . hic quoque talis sum , qualis fortuna poeta : inuenio totus carmen dulcis nihil . flebilis ut noster status sum , ita flebilis carmen , materia scribo",Lower without christus/christianus
216,MQDQ-504,non_christian,0.16764104242136557,0.020212248585616953,-0.1474287938357486,0.1474287938357486,0.5881864564665984,0.15094090776498903,2,2,0,fabulae,memoria uoluo atque fama . numquam numerus mater facio Foeda stupra que castigo cottidie . Topper fortuna commuto homo . strigones exercitum saucius puer filia sumo formido obiuro sero sapio Phryges .,Lower without christus/christianus
579,MQDQ-23,NA,0.15334891685921434,0.005920942175206232,-0.1474279746840081,0.1474279746840081,0.5976170590711188,0.15210036507251568,3,1,0,de consulatu Stilichonis,"continuo super plenus Romanus fauor gaudium successus que nouus successus augeo : conubium necdum festiuus regius cantus sopio , cano fusus triumphus , et calidus thalamum succedo laureus sero , sumo ut pariter princeps nomen que maritus ui",Lower without christus/christianus
338,MQDQ-421,NA,0.17619480067338933,0.028863991259317993,-0.14733080941407134,0.14733080941407134,0.5897849214828197,0.15276246920078942,2,2,0,tragoediae fragmentum,"scindo ater uetus planctus , Cisse , gena .",Lower without christus/christianus
566,IT-LAT0364,non_christian,0.17159641303942358,0.024280315613431736,-0.14731609742599183,0.14731609742599183,0.6309294751704733,0.16855305432621015,2,2,0,De solecismo,"Soloecismus sum uitium in contextus pars oratio contra regula ars grammaticus facio . inter soloecismus et barbarismus hic intersum , quod soloecismus discrepo aut inconsequens in sui dictio habeo , barbarismus autem in singulus uerbum fio",Lower without christus/christianus
94,MQDQ-238,non_christian,0.17257488693313444,0.025407533624561232,-0.14716735330857317,0.14716735330857317,0.6298946091049811,0.1681843654108827,2,2,0,Atellanarum fragmenta,"edepol , paternus qui comsum pecunia quis ita ? quia enim repuerascio , fugito persono , pater . Licetne , leno , duo uerbum ? etiam ? quod tu , meus gnatus , quaeso ut in pectus tuus demitto tamquam in fiscina uindemitor . ago nunc , quand",Lower without christus/christianus
342,IT-LAT0563_1,NA,0.15073116983372703,0.003613224172116545,-0.14711794566161052,0.14711794566161052,0.5916052459612221,0.1496502574547478,3,1,0,Achilleida,"magnanimum Aeacides formido que tono progenies et patrius ueto succedo caelum , diuus , refero . quamquam ago uir multum inclitus cantus Maeonium ( sed plus uaco ) , nos eo per omnis - - sic amor sum - - herous uolo Scyrum que lateo dulichi",Lower without christus/christianus
328,MQDQ-198,non_christian,0.15115501617647692,0.004125041555285151,-0.14702997462119177,0.14702997462119177,0.5956074682959888,0.15117817369376796,2,2,0,epigrammata 4,"Caesar almus dies et lux sacratus ille conscius Dictaeus qui fero Ida Iuppiter , longus , precor , Pylius que uenio numerosus aeuum semper et hic uultus uel melior niteo . hic colo Albanus tritonida multus in aurum per qui manus tantus plur",Lower without christus/christianus
494,IT-LAT0574,NA,0.16922482441194303,0.022258832727283538,-0.14696599168465949,0.14696599168465949,0.6120878613547438,0.1609007664714261,3,1,0,De Bissula,"peruinco tamen et operio musa meus , qui initium uelo obscuritas , quamquam non profanus , irrumpo , Paulus carissimus . quamuis enim tu non is uulgus existimo , quod Horatius arceo ingressus , tamen suus quisque sacer , neque idem Ceres ,",Lower without christus/christianus
651,MQDQ-444,non_christian,0.17576149982347944,0.028802044260515004,-0.14695945556296444,0.14695945556296444,0.6378208943783003,0.17235540579315103,2,2,3,carmina,"quis facio laetus seges , qui tempus amandum messis et grex , uitis atque apis , ad Maecenatus quondam sum edo nomen ; hinc , Marus , post audo arma uir que loquor . at ego Petrus sum maecenas tempus hic ; nam fama pelagus sidus curro suus",Lower without christus/christianus
190,MQDQ-129,non_christian,0.15043057199373078,0.0034930728699756673,-0.14693749912375514,0.14693749912375514,0.5909653578370259,0.1495278491719334,3,1,0,carmina 3,"odi profanus uolgus et arceo . faueo lingua : carmen non prior audio musa sacerdos uirgo puer que cano . rex timendus in proprius grex , rex in ipse imperium sum Iuppiter , claris giganteus triumpho , cunctus supercilium moueo . sum ut uir",Lower without christus/christianus
678,MQDQ-349,NA,0.17910458872484433,0.03218206938255218,-0.14692251934229214,0.14692251934229214,0.5891004418480605,0.1531012828665235,2,2,0,praeceptum,"ius , periurus , secretus prodo nolo",Lower without christus/christianus
274,IT-LAT0112,NA,0.15126665932928038,0.004437765238169657,-0.14682889409111072,0.14682889409111072,0.5865049426770252,0.14904473240833332,3,1,0,Consolatio ad Polybium,"noster comparo , firmus sum ; si redigo ad condicio natura omnis destruo et unde edo idem reuoco , caducus sum . quis enim immortalis manus mortalis facio ? Septem ille miraculum et si qui hic multo mirabilus sequor annus exstruo ambitio al",Lower without christus/christianus
276,MQDQ-224,NA,0.1757416272745823,0.028955965280893017,-0.1467856619936893,0.1467856619936893,0.5890206689364537,0.15285706286837178,2,2,0,carminum fragmenta,"incipio ardeo Phoebus produco flamma , spargo sui rubicundus dies ; iam tristis hirundo arguo redeo cibus inmitto nidus incipio et mollis partio os ministro .",Lower without christus/christianus
113,IT-LAT0922_8,NA,0.1531342252235579,0.006452979568524858,-0.14668124565503302,0.14668124565503302,0.5914428324801607,0.1510086614892746,3,1,0,Post reditum in senatu,"post redeo in senatus si , pater conscribo , pro uester immortalis in ego frater que meus liber que noster mereo parum uos cumulo gratia agio , quaeso obtestor que , ne meus natura potior quam magnitudo uester beneficium is tribuo puto . qu",Lower without christus/christianus
359,MQDQ-554,non_christian,0.17599655756595842,0.029435943355905006,-0.14656061421005342,0.14656061421005342,0.5869611092996404,0.15214304785657448,2,2,0,epigramma,"hic situs sum Rufus , qui uindex quondam imperium adsero non sui sed patria .",Lower without christus/christianus
268,MQDQ-269,NA,0.15707269762873427,0.010538033711154336,-0.14653466391757997,0.14653466391757997,0.5968686658654326,0.1535736030307837,2,2,0,carminis fragmentum,eous Oceanus Hyperion fulguro eurus ; arctoo plaustrum boreas bacchor ab Haemus ; Hesperius Zephyrus Orion uoluo altus ; fuluus Paraetonium uaga Cynthia proruo auster .,Lower without christus/christianus
348,IT-LAT0534_2,non_christian,0.14954215828084927,0.00313792261753663,-0.14640423566331265,0.14640423566331265,0.5866992793804421,0.1482269987832638,3,1,0,De vita Iulii Agricolae,"DE UITA AGRICOLAE clarus uir facio mos que posterus trado , antiquitus usitatus , ne noster quidem tempus quamquam incuriosus suus aetas omitto , quotiens magnus aliquis atque nobilis uirtus uinco atque supergredior sum uitium paruus magnus",Lower without christus/christianus
246,IT-LAT0996,NA,0.15995183070331553,0.013839338737689673,-0.14611249196562587,0.14611249196562587,0.5887738294071642,0.15115727154590125,2,2,0,Res romanae,"; stratum que per herba hic meus sum , dico , dies . ; flauus praetexo os galerum . et suus concors do sibilo clarus draco . igneus nam caelum duco sidus Phoebus , fraternus successor equus . sto apud sacro antistita numen ara . huc ado aon",Lower without christus/christianus
239,MQDQ-255,NA,0.156252893112421,0.010321236613728652,-0.14593165649869236,0.14593165649869236,0.6032669777475012,0.15610624654202357,2,2,0,tristia 3,""" missus in hic uenio timidus liber exul urbs : da placidus fessus , lector amicus , manus ; neue reformido , ne sum tu forte pudor : nullus in hic charta uersus amarus doceo . hic dominus fortuna meus sum , ut debeo ille infelix nullus dis",Lower without christus/christianus
257,IT-LAT0278,non_christian,0.14816749240514906,0.0023172117290301995,-0.14585028067611888,0.14585028067611888,0.585729947725706,0.14741910735369945,2,2,0,Res gestae,"res gero diuus Augustus , qui orbis terra imperium populus Romanus subicio , et impensa qui in res publica populus que Romanus facio , incido in duo aheneus pilus , qui sum Roma pono , exemplar subicio . annus undeuiginti nascor exercitus p",Lower without christus/christianus
388,MQDQ-213,non_christian,0.1723059227037666,0.02649702998328224,-0.14580889272048436,0.14580889272048436,0.585982547935238,0.15198765624471572,2,2,0,fragmentum,tu Hector imito : ab Ilium numquam recedo .,Lower without christus/christianus
726,MQDQ-42,non_christian,0.18241340587697635,0.036782523556041974,-0.1456308823209344,0.1456308823209344,0.638298724739009,0.17392289421553542,2,2,9,Iohannis,"uictor , procer , praesumo dico laurus : tempus pacifico carmen festus cano . scribo ego libet magnus per bellum Iohannes , uenio genus facio legendus uir . omnis notus facio longaeuus littera mundus , dum memoro uetus proelium cunctus dux",Lower without christus/christianus
162,IT-LAT0075,NA,0.15096512679826368,0.005355858243947282,-0.14560926855431638,0.14560926855431638,0.5921797151615653,0.1508850031934316,2,2,0,Philippicae,"in M. oratio PHILIPPICA primus Antequam de respublica , pater conscribo , dica is , qui dicendus hic tempus arbitror , expono uos breuiter consilium et profectio et reuersio meus . ego cum spero aliquando ad tu consilium auctoritas que res",Lower without christus/christianus
699,MQDQ-86,non_christian,0.21236959208812548,0.066885248182545,-0.14548434390558046,0.14548434390558046,0.6321066117162483,0.17596846151445977,2,2,0,"Rhetorica, opusc. 6","sum noster tantum , non stringo crimen quisquam . nos uita macula tergo ars ops . si niueus consto merito qui testis senatus , cogo hic omnis dico nox sero . et reus et sanctus de noster nascor os : dum loquor , capio duco arbitrium . lana",Lower without christus/christianus
192,MQDQ-495,non_christian,0.16764676746990018,0.02223189554669739,-0.1454148719232028,0.1454148719232028,0.6298809397404772,0.16993001211400116,2,2,0,elegiae 1,"diuitia alius fuluus sui congero aurum et teneo cultus iugerum multus solus , qui labor assiduus uicinus terreo hostis Martius qui somnus classicus fugo : meus meus paupertas uita traduco iners , dum meus assiduo luceo ignis focus . ipse se",Lower without christus/christianus
698,MQDQ-80,non_christian,0.21021721772474056,0.06488816102158712,-0.14532905670315346,0.14532905670315346,0.6311297441452535,0.17552584917819236,2,2,0,"opuscula, 6, uersus inserti","per tu , per qui tu talis gigno parens , Symmachus , ne noster maneo sors durus tabella , Da dexter tenuis et tu cum ego tollo per unda . non facio ad mos credo fallo sanctus . Nihil moror : in supplex uenio , misereor precor , uilis diues",Lower without christus/christianus
271,MQDQ-104,non_christian,0.1639181723632416,0.018747904329809054,-0.14517026803343253,0.14517026803343253,0.5858139677311407,0.15134903155766388,2,2,0,carminis fragmentum,"non aries ille uernus ferio aer cornu , cnosia neque geminus praecido cornu taurus , siccus Lycaonius resupino plaustrum Bootee .",Lower without christus/christianus
189,MQDQ-128,NA,0.14857472584200018,0.0034649740877562138,-0.14510975175424395,0.14510975175424395,0.5831190621934098,0.14725738885156608,3,1,0,carmina 2,"motus ex Metellus consul ciuicus bellum que causa et uitium et modus ludus que fortuna grauis que princeps amicitia et arma nondum expio ungo cruor , periculosus plenus opus alea , traco et incedo per ignis suppono cinis dolosus . paulum se",Lower without christus/christianus
183,MQDQ-274,NA,0.14722703090336384,0.0021547891596478672,-0.14507224174371597,0.14507224174371597,0.5824566125089483,0.14656047867772354,2,2,0,"corpus Tibullianum 3, 7","tu , Messalla , cano , quamquam tuus cognosco uirtus terreo : ut infirmus nequeo subsisto uis , incipio tamen , atque mereo si carmen laus deficio , humilis tantus sum conditor ago , neque tuus praeter tu charta intexor quisquam facio queo",Lower without christus/christianus
134,MQDQ-230,NA,0.17020507751662914,0.025235541960433858,-0.1449695355561953,0.1449695355561953,0.5827468494120835,0.1510673539337482,2,2,0,epitaphium,"immortalis mortalis si sum fas flo , fleo diuus Camena Naeuius poeta . itaque postquam sum trado thesaurus obleo sum Roma loquor lingua latinus .",Lower without christus/christianus
570,IT-LAT0850,NA,0.14971941696326058,0.004814692777832232,-0.14490472418542838,0.14490472418542838,0.5870700325957202,0.14903470627939708,2,2,0,De viris illustribus urbis Romae,"proco , rex Albanus , Amulius et Numitor filius habeo , qui regnum annuo uicis habeo relinquo ut alternus impero . sed Amulius frater imperium non do et ut is suboles priuo , filia is , Rheo Siluia , Uesta sacerdos praeficio , ut uirginitas",Lower without christus/christianus
492,IT-LAT0115,NA,0.14916235422484575,0.004561498541893195,-0.14460085568295258,0.14460085568295258,0.5854189224990404,0.14851301973353295,2,2,1,Breviarium ab Urbe condita,"dominus ualeo gothicus maximus pERPETUO augusto C. magister MEMORIAE . . res romanus ex uoluntas mansuetudo tuus ab urbs condo ad noster memoria , qui in negotium uel bellicus uel ciuilis emineo , per ordo tempus breuis narratio colligo , s",Lower without christus/christianus
122,IT-LAT0922_4,non_christian,0.1487792300177671,0.0042887515677523325,-0.14449047845001478,0.14449047845001478,0.5834336474327626,0.14763075943333187,2,2,0,De oratore,"de orator LIBER I cogito ego saepe numerus et memoria uetus repeto perbeascor sum , Quintus frater , ille uideo soleo , qui in bonus res publicus , cum et honor et res gero gloria floreo , is uita cursus tenere possum , ut uel in negotium s",Lower without christus/christianus
336,MQDQ-204,non_christian,0.14736399708514722,0.003196633310053504,-0.1441673637750937,0.1441673637750937,0.5803791355402858,0.14642661816201452,2,2,0,epigrammata 10,"si nimius uideo serus que coronis longus sum liber , lego paucus : libellus sum . ter que quater que ego finio carmen paruus pagina : facio tu ego quam cupio ipse breuis . festino prior , decimus ego cura libellus manus nunc reuoco opus . n",Lower without christus/christianus
761,IT-LAT0990_8,NA,0.4911497460497717,0.34713390047474174,-0.14401584557502994,0.14401584557502994,0.6077913509833408,0.15987982991664046,1,3,0,"Formula vitae honestae, De quattuor virtutibus","gloriosissimus atque tranquillus et insignis catholicus fides praeditus pietas Mironius rex Martinus humilis episcopus . non ignoro , clementer rex , flagrantus tu animus sitis sapientia insatiabiliter poculum inhio is que tu ardenter , qui",Lower without christus/christianus
682,MQDQ-98,non_christian,0.1886501040898289,0.04465428374918,-0.1439958203406489,0.1439958203406489,0.6359961411100442,0.17565910671808987,2,2,0,carmen (anth. Riese),"regius festum uanus sollemnis annuus uotum . imperialis decus Thrasamundus gloria mundus , regno Libya . Totus sic clarus orbis sol radio mico cunctus super eniteo astrum . in qui concordo pietas prudentia mos uirtus forma decus animus sens",Lower without christus/christianus
103,IT-LAT0126,NA,0.14727587708217862,0.0033511650360130963,-0.14392471204616553,0.14392471204616553,0.5802967186034468,0.14662806142252321,2,2,0,De lege agraria,"de lex agrarius oratio tertius CONTRA P. sERVILIVM RVLLVM TR . pLEB . in sENATV [ ] iuuentus [ Char . GLs ] [ ] Capua colona deducio occupo , Atella praesidium communio , Nuceria , Cumae multitudo suus obtineo , ceterus oppidum praesidium d",Lower without christus/christianus
227,MQDQ-248,non_christian,0.1464928340660168,0.0025820519621087092,-0.1439107821039081,0.1439107821039081,0.5793613129484395,0.14617428853727701,2,2,0,ars,"si quis in hic ars populus non nosco amandum , hic lego et lectus carmen doceo amo . ars cio uelo que ratis remus que moueo , ars leuis currus : ars regendus amor . currus Automedon lor que sum aptus habena , tiphys in Haemonia puppis magis",Lower without christus/christianus
608,MQDQ-562,non_christian,0.1840918210759381,0.04022505138848317,-0.14386676968745496,0.14386676968745496,0.636156944037274,0.17461611649814737,2,2,1,fabulae,"rusticus defleo paruus iuro olim , ni taceo , rabidus quod sum esca lupus . credulus hic uox lupus audio et maneo ipse peruigil ante foris , irritus uoueo gero . nam lasso puer nimius do membrum quies , spes quoque raptor tollo inde fames .",Lower without christus/christianus
701,MQDQ-347,non_christian,0.18723309152974785,0.04349542640327897,-0.14373766512646885,0.14373766512646885,0.6373921538258677,0.17536282595343028,2,2,0,carmen in laudem Anastasii imperatoris,"Summus poeta qui soleo in uersus , qui imperator modulor laus , profero , caelum cum peto et sidus aduerto natura sequor impius , tu scio quod displico nimis pius , nihil nefo , nihil nisi uerus loquor . Nam qui tribuo mortalis caelestis ,",Lower without christus/christianus
337,IT-LAT0588_1,NA,0.14946294321517606,0.005820622634083738,-0.14364232058109236,0.14364232058109236,0.5843507059308513,0.14893744655129862,2,2,0,Strategemata,"cum ad instruo res militaris scientia unus ex numerus studiosus is accedo is que destino , quantum cura noster ualeo , satisfacio uisus sum , debeo adhuc instituo arbitror opera , ut sollertia dux facio , qui ab Graeci unus appellatio compr",Lower without christus/christianus
676,MQDQ-615,NA,0.3224561684330173,0.1788879628204069,-0.1435682056126104,0.1435682056126104,0.5767302706813613,0.15153288404586135,2,2,0,epigramma in ecclesia sancti Petri,soluo iuuans Deus terra petra catena qui facio ut pateo caelestis regnum beatus . ipse tuus petra disrumpo uincula iubeo qui tu constituo mundanus soluo necto .,Lower without christus/christianus
77,MQDQ-333,non_christian,0.19227785322350005,0.04892359324015841,-0.14335425998334164,0.14335425998334164,0.6314269473452773,0.1731282148261273,2,2,0,praetextarum fragmenta,"Nihil neque periclum neque tumultus sum , quod scio . clamor et gemitus templum resonio caelitus . uis gallicus obduco contra in acies exercitus : lue patrius hostilis fundo sanguens sanguis . tu sanctus ueneror prex , inuictus , inuoco , P",Lower without christus/christianus
537,MQDQ-16,non_christian,0.14578468673833653,0.00257355934773111,-0.1432111273906054,0.1432111273906054,0.5761294651117697,0.14525801933224475,2,2,0,panegyricus dictus Honorio tertium consuli,"paruus non aquila fas sum educo fetus ante fides sol iudicium que polus . nam pater , excutio salio cum tegmen proles ouum que maternus rumpo hiulcus tepor , protinus implumo conuerto ad aether nidus et rego flamma impero os patior . consul",Lower without christus/christianus
663,MQDQ-268,NA,0.14557993190676977,0.0024839007831009576,-0.1430960311236688,0.1430960311236688,0.5731295989089231,0.14424341983157346,3,1,0,*argumenta Aeneidos,"uergilius magnus quantum concedo Homerus , tantum ego Uergilius , Naso poeta , meus . neque ego praefero cupio tu fero , poeta ; ingenium si tu subsequor , hic satis sum . argumentum quidem liber priuo noto , error ignarus ne quis habeo que",Lower without christus/christianus
119,IT-LAT0922_13,NA,0.1468705319065893,0.0038185913941101426,-0.14305194051247916,0.14305194051247916,0.5757072271482835,0.14520608722862793,2,2,0,Pro Sestio,"pro Sestium si quis antea , iudex , miror quis sum qui , pro tantus ops res publicus tantus que dignitas imperium , nequaquam satis multus ciuis fortis et magnus animus inuenio qui audeo sui et salus suus in discrimen offero pro status ciui",Lower without christus/christianus
335,MQDQ-203,non_christian,0.16855892776154863,0.02572567788094481,-0.1428332498806038,0.1428332498806038,0.6294908311922516,0.17231657988248733,2,2,0,epigrammata 9,"nosco , licet nolo , sublimis pectus uates , qui refero serus praemium dignus cinis , hic tu sub noster breuis carmen imago uiuo , quam non obscurus iungo , auitus , uir : "" ille ego sum nullus nugae laus secundus , qui non miror sed puto ,",Lower without christus/christianus
143,IT-LAT0922_3,non_christian,0.14792966975346578,0.0052009848163251295,-0.14272868493714064,0.14272868493714064,0.5781778076135607,0.14676463303660509,2,2,0,De optimo genere oratorum,"de optimus genus oro oro genus sum dico tamquam poeta ; is secus sum , nam alter sum multiplex . poema enim tragicus , comicus , epicus , melicus , etiam atque dithyrambicio , qui magis sum tracto ab Graeci quam ab Latina , suus quisque sum",Lower without christus/christianus
296,IT-LAT0072,non_christian,0.14603140031965117,0.0033059689339264725,-0.14272543138572472,0.14272543138572472,0.5748952052912719,0.14512658542687656,2,2,0,De constantia sapientis,"tantum inter Stoici , seren , et ceterus sapientia prŏfessus intersum quantum inter femina et mas non inmerito dico , cum uterque turba ad uita societas confero , sed alter pars ad obsequor , alter imperium nascor sum . ceterus sapio mollit",Lower without christus/christianus
245,IT-LAT0029_4,NA,0.1453041279854775,0.0029998973229748423,-0.14230423066250267,0.14230423066250267,0.5738668008187249,0.14503358391382512,2,2,0,Invectiva in Ciceronem,"grauiter et iniquus animus maledictum tuus patior , M. Tullius , si tu scio iudicium magis quam morbus animus petulantia iste utor . sed cum in tu neque modus neque modestia ullus animaduerto , respondeo tu , ut , si qui male dicendus uolup",Lower without christus/christianus
642,MQDQ-185,NA,0.17010813584640513,0.027834199821693623,-0.14227393602471153,0.14227393602471153,0.5680298501952057,0.14696006716109497,2,2,0,carminis fragmentum,"indiges diuus fatum summus Iuppiter hic sum : quondam homo , modo cum superus humanus tueor , atque munificus , ius rex nunc quoque naco",Lower without christus/christianus
550,IT-LAT0373,NA,0.16012146575115566,0.01789483228111964,-0.142226633470036,0.142226633470036,0.58889578981106006,0.15262567560245938,2,2,0,Fescennina dicta Honorio Augusto et Mariae,"princeps corusco sidus pulchrus Parthus sagitta tendo certus , eques Geloni imperiosus , qui dignus mens laus sum arduus ? qui dignus forma laus sum igneus ? tu malo quam do castor ; praefero Achilles tu proprius Thetum ; Uenus sperno Adoni",Lower without christus/christianus
386,MQDQ-336,NA,0.16331419860195365,0.021162130694802057,-0.14215206790715157,0.14215206790715157,0.5728264016211688,0.14829461285841078,2,2,0,*fragmentum poeticum flor. c. 7 insertum,"Eous regno aqua in flumen centum discurro , centum uallis ille os que centum , Oceanus que fretum centenus iungo amnis .",Lower without christus/christianus
603,MQDQ-418,non_christian,0.14668651761753662,0.00458402463162098,-0.14210249298591565,0.14210249298591565,0.5732973809106836,0.1449506116363915,2,2,0,fragmenta duo,"multus satio lito Ceres . illic ut Genua mos sum frumentum repono , sto ad nubifer horreum tutus nosco atque teneo uigilo hiberna ligusticus miles , qui gero in medius laneus tergum sus . accipio stabulum : diues propola ministro , dum flex",Lower without christus/christianus
218,MQDQ-626,non_christian,0.17961022602491722,0.037748478761649,-0.14186174726326822,0.14186174726326822,0.6293634672363101,0.17362062516656318,2,2,0,carminum fragmenta,"si quis forte meus domus Cato , depingo minium assula et ille custos uideo hortulus Priapus , miror , qui ille disciplina tantus sum sapientia assequor , qui tres cauliculus , selibra far , racemo duo tegula sub unus ad summus prope nutrio",Lower without christus/christianus
194,MQDQ-497,non_christian,0.16784538966828436,0.026036342689866383,-0.14180904697841798,0.14180904697841798,0.6284198675825753,0.17280530097983499,2,2,0,*elegiae 3,"sulpicia sum tu cultus tuus , Mars magnus , kalendae : specto ex caelum , si sapio , ipse uenio . hic Uenus ignosco : ab tu , uiolentus , caueo ne tu miro turpiter arma cado . ille ex oculus , cum uolo exuro diuus , accendo gemino lampas ac",Lower without christus/christianus
43,MQDQ-67,NA,0.1524071313721913,0.01070124319807975,-0.14170588817411156,0.14170588817411156,0.5829920112439629,0.15019453161483526,2,2,0,annalium fragmenta,"Musa , qui pes magnus pulso Olympus somnus lenus placidus que reuincio uisus Homerus adsum poeta o pietas animus desum riuus campus que remano terra que corpus Qui do ipse capio neque dispo facio hilum Ou pario soleo genus penna condecoro ,",Lower without christus/christianus
29,MQDQ-316,non_christian,0.14593531954316977,0.004562709383605474,-0.1413726101595643,0.1413726101595643,0.5724700797884813,0.1452668439016417,2,2,0,Mercator,"Duo res simul nunc ago decretumst ego : et argumentum et meus amor eloquor . non ego item facio ut alius in comoedia uis uideo amor facio , qui aut nox aut Dion aut Soli aut Luna miseria narro suus : qui pol ego credo humanus querimonia non",Lower without christus/christianus
199,MQDQ-246,non_christian,0.1441588509604437,0.002831534774793555,-0.14132731618565014,0.14132731618565014,0.5700734287849573,0.1441138123737938,2,2,0,amores 2,"hic quoque compono Paelignus nascor aquosus ille ego nequitia Naso poeta meus ; hic quoque iubeo amor ; procul hinc , procul estus , seueo : non sum tener apto theatrum modus . ego lego in sponsus facies non frigidus uirgo et rudis ignotus",Lower without christus/christianus
391,IT-LAT0043,NA,0.2461202438583009,0.10488535804476036,-0.14123488581354054,0.14123488581354054,0.5150962873826143,0.14912706005352866,3,1,0,Metamorphoses,"LIBER primus At ego tu sermo iste Milesius fabula consera auris que tuus beniuolus lepidus susurro permulceo - modo si papyrus aegyptius argutia Niloticus calamus inscribo non sperno inspiceo - , figura fortuna que homo in alius imago conue",Lower without christus/christianus
115,IT-LAT0134,non_christian,0.1454154829304712,0.004302476796768515,-0.1411130061337027,0.1411130061337027,0.5667926182807446,0.14429936601961252,3,1,0,De provinciis consularibus,"de prouincia consularis si quis tu , pater conscribo , exspecto qui sum prouincia decresco , considero ipse sui cum qui ego homo ex prouincia potissimum detraho sum ; non dubito quis sentio ego conuenio , cum , quis ego sentio necesse sum ,",Lower without christus/christianus
154,IT-LAT0102,NA,0.14476870919840157,0.0038162590544125225,-0.14095245014398905,0.14095245014398905,0.5702884836738521,0.14459620585990235,2,2,0,De officiis,"quamquam tu , Marcus filum , annus iam audio Cratippus is que Athenae abundo oportet praeceptum institutum que philosophia propter summus et doctor auctoritas et urbs , qui alter tu scientia augeo possum , alter exemplum , tamen , ut ipse a",Lower without christus/christianus
715,IT-LAT0202,NA,0.2252808141903893,0.08495355695798684,-0.14032725723240247,0.14032725723240247,0.5758088512272375,0.1479815825481816,2,2,0,Institutiones,in nomen dOMINI NOSTRI CHRISTI . imperator CAESAR flauior iUSTINIANUS ALAMANNICUS gothicus FRANCICUS germanicus anticus ALANICUSs uandalicus africanus pius felix inclitus uictor augustus CUPIDAE lex . imperatorius maiestas non solum arma de,Lower without christus/christianus
105,IT-LAT0922_10,NA,0.14353986725333343,0.0032502371899548483,-0.14028963006337858,0.14028963006337858,0.5642228307954827,0.14233511613511113,3,1,0,Pro Murena,"pro murena Qui precor ab s immortalis sum , iudex , mos institutum que maius ille dies qui auspicao comitium centurio L. murena consul renuntio , ut is res ego fides magistratus que meus , populus plebs que Romanus bene atque feliciter euen",Lower without christus/christianus
232,MQDQ-57,non_christian,0.2025468481410575,0.062385172255968194,-0.14016167588508932,0.14016167588508932,0.6318112729710746,0.17984734475358327,2,2,0,carminum fragmenta,"omnis cum Bauium communis frater habeo , unianimis frater sicut habeo soleo , rus domus nummus atque omnis : denique ut aio corpus geminus spiritus unus sum . sed postquam alter mulier concubitus nosco , depono alter amicitia . [ et ] omnis",Lower without christus/christianus
710,MQDQ-346,NA,0.14503448168598598,0.004969218920978015,-0.14006526276500797,0.14006526276500797,0.56747466741033,0.1440764851071224,2,2,0,perihegesis,"Natura genitor , qui mundus contineo omnis , annuo , rex caelum , pono tellus et unda , in qui imperium mortalis ipse do , materies tantus ego promo carmen dignus . incipio terra tractus pons que meatus et fluuius cano atque urbs populus qu",Lower without christus/christianus
731,IT-LAT0196,NA,0.641034891481067,0.501040937083107,-0.13999395439795992,0.13999395439795992,0.36702708217599744,0.141282497854962,3,1,6,De origine actibusque Getarum,"praef . uolo ego paruus subueho nauigium ora tranquillus litus stringo et minuo de priscus , ut quidam aio , stagnum pisciculus lego , in alo , frater Castalus , laxo uelum compello relinquo que opusculum , qui intra manus habeo , is sum ,",Lower without christus/christianus
161,IT-LAT0240,non_christian,0.14197742242650316,0.0023631988617474043,-0.13961422356475575,0.13961422356475575,0.560638452018392,0.14110941661140558,2,2,0,Commentarius de bello Alexandrino,"bellum Alexandrinus conflo Caesar Rhodos atque ex Syria Cilicia que omnis classis arcesso ; Creta sagittarius , eques ab rex Nabataeor Malcho euoco ; tormentum undique conquiro et frumentum mitto , auxilium adduco iubeo . interim munitio co",Lower without christus/christianus
100,IT-LAT0922,NA,0.14412452331242623,0.004525291777347565,-0.13959923153507867,0.13959923153507867,0.561109080794648,0.14272542386602616,3,1,0,Commentariolum petitionis,"etsi tu omnis suppeto is qui consequor ingenium aut usus homo aut diligentia possum , tamen amor noster non sum alienus arbitratus ad tu perscribo is qui ego uenio in mens dies atque nox de petitio tuus cogito , non ut aliquis ex hic nosco",Lower without christus/christianus
464,IT-LAT0621,NA,0.23009095901127516,0.09051736194669097,-0.13957359706458422,0.13957359706458422,0.5707651301456989,0.14762359717306686,3,1,0,Sententiarum receptarum libri quinque,"Liber primus [ ab ] - consiliarius is tempus qui adsideo negotium tracto in suus quidem auditorium nullus modus sum , in alienus autem non prohibeo . filius libertus libertus que libertus paternus et patronum manumissor domicilium aut origo",Lower without christus/christianus
197,MQDQ-131,non_christian,0.14287782085821255,0.003318904375016307,-0.13955891648319624,0.13955891648319624,0.5637828042726408,0.1427368998200895,2,2,0,carmen saeculare,"Phoebus silua que possum Diana , lucidus caelum decus , o colo semper et cultus , do qui precor tempus sacer , qui Sibyllinus moneo uersus uirgo lego puer que castus do , qui septem placeo collis , dico carmen . almus sol , currus nitidus d",Lower without christus/christianus
148,IT-LAT0140,non_christian,0.16184642828409002,0.022388258908493355,-0.13945816937559669,0.13945816937559669,0.6096092844927736,0.16575088703775548,2,2,0,Pro Deiotaro,"pro Deiotarus cum in omnis causa grauior , C. Caesar , initium dico commoueo soleo uehementior , qui uideo uel usus uel aetas meus postulo , tum in hic causa ita ego multus perturbo , ut , quantum meus fides studium ego adfero ad salus rex",Lower without christus/christianus
273,IT-LAT0116,NA,0.14246889360948845,0.0039133707067165145,-0.13855552290277193,0.13855552290277193,0.5601521882612749,0.14192498539483084,2,2,0,Consolatio ad Helviam matrem,"saepe iam , mater bonus , impetus capio consolor tu , saepe contineo . ut audeo multus ego impello : primum uideo depono omnis incommodum , cum lacrima tuus , etiam si supprimo non possum , interim certe abstergeo ; deinde plus habeo ego au",Lower without christus/christianus
358,IT-LAT0534_3,non_christian,0.1412829328812616,0.0030468904504445224,-0.13823604243081705,0.13823604243081705,0.5561305720220964,0.14023365774719646,2,2,0,Dialogus de oratoribus,"dialogus DE orator saepe ex ego requiro , iustus Fabius , cur , cum prior saeculum tot eminens oro ingenium gloria que , noster potissimum aetas desero et laus eloquentia orbo uix nomen ipse orator retineo ; neque enim ita appello nisi anti",Lower without christus/christianus
62,IT-LAT0236,NA,0.14103324631496267,0.0028221104067890435,-0.13821113590817363,0.13821113590817363,0.5543955227196617,0.1393910396186226,2,2,0,Orationes,"cogito cum animus veter : si quis uos per labor recte facio , labor ille ab uos cito recedo , bene facio uos , dum uiuo , non abscedo ; sed si qui per uoluptas facio , uoluptas cito abeo , facio ille apud uos smeper maneo . maior seorsum at",Lower without christus/christianus
126,IT-LAT0136,NA,0.14076082532034612,0.00268897098616444,-0.13807185433418168,0.13807185433418168,0.5545522987684028,0.1396087092169851,2,2,0,Pro Rabirio Postumo,"si quis sum , iudex , qui C. Rabirius , quod fortuna suus , fundo praesertim atque optimus constituo ops , potestas regius libido que , reprehendo puto , ascribo ad iudicium suus non modo meus sed hic etiam ipse qui committo sententia ; neq",Lower without christus/christianus
288,IT-LAT0425,NA,0.15127929788004563,0.013426142828404309,-0.1378531550516413,0.1378531550516413,0.5706558078874495,0.14944341472993328,3,1,0,Commentarii,"hic oratio dico sum Cn.us Pompeius Magnus II M. Crassus II cossus . ante paucus dies quam Cn. Pompeius ludus facio , qui theatrum ab sui facio dedico . hic intellego ex ipse Cicero uerbum possum qui in hic oratio pono . dico enim sic : ; .",Lower without christus/christianus
275,IT-LAT0266,non_christian,0.14032868539684423,0.0038233140643755955,-0.13650537133246865,0.13650537133246865,0.5515495442587993,0.13967381496389636,2,2,0,De chorographia,"primus orbis situs dico aggredior , impedio opus et facundia parum capax - consto enim fere gens locus que nomen et is perplexus satis ordo , qui persequor longus sum magis quam benignus materia - uerus aspicio tamen cognosco que dignus , e",Lower without christus/christianus
206,MQDQ-130,NA,0.1469570955127784,0.012054556506114174,-0.1349025390066642,0.1349025390066642,0.5489255023477981,0.14181512861344753,3,1,0,carmina 4,"intermitto , Uenus , diu rursus bellum moueo ? parce precor , precor . non sum qualis sum bonus sub regnum Cinara . mater saeuus cupido , circa lustrum decem flecto mollis iam durus imperium ; abeo , quo blo iuuenis tu reuoco prex . Paulus",Lower without christus/christianus
99,IT-LAT0922_2,non_christian,0.14083507424758998,0.006121828340932371,-0.13471324590665762,0.13471324590665762,0.5494602425963949,0.14042128955850516,2,2,0,De imperio Cn. Pompei ad Quirites oratio,"quamquam ego semper frequens conspectus uester multo , hic autem locus ad ago amplus , ad dico ornatus sum uisus , Quiris , tamen hic aditus laus , qui semper optimus quisque magis pateo , non meus ego uoluntas adhuc , sed uita meus ratio a",Lower without christus/christianus
145,IT-LAT0535,non_christian,0.13794569905442347,0.003242528601518557,-0.13470317045290492,0.13470317045290492,0.5438909330611436,0.1376467102446322,2,2,0,De bello civili,"ciuilis littera Caesar consul reddo aegre ab hic impetro sum summus tribunus plebs contentio , ut in senatus recito ; ut uero ex littera ad senatus refero , impetro non possum . refero consul de res publicus [ in ciuitas ] . [ incito ] L. L",Lower without christus/christianus
211,MQDQ-38,NA,0.15637096359575137,0.021896162009466993,-0.1344748015862844,0.1344748015862844,0.5409807787981786,0.14024489779708543,2,2,0,Atellanae fragmentum,"hospes , resisto et sophia Dossennius lex . uenio Dorsennus ab uilla hircus uetulus caprea natura ligurro . Orcus uos duco pes si quis monumentum nago sum qui is requiro . sum ungulus , qui is uis detraho ebrius .",Lower without christus/christianus
259,IT-LAT0142,NA,0.13762349204204863,0.0032518573455499224,-0.1343716346964987,0.1343716346964987,0.5411722945822823,0.1366189267616078,2,2,0,Ab Urbe condita,"facturusne opera pretium sum si ab primordius urbs res populus Romanus perscribo neque satis scio neque , si scio , dico audeo , quippe qui cum uetus tum uolgatus sum res uideo , dum nosco semper scriptor aut in res certior aliquis affero s",Lower without christus/christianus
515,IT-LAT0574_4,NA,0.13502123880678107,0.002132946186586144,-0.13288829262019494,0.13288829262019494,0.5339141226173221,0.13447318285543144,2,2,0,Liber protrepticus ad nepotem,"pROTREPTICUS AD nepos libellus , qui ad nepotulus meus , soror tuus filius , instar protrepticio ludo , uenio ipse praemitto lego . hic enim malo quam ipse recito , sum ut tu censura liberus , qui duo causa impedio soleo : quod auris noster",Lower without christus/christianus
343,MQDQ-205,non_christian,0.16303997017914967,0.03032355785618355,-0.13271641232296616,0.13271641232296616,0.6279530033441737,0.18166450351608604,2,2,0,epigrammata 11,"quo tu , qui , liber otiosus , tendo cultus Sidon non cotidianus ? numquid Parthenius uideo ? certe : uado et redeo ineuoluo ; liber non lego ille sed libellus ; neque Musa uaco , aut suus uaco . ecquis tu satis aestimo beatus , contingo tu",Lower without christus/christianus
175,MQDQ-137,non_christian,0.14334505676023473,0.011027667876477108,-0.13231738888375763,0.13231738888375763,0.5361634238468036,0.1378977277182822,2,2,0,"*ignoti uersus Hor. sat. 1, 10 praemissi","Lucilius , quam sum mendosus testis Cato defensor tuus peruinca , qui male facio emendo paro uersus , hic lenior ille qui bonus uir et sum longe subtilus ille , qui multus puer sum lorum et funis udus exhortor ut sum ops qui fero poeta anti",Lower without christus/christianus
689,MQDQ-75,non_christian,0.43736537999318437,0.3050749234231737,-0.13229045657001065,0.13229045657001065,0.6292500727065767,0.18233457978327772,1,3,17,carmina 1,"Celsus astriger Titan conscendo axis , lampas cum plenus totus in orbis pareo . flammiger ardeo sorbeo flumen cancer . cum seges messor falx domo proprius . sicco dum fons bibo , dum mundus anhelo , iussus in excursus gallicus lustrum sequo",Lower without christus/christianus
356,MQDQ-556,non_christian,0.14177786482994315,0.00989115835729479,-0.13188670647264833,0.13188670647264833,0.5349852136026976,0.1374595765368507,2,2,0,carmen,"Cano carmen uersus minuo , hic olim qui et meus Catullus et caluus uetus que , sed quis ad ego ? Unus Plinius sum ego prior . uersiculus forum relinquo et quaero qui amo puto que amo . ille o Plinius , ille quot Catones ! I nunc , quisquis",Lower without christus/christianus
188,MQDQ-127,NA,0.13964709848823484,0.007880570226752495,-0.13176652826148233,0.13176652826148233,0.5370975106654914,0.1394404127905019,3,1,0,carmina 1,"maecenas atauus edio rex , o et praesidium et dulcis decus meus : sum qui curriculum puluis Olympicus colligo iuuo meta que feruidus euito rota palma que nobilis terra dominus eueho ad deus ; hic , si mobilis turba Quiris certo tergeminus t",Lower without christus/christianus
732,IT-LAT0906,NA,0.39137499755309035,0.26072972041132064,-0.1306452771417697,0.1306452771417697,0.5181863400416467,0.13349129179101524,3,1,14,De summa temporum vel origine actibusque gentis Romanorum,"uigilantia uester , nobilissimus frater Uigilius , gratia refero , quod ego longus per tempus dormio uester tandem interrogatio excito . Deus magnus gratia , qui uos ita facio sollicitus , ut non solum uos tantum , quantum et alius uigilo .",Lower without christus/christianus
230,MQDQ-249,non_christian,0.13171273562625113,0.0030413027340645687,-0.12867143289218658,0.12867143289218658,0.5164839103405778,0.1299749364450677,2,2,0,remedia amoris,"lego hic amor titulus nomen que libellus : "" bellum ego , uideo , bellum paro "" aio . "" parco tuus uates scelus damno , Cupido , trado qui toties tu dux signum fero . non ego Tydides , ab qui tuus saucius mater in liquidus redeo aether Mars",Lower without christus/christianus
266,IT-LAT0148,NA,0.13440581261987353,0.006762143639237873,-0.12764366898063567,0.12764366898063567,0.5205101439453966,0.133015817159028,2,2,0,Historia Romana,"[ Epeus ] tempestas distraho ab dux suus Nestor Metapontum condo . teucer , non recepo ab pater Telamo ob segnitia non frater iniuria , Cyprus adpulsus cognomino patria suus Salamina constituo : pyrrhus , Achilles filius , Epirus occupo , P",Lower without christus/christianus
476,MQDQ-241,non_christian,0.1970133049832273,0.06965893788993632,-0.12735436709329098,0.12735436709329098,0.6369759819712194,0.19153803805928407,2,2,3,carmina,"qui quondam suo pulcher decoro libellus carmen in Augustus fero Thale manus , ostrum totus niteo , argentum aurum que coruscus scribo nosco , pingo limes dico noto , scriptor bene como manus mereo que renideo gratificus , dominus uisus apto",Lower without christus/christianus
772,MQDQ-215,non_christian,0.18375448492998137,0.05746288479302965,-0.12629160013695173,0.12629160013695173,0.6360504705742189,0.19213804931712308,2,2,0,elegiae,"aemulus quis cesso finis propero senectus ? cur et in hic fessus corpus tardus uenio ? soluo precor miser talis de carcer uita : mors sum iam requies , uiuo poena ego . non sum qui sum : pereo pars maximus noster ; hic quoque qui supersum l",Lower without christus/christianus
140,IT-LAT0047,non_christian,0.1272198558919599,0.0031863693885852066,-0.12403348650337469,0.12403348650337469,0.4988785985729155,0.12633075344188793,3,1,0,Brutus,"cum ex Cilicia decedo Rhodos uenio et eo ego de Q. Hortensius mors sum adlo , opinio omnis maior animus capio dolor . nam et amicus amitto cum consuetudo iucundus tum multus officium coniunctio ego priuo uideo et interitus talis augur digni",Lower without christus/christianus
202,MQDQ-356,non_christian,0.12528040351546615,0.002788408177238936,-0.12249199533822719,0.12249199533822719,0.49413707989136174,0.124980958774419,2,2,0,elegiae 1,"Cynthia primus suus miser ego capio ocellus , contactus nullus ante cupido . tum ego constans deicio lumen fastus et caput impono premo amor pes , donec ego doceo castus odi puella improbus , et nullus uiuo consilium . et ego iam totus furo",Lower without christus/christianus
198,MQDQ-245,NA,0.12398860875740322,0.0023946903975003648,-0.12159391835990285,0.12159391835990285,0.48883955061757384,0.12323027111584939,2,2,0,amores 1,"arma grauis numerus uiolentus que bellum paro edo , materia conuenio modus . par sum inferior uersus ; rideo Cupido dico atque unus surripio pes . "" quis tu , saeue puer , do hic in carmen ius ? Pieridus uates , non tuus , turba sum . quis",Lower without christus/christianus
722,MQDQ-621,NA,0.45133218642984,0.3301332056463048,-0.12119898078353522,0.12119898078353522,0.43491433425279913,0.13637717525229798,3,1,0,uersus in subscritione codicis Hegesippi,ecce pater dulcis ut possum tuus iussus perago plus promo uella planus quam possum ualeo quoque tuus sanctus fido oratio actus quicumque sum placeo in cor recipio omnis hic offensus ego deprecor sum dono denique percurro sine auctor que ret,Lower without christus/christianus
71,MQDQ-337,non_christian,0.1443832815621403,0.02375433903573797,-0.12062894252640234,0.12062894252640234,0.48114669363722257,0.1247011517661788,2,2,0,tragoediae fragmentum,"qui ego causa , fortuna , infestus premo ?",Lower without christus/christianus
740,MQDQ-43,non_christian,0.24798648267263879,0.13066284398446404,-0.11732363868817478,0.11732363868817478,0.6357859005875378,0.2050885181822923,2,2,1,panegyricus in laudem Anastasii,"immensus silua laus , uir iustus , tuus aspicio celsus nitor contingo ramus grandis que ab summus decerpo pomum racemus . sed paruus maior peto , neque prendo possum mensura transfundo meus , longe que remotus suspicio miror que uideo , et",Lower without christus/christianus
690,MQDQ-76,non_christian,0.29171590899450117,0.17883153940881596,-0.11288436958568522,0.11288436958568522,0.6366546308762026,0.21225765345887174,2,2,3,carmina 2,"gens bonus , probitas nito et nomen auctor sic iaceo angusto , dico dolor , in tumulus ! spes domus immensus modicum contego sepulchrum sum , arto paruus culmen cespes ! quis decus in puer , quis praesto limen uita ? non expecto mors uenio",Lower without christus/christianus
557,IT-LAT0351,NA,0.11531640051087633,0.0026987945748549705,-0.11261760593602137,0.11261760593602137,0.4543644633548396,0.11496903990836377,2,2,0,Liber memorialis,"uolo tu omnis nosco scribo hic liber memorialis , ut nosco quis sum mundus , quis elementum , quis orbis terra fero , uel quis genus humanus perego . mundus sum uniuersitas res , in qui omnis sum et extra qui nihil ; qui Graecus dico cosmus",Lower without christus/christianus
741,MQDQ-44,non_christian,0.20734837010062307,0.0964245311704309,-0.11092383893019214,0.11092383893019214,0.6342818049149308,0.2066214776942386,2,2,6,panegyricus in laudem Iustini Augusti,"deus omnis regnum sub pes do sum tuus , rex que superbus subdo , hostilis que manus decresco facio . ille colubrimodus Auares gens durus capillus , horribilis uisus crudus que asperrimus bellum , imperium subicio tuus , seruio paro , in med",Lower without christus/christianus
624,MQDQ-380,NA,0.5345410737708345,0.4360346269505832,-0.09850644682025125,0.09850644682025125,0.3125583803976755,0.11647395999192545,2,2,0,de Sodoma,"iam deus omnipotens primaeuis tempus saeclum uindex diluuio cunctus aboleo unda , qui caelum spargo . terra , mare expuo aequor : hactenus haud liquidus poena decerno exscidio . quotiens , hiemps cum induco aer , freno uarius pluuia mando a",Lower without christus/christianus
582,MQDQ-116,non_christian,0.27669417412683905,0.17995469911037573,-0.09673947501646334,0.09673947501646334,0.6373390585958919,0.22798354365552204,2,2,2,carminum fragmenta,"qui deus nascor Ganymedes ad sidus rapio uinum Iuppiter magnus uolo fundo mensis . qui Semel gigno , de qui pulcherrimus proles Liber condignus partus fero edo frux . Scipio qui gigno , Paulus fundo parens , Gracchus suboles , agamemnonis i",Lower without christus/christianus
754,MQDQ-530,NA,0.6631993579112453,0.5679193041063457,-0.09528005380489955,0.09528005380489955,0.23216966651058035,0.09528005380489955,4,0,2,carminum libri  7,"orpheus orditus moueo dum pollex chorda uerbum que percutio pecten filum do , mox resono lyra tango dulcedo silua , ad cantus traho amor ferus . undique mitto uacuo cubile damma , depono rabies tigris et ipse uenio . sollicito melo nimius f",Lower without christus/christianus
753,MQDQ-529,NA,0.8029744008570716,0.7111383189021997,-0.0918360819548719,0.0918360819548719,0.238391340247548,0.09312462541187398,3,1,5,carminum libri  6,"uere nouus , tellus sum dum exuo pruina , sui picturatus gramen uestio ager , longe extendo frondosus cacumen mons et renouo uiridis arbor opacus coma : promitto grauida ramus genitalis uua palmes gemmo uitis amoenus tumeo . promitto flos g",Lower without christus/christianus
707,MQDQ-393,NA,0.2190436074285047,0.12763104534772587,-0.09141256208077883,0.09141256208077883,0.5294345836047105,0.17370914388854175,2,2,0,de concubitu Martis et Veneris,"disco securus non umquam credo amor . ipse Uenus , qui flamma possum , qui milito ardor , qui tuto possum custos cupido amarus , qui doceo et fraudo et amor furtum tueor , neque sui securus ualeo praebeo latebra . improbus , dure puer , cru",Lower without christus/christianus
767,MQDQ-119,NA,0.86731737393520425,0.7850347473399509,-0.08228262659525334,0.08228262659525334,0.13562332806581345,0.08357117005225542,3,1,0,*de martyrio Maccabaeorum,"Rex sum Antiochus Syria ditissimus olim , in qui regnum mater natis que sum septem , ut fama refero , de sanctus gens creo . qui cura assidue genus memini iubeo et lex seruio do : sic namque uolo de populus melior deus suus ius teneo . rex",Lower without christus/christianus
576,MQDQ-379,NA,0.44394067297115314,0.364161263301489,-0.07977940966966413,0.07977940966966413,0.32673778618271765,0.09005920804023848,2,2,0,carmen ad quendam senatorem,"cum tu diuersus iterum uanus que uideo Inseruio sacer priscus que error teneo , obstipesco motus . quia carmen semper amo , carmen respondeo propero scribo uersus , ut tu corripio tenebra praepono lux . Quis patior enim tu mater credo magnu",Lower without christus/christianus
757,IT-LAT0433,NA,0.6356472037877711,0.5584230722552465,-0.07722413153252462,0.07722413153252462,0.20472465733411116,0.0785126749895267,3,1,0,Pro repellenda iactantia,"multus sum uitium genus , qui humanus fragilitas infesto , et qui uulnus paene omnis homo saucio , qui etiam sicut ab omnis ago , ita cognosco ab omnis . Nam , ut dica paucus de multus , alius , qui iracundia vinco , caedes , homicidium , c",Lower without christus/christianus
768,MQDQ-159,NA,0.6319158207753895,0.557220399695414,-0.07469542107997552,0.07469542107997552,0.1500977003983589,0.07472886088390297,3,1,0,*de passione domini,"quisquis adsum medius que subeo in limen templum , sisto parum insons que tuus pro crimen passus respicio ego , ego condo animus , ego pectus seruus . ille ego qui casus homo miseror acerbus , huc uenio pax interpres et amplus communis culp",Lower without christus/christianus
719,IT-LAT0867,NA,0.7022114815914908,0.6293762869388473,-0.07283519465264354,0.07283519465264354,0.1838035589459987,0.07412373810964562,3,1,59,Codex,"primus CJ . de summus trinitas et de fides catholicus et ut nemo de is publicus contendo audeo . CJ . pr . : imperator Gratianus , Ualentinianus , theodosius cunctus populus , qui clementia noster rego temperamentum , in talis uolo religio",Lower without christus/christianus
724,IT-LAT1001,NA,0.9066487803270679,0.840005405703772,-0.06664337462329575,0.06664337462329575,0.13339047206549726,0.06793191808029783,3,1,7,Excerpta Valesiana,"pars prior origo Constantinus imperator Diocletianus cum Herculios Maximianus impero annus constanter , diuus Claudiius bonus princeps nepos ex frater , protector primus , inde tribunus , postea praeses Dalmatiae sum . iste cum Galerius ab",Lower without christus/christianus
627,MQDQ-516,NA,0.9161694316073843,0.8515877624701906,-0.06458166913719374,0.06458166913719374,0.13501824609703716,0.06585658086191262,3,1,0,uersus Sibyllae,"iudicium signum tellus sudor madesco . ex caelum rex aduenio per saeclum sum , scilicet in caro praesens , ut iudico orbis . unde Deus cerno incredulus atque fidelis Celsus cum sanctus aeuum iam terminus in ipse . sic anima cum caro adsum ,",Lower without christus/christianus
728,MQDQ-354,NA,0.783871129972649,0.7218225111357154,-0.06204861883693358,0.06204861883693358,0.17103004709904535,0.10418078730087738,3,1,1,alethia,"si tu , magnus , uolo fascis memoro parens , uix do in tergum pagina lego modus . a proauus atauus que possum , tu stemma uincus mos , et mereo cedo origo tuus , optimus Parthenius , pono qui nomen ab aeuum laus magis sum animus , qui , uer",Lower without christus/christianus
680,MQDQ-286,NA,0.9187291599053022,0.856849654317549,-0.061879505587753264,0.061879505587753264,0.1472964501490751,0.06316804904475534,3,1,0,de uisitatione nepotuli sui,"quam modicus stilla quanto torrens repo , sanctus deus , licet ipse hic uel guttula ros ab tu tam sterilis datum sum uel praesto cor . non hic obsequium tam largus flumen egeo ut tenuis leuis folium qui decido umor tam profluo augmentum fac",Lower without christus/christianus
508,MQDQ-579,NA,0.8069477250543199,0.7472481833589681,-0.05969954169535176,0.05969954169535176,0.14136902802821366,0.060988085152353835,3,1,0,ephemeris,"mane iam clarus resero fenestra , iam strepo nidus uigilax hirundo ; tu uelut primus medius que nox , Parmenus , dormio . dormio glis hiemps perennis , sed cibus parco ; tu causa somnus , multus quod poto nimius que tendo mol sagina . inde",Lower without christus/christianus
734,MQDQ-537,NA,0.9099653289430334,0.8518439421548759,-0.058121386788157536,0.058121386788157536,0.1170225597082899,0.059409930245159615,3,1,0,de satisfactione paenitentiae,"quis ego maestus do lacrimosus imber os flendus cruento et iugiter lugubris fluentum contero suffero gena oculus que madeo pectus compungo , rugo frons rigo ? sum epulum opto ego desiderabilis planctus palpebra que cado dulcis mano haustus",Lower without christus/christianus
774,MQDQ-475,NA,0.8505160618982026,0.8009453397812196,-0.049570722116983046,0.049570722116983046,0.07772758630877363,0.049570722116983046,4,0,2,sylloge cod. Elnonensis,"eheu , quam paruus perfungor tempus uita fraternus iunctus latus neque mors reuello Inter maius cinis , sedio , tuus condo ! Octauus tutemet nam curro lustrum coepio atque triplex prope meta uenio annus , cum tu summus dies casus decipio ac",Lower without christus/christianus
645,MQDQ-218,NA,0.4416141028213708,0.39691893660787453,-0.04469516621349626,0.04469516621349626,0.1593481080812631,0.04994245502401913,2,2,0,carmen de Christo,"proles uerus Deus cunctus que antiquus annus , nunc genitus , qui semper sum , lux que repertor Ante tuus mater que parens , qui mitto ab astrum Aequaeuus genitor uerbum que in semen fundo uirgineus habito sinus et corpus ars iubeo ineo uia",Lower without christus/christianus
487,MQDQ-350,NA,0.7031635346596464,0.6638481481515796,-0.03931538650806689,0.03931538650806689,0.08333730691826757,0.03931538650806689,4,0,2,cento Vergilianus,"Romulidus ductor , clarus lux alter sol , eoa qui regnum rex moderamen iustus , spes orbis frater que decus : digno Maro muto in melior diuinus agnosco sensus , scribendus famulus qui iubeo . hic tu mundus principium forma que polus homo qu",Lower without christus/christianus
433,IT-LAT0744,NA,0.9241821036249803,0.887664770620441,-0.036517333004539354,0.036517333004539354,0.12175173059942279,0.04180991435541942,2,2,11,De exhortatione castitatis,"non dubito , frater , tu post uxor in pax praemitto ad compositio animus conuerto de exitus singularitas cogito et utique consilium indigeo . quamquam in huiusmodi cum fides suus conloquor debeo unusquisque is que uis consulo , tamen quonia",Lower without christus/christianus
600,IT-LAT0001,NA,0.9104013761647828,0.8800666874651021,-0.0303346886996807,0.0303346886996807,0.1232476404609878,0.03599385061347399,2,2,577,Vulgata,in principium creo Deus caelum et terra terra autem sum inanis et uacuus et tenebrae super facies abyssus et spiritus Deus fero super aqua dico que Deus fio lux et facio sum lux et uideo Deus lux quod sum bonus et diuido lux atque tenebra a,Lower without christus/christianus
737,MQDQ-210,christian,0.7411890544467721,0.7125350256191401,-0.028654028827632037,0.028654028827632037,0.08045802420816539,0.03121971840766271,3,1,0,uersus in refectorio,"non hic auro orno prandium fulcrum Assyrius murex neque tu simmus do . neque per multiplex abacus splendeo gauessa pono nitidus codex ars daps . neque scyphus hic do , rutilo qui forte metallum Crustatus stringo tortilis ansa latus . uinum",Lower without christus/christianus
659,MQDQ-118,NA,0.93316576531903,0.906702748202863,-0.02646301711616697,0.02646301711616697,0.0838424290567209,0.036064421713592615,2,2,1,*in genesin,"pareo moneo tuus dulcia iussus sequor , antistes Christus , qui do os pius . an ego non cano tantus praeconium pater , munus opus que deus dum ego lingua sum ? raucus quidem strido et nullus dignus coturnus , ingenium que iaceo : sed libet",Lower without christus/christianus
389,IT-LAT0044,NA,0.9233293998266043,0.8974066851967029,-0.025922714629901505,0.025922714629901505,0.05843359851815577,0.029831454712657662,2,2,5,Acta martyrum scillitanorum,"praesens bis et Claudianum consul , XVI Kalendae augusto , Karthago in secretarius impositus spero , Nartzalus et Cittinus , dono , secundus , Uestia , Saturninus proconsul dico : “ possum indulgentia dominus noster imperator promereo , si",Lower without christus/christianus
637,IT-LAT0383,NA,0.4861624585735561,0.46172934071391425,-0.024433117859641813,0.024433117859641813,0.11425060386975139,0.03852502095857975,2,2,0,Contra haereticos (Codex Theodosianus),"iMPERATORESTHEODOSIUS ET UALENTINIANUS praeficio praetorium haereticus ita sum reprimo insania , ut ante omnis qui ab orthodoxus abripio teneo ubicumque ecclesia statim catholicus ecclesia tradendus sum non ambigo , quia fero non possum , u",Lower without christus/christianus
661,MQDQ-60,NA,0.8592141590716469,0.8356244390916446,-0.02358971998000231,0.02358971998000231,0.10338877608806696,0.03143678373035308,2,2,3,satisfactio,"Rex immensus Deus , cunctus conditor et spes , qui tremo omnis solum , qui rex ignis polus , sidus flamma dies qui sol nox luna fateor auctor , Dominus saeculum cunctus probo : principium siue finis careo et tempus expers nescius alternus n",Lower without christus/christianus
618,MQDQ-54,NA,0.9237385384389619,0.9001654640998844,-0.023573074339077488,0.023573074339077488,0.06964736371209046,0.03041991906826194,2,2,0,iudicum,"postquam conspicuus Iesus decedo actus reddo que deus famulus post bellum quies , confestim Iudaea tumeo sui posco rex incipio et dominus . qui sum sententia , posco , ut manus , qui nondum subdo bellum aemulus pugnax uerso cor tumultus , s",Lower without christus/christianus
776,MQDQ-188,christian,0.9461533758906713,0.9229589992704852,-0.02319437662018603,0.02319437662018603,0.058699985467097426,0.02700525599041048,2,2,0,epitaphium,"mors infestus ruo quanuis ex lex parens mos instructus nullus noceo possum , hic ergo Marius tumulo membrum sepulcrum summus pontifex , qui sum almus fides . clericus officium , primaeuis tonsus ab annus militia exigo dux grex ago ouis . no",Lower without christus/christianus
588,MQDQ-371,NA,0.915544814368929,0.892471031465614,-0.023073782903314938,0.023073782903314938,0.04877357152536499,0.024362326360317016,3,1,5,"contra Symmachum, praefationes","Paulus , praeco deus , qui fera gens primus cor sacer perdomo stilus Christus per populus ritus asper inmaneo placidus dogma semino , immansuetus suus ut cerimonia gens paganus deus sperno agnosco , actus turbo forte nigerrimus hibernum pel",Lower without christus/christianus
685,MQDQ-111,NA,0.9114529474228634,0.8889163969102091,-0.022536550512654407,0.022536550512654407,0.06452801017660592,0.022536550512654407,4,0,1,"carmen epist. 2, 19 insertum","sanctus Ruricius cliens patronus sedo moneo parens paternus grates concino et refero salus . qui blandus prex rogo timendus ne fors displiceo leuis camena , tantus iudicium minor magister . hic tu lumen libens recurro , hic sanctus manus fr",Lower without christus/christianus
619,MQDQ-50,NA,0.8523480498867334,0.8301005887536161,-0.022247461133117263,0.022247461133117263,0.09599535449151331,0.030249503578669734,2,2,0,leuiticus,"postquam conspicuus longinquo in deuius templum extremus sum impostus manus . mox cura sacrum uates incubo , qui ritus lito : hostia peccatum demo qui . salus caesum do : qui donum possum , qui pauper ad ara pono et geminus qui fero commodu",Lower without christus/christianus
759,MQDQ-211,NA,0.7658632860139922,0.7436167707241081,-0.02224651528988414,0.02224651528988414,0.053055058478035155,0.02224651528988414,4,0,1,epitaphium,"Pannonius genitus , transcendo aequor uastus , Gallicia in gremium diuinus nutus actus , confessor Martinus , tuus hic dico in aula , Antistes cultus instituo ritus que sacrum , tu que , patronus , sequor famulus Martinus idem nomen , non m",Lower without christus/christianus
770,MQDQ-182,christian,0.7370480906662172,0.7170701954301562,-0.01997789523606116,0.01997789523606116,0.04759811365938671,0.02224977406478814,3,1,1,*carmen de ternarii numeri excellentia,"qualis bucolicus , quantus tellus domo , uitis arbor que , satis pecus que apis que sum uates , tetrasticha dico . contineo qui quisque liber , lex carmen noster . Tityrus agrestis modulor carmen rus , formosus per qui Corydon diligo , Sile",Lower without christus/christianus
713,MQDQ-618,christian,0.8118548903185718,0.792247466486234,-0.019607423832337934,0.019607423832337934,0.05159154230035934,0.02202677807314174,3,1,1,uersus de calice,"haurio hinc populus uita de sanguis sacer inieco , aeternus qui fundo uulnus Christus . Remigius reddo dominus suus uoueo sacerdos .",Lower without christus/christianus
730,MQDQ-352,christian,0.944568888519803,0.925665505790137,-0.018903382729666046,0.018903382729666046,0.05936994347225999,0.02273730062990656,2,2,0,epistula ad Vigilium,"moenia undosus bellum incendium cerno , pars ego tunc populus telum paueo sum . publicus libertas , sanctissimus papa Uigilius , Aduenus includo soluo uinclum grex . de gladius rapio ouis pastor minister , in qui humerum feror tu reuoco piu",Lower without christus/christianus
630,MQDQ-360,christian,0.8400307969665798,0.8212906418663972,-0.018740155100182634,0.018740155100182634,0.04846402964567642,0.02126259461318082,3,1,1,"carmen de ingratis, argumentum","congenitae in Christus gens ego castus ab altus insinuo amor , proprius excedo uis ego iubeo , atque pius accendo carmen mens . ne post conficio celebris uictoria bellum , securus animus incautus pax resoluo : ceu metus elido iam nullus ab",Lower without christus/christianus
436,IT-LAT0755,NA,0.9532987298699935,0.9352586174594804,-0.018040112410513204,0.018040112410513204,0.0417108884295706,0.021360898954841973,2,2,48,Liber de monogamia,"Haereticus nuptia aufero , psychicus ingero ; ille neque semel , eo non semel nubo . quis ago , lex creator ? inter alienus spado et auriga tuus tantundum queror de domesticus obsequium quantus de fastidio extraneus ; proinde tu laedo qui a",Lower without christus/christianus
674,MQDQ-382,christian,0.9321153324049708,0.9146261917644007,-0.017489140640570056,0.017489140640570056,0.040475895822137176,0.020292464273604316,2,2,0,de pascha,"sum locus ex omnis medius qui credo orbis , Golgotha Iudaei patrius cognomen dico : hic ego de sterilis succisus robur lignum Plantatus memini fructus gigno saluber : non tamen hic ille qui sui pono colo praebeo , externus fructus habeo bea",Lower without christus/christianus
590,MQDQ-375,christian,0.8263263992327867,0.8088701688794221,-0.017456230353364688,0.017456230353364688,0.046952731588634555,0.019978141035989216,3,1,1,epilogus,"Inmolo deus pater pius , fidelis , innocens , pudicus donum conscientia , qui beatus mens abundo intus . alter et pecunia recido , unde uictiteo egenus . neque ad leuamen pauper possum . approbo tamen deus pedester carmen et benignus audio",Lower without christus/christianus
679,MQDQ-287,christian,0.9500007961341667,0.9327942110447831,-0.017206585089383497,0.017206585089383497,0.0461262570454124,0.021011768085860805,2,2,0,uersus de orantibus,"quisque solus acclinis mergo in puluis uultus umidus que illisus premo lumen terra , attollo oculus trepido miraculum uisus concipio et eximius causa committo patronus . nullus possum tantus complector pagina uis , quamquam ipse hic titulus",Lower without christus/christianus
539,MQDQ-281,NA,0.9451279932203189,0.927979709964265,-0.017148283256053914,0.017148283256053914,0.06840795387199239,0.0264356407572702,2,2,18,carmen epist. 8 insertum,"quare ago rumpo mora et uinclum tenax saeclum neque metuo placidus mitis iugum dominus . pulcher quidem sed mirus uagus praesentia res mens , at sapiens non stupeo iste animus . Nunc tu sollicito uarius malesuada figura ! ualidus etiam uert",Lower without christus/christianus
615,MQDQ-55,christian,0.8641695149921063,0.8488803600178153,-0.01528915497429098,0.01528915497429098,0.034127573721245974,0.017822570474511162,3,1,1,deperditorum carminum reliquiae,denique quaero tango tamen ille penates . praecaueo nunc miser neque tu dum nescio et audeo obrepo pars que seco de uestis fluo . . . quasi uermiculus lignum tenerrimus hic sequor Semadaum dux . qui fortis audeo sescenti perimo et tempus la,Lower without christus/christianus
445,IT-LAT0267,NA,0.47581592634847314,0.46136106916823394,-0.014454857180239204,0.014454857180239204,0.06273729577766837,0.027711102631092815,2,2,13,Octavius,"cogito ego et cum animus meus Octavius bonus et fidelissimus contubernalis memoria recenseo tantus dulcedo et adfectio homo inhaereo , ut ipse quodammodo ego uideo in praetereo redeo , non is qui iam transigo et decurro sum , recordatio reu",Lower without christus/christianus
777,MQDQ-535,NA,0.9172272341505232,0.9028573136486786,-0.014369920501844574,0.014369920501844574,0.06189512587168067,0.02361329964233924,2,2,21,carminum appendix,"condicio bellum tristis , sors inuidus res ! quam subito lapsus regnum superbus cado ! qui sto longus felix culmen tractus uinco sub ingens clades cremo iaceo . aula palatinus qui floreo antea cultus , hic modo pro camera maestus fauilla te",Lower without christus/christianus
613,MQDQ-52,christian,0.9511440403137388,0.9376418948570322,-0.013502145456706555,0.013502145456706555,0.04804320690813324,0.01729372711804264,2,2,0,deuteronomium,"hactenus informis uexo harena Iorda ad fluuius populus promoueo arma ; qui uiridis inter saltus dum lubricus erro , eximius Hiericho fluctus labor relinquo et sequor pontus que dehinc misceo aperio . illic sanctificus uates , dum funus cern",Lower without christus/christianus
628,IT-LAT0768,christian,0.9540833843277805,0.9412110671611358,-0.012872317166644748,0.012872317166644748,0.037459735584409626,0.016691115545020868,2,2,1,A Firmo de civitate Dei,"dominus eximius MERITOQUEs honorabilis suscipiendus filius fIRMO in dominus sALUTEM liber de ciuitas Deus qui ab ego studiosissimus flagito etiam ego relego sicut promitto mitto , quod ut facio , adiuuans quidem deus , filius meus germanus",Lower without christus/christianus
763,MQDQ-532,NA,0.8313659895183538,0.8434266108636944,0.012060621345340555,0.012060621345340555,0.10688053944805131,0.050166190206901246,1,3,5,carminum libri  9,"ordo sacerdos uenero que culmen Christus , qui do almus fides religio pater , paruolus opto loquor rex praeconium celsus : subleuo exiguus carmen uester amor . inclitus rex arma et rex edo celsus , primus ab antiquus culmen primus rego , re",Higher without christus/christianus
616,MQDQ-48,christian,0.9557509571499925,0.9439596455300849,-0.011791311619907596,0.011791311619907596,0.03599187803457038,0.0155408125894127,2,2,0,liber geneseos,"principium dominus caelum terra que loco : namque sum informis fluctus que abscondo tellus inmensus que deus super aequor uastus meo , dum chea et niger fusco cunctus tenebrae ; hic dum disiungo iubeo , ab cardo for : "" lux fio ! "" et clare",Lower without christus/christianus
694,MQDQ-79,christian,0.9192919490454952,0.9078534075177582,-0.01143854152773699,0.01143854152773699,0.03038465315495298,0.013941003014905806,3,1,1,"epistulae, 7,21-29, uersus inserti","sic tu uirginitas maneo consto in aeuum , nec pereo quisquis uita beatus do , sic tuus non maculo nigro membrum puella , nec iaceo propter Tartarea facies : ut cupidus sanctus releuo per scribo loquela , deque tuus frater fons unda fluo . o",Lower without christus/christianus
534,MQDQ-512,NA,0.9533085538854418,0.9421215762634525,-0.011186977621989308,0.011186977621989308,0.048941499357358365,0.016779698131909077,2,2,17,psalmus contra partem Donati,"uos qui gaudeo de pax , modo uerus iudico . foedus sum res causa audio et persono accipio . omnis iniustus non possum regnum deus possideo . uestis alienus conscindo nemo possum tolero : quanto magis pax Christus qui conscindo dignus mors ?",Lower without christus/christianus
490,MQDQ-581,NA,0.9535164378782414,0.9425109731664788,-0.011005464711762586,0.011005464711762586,0.03753571780125553,0.01914895126132496,2,2,2,uersus Paschales,"sanctum salutiferus redeo sollemnis Christus et deuoueo pius celebro ieiunium mystae ; ab nos aeternus cohibeo pectus cultus intemeratus uis continuo honor . annuus cura sacer , iugum reuerentia nos . magnus pater res , qui terra et pontus",Lower without christus/christianus
635,MQDQ-364,christian,0.8518195920488597,0.8411780363263877,-0.01064155572247201,0.01064155572247201,0.01791952797102847,0.013148704519176393,3,1,1,epitaphium haereseon,"nestoriana lues succedo Pelagiana , qui tamen sum uterus praegenero meus . infelix miser genitrix et filia , prodeo ex ipse germen qui pario . nam fundo arx mereo prior ordior superbus , de caput ad corpus duco opus uolo . sed meus dum prol",Lower without christus/christianus
466,IT-LAT0264,christian,0.9579708263938702,0.9473391005165118,-0.010631725877358361,0.010631725877358361,0.027234896675227604,0.014538808226916528,2,2,69,Adversus nationes,"quoniam comperio nonnullus , qui sui multus sapio suus persuasio credo , insanio , bacchor et uelut quidam promptus ex oraculum dico : postquam sum in mundus Christianus gens coepio , terra orbis pereo , multiformis malus affectus sum genus",Lower without christus/christianus
756,IT-LAT0990_5,christian,0.9565585431387186,0.9459274788126366,-0.010631064326082046,0.010631064326082046,0.029166490841633474,0.014386559395280857,2,2,0,De superbia,"qualis eligo sum Dauid in populus Deus propheta et rex , quantus que misericordia et mansuetudo sum praeditus dignitas , puto tu , carissimus , sacrum uolumen testimonium agnosco . intendo ergo prudentia tuus quomodo ille Deus placeo uir hi",Lower without christus/christianus
769,IT-LAT0978,christian,0.9575824734028028,0.9470022346542081,-0.010580238748594706,0.010580238748594706,0.026301234571296295,0.014350552939877637,2,2,1,Apophthegmata,"quidam ex frater interrogo abbas Macarius magnus , exquiro qunus sum , et in qui sino perfectio ? respondeo senex dico : nisi acquisieo homo humilitas magnus , qui non solum cor teneo , sed et corpus prfero ; in nullus res sui ipse stimo ,",Lower without christus/christianus
527,IT-LAT0793,christian,0.95415480994868,0.9438116733250951,-0.010343136623584909,0.010343136623584909,0.0413830907378856,0.014206931472837997,2,2,5,De magistro,"Augustinus : quis tu uideo efficio uolo , cum loquor ? Adeodatus : quantum quidem ego nunc occurro , aut doceo aut disco . Augustinus : unus hic uideo et assentior : nam loquor nos doceo uolo manifestus sum ; disco autem quomodo ? Adeodatus",Lower without christus/christianus
395,IT-LAT0448,NA,0.5377478885363698,0.547749861496583,0.010001972960213216,0.010001972960213216,0.02371464161989019,0.010904365713045348,1,3,45,Ad nationes,"testimonium ignorantia uester , qui iniquitas dum defendo , reuincio , in promptus sum , quod omnis qui uos cum retro ignoro et uos cum odi , simul is contingo scio , desino odi qui desino ignoro , immo facio et ipse qui odi , et incipio od",Higher without christus/christianus
595,IT-LAT0270,NA,0.9526057345633618,0.9428036023584208,-0.009802132204941139,0.009802132204941139,0.04848848999621702,0.018719129064183715,2,2,19,Psychomachia,"senex fidelis primus credo uia abra , beatus semen serus pater , adiicio qui nomen augeo syllaba , abra parens dico , Abraham Deus , senilis pignus qui dico uictima , doceo ad ara cum lito quis uolo , qui dulcis cor , qui pius , qui unicus",Lower without christus/christianus
617,MQDQ-53,christian,0.9565118471004977,0.9471016658969512,-0.009410181203546503,0.009410181203546503,0.026201213402795576,0.013170529713991769,2,2,0,Iesu Naue,"hic inter dominus Iesus digno adeo promitto ualidus sublimo coest donum , admoniio transeo uadum Iordanes amoenum castra que metor hostilis impono ripa ; ut que nouus sedes terra in pars repostus constituo plebs que locus dispono opimus . q",Lower without christus/christianus
662,IT-LAT0251,NA,0.5209525077330923,0.5118423476429312,-0.009110160090161128,0.009110160090161128,0.04788534096900346,0.014832510394340602,1,3,1,Epistulae Theodoricianae variae,"apud magnanimitas tuus excursus consto manifestus sum pro quilibet interveneo pontifex ministerium suus qualitas constringo . Christianus mens uester pietas confido uir spectabilis constans credo uos meus littera , utpote qui pro quilibet h",Lower without christus/christianus
660,MQDQ-59,christian,0.9590464474031599,0.9500851010998085,-0.008961346303351353,0.008961346303351353,0.022585900137712556,0.012755310225562894,2,2,13,de laudibus dei,"qui cupio iratus placidumue scio tono , hic carmen , sed mens lego , dum uox recenseo . agnosco qui templum polus , qui moenia caelum auctor confiteor suus uenerans adoro . Quinque plaga septem que polus sol luna trio sidus signum notus nix",Lower without christus/christianus
398,IT-LAT0248,NA,0.5079484091070763,0.4990768000009346,-0.008871609106141704,0.008871609106141704,0.07759485496898458,0.029925818378350587,1,3,17,De testimonio animae,"magnus curiositas et maior longe memoria opus sum ad studeo , si qui uolo ex littera receptus quisque philosophus uel poeta uel quilibet doctrina atque sapientia saecularis magister testimonium excerpo Christianus ueritas , ut aemulus perse",Lower without christus/christianus
650,IT-LAT0776,christian,0.9561874651824065,0.9473163592845061,-0.008871105897900411,0.008871105897900411,0.03593980863630375,0.01271130253684749,2,2,2,Chronicon,"theodosius natio hispanus , de prouincia Gallaecia , ciuitas Cauca , ad Ghratianus augustus appello . inter Romanus et gothus multus certamen consero . Theodosius Constantinopolis ingredior in primus consulatus suus , qui cum Gratianum ago",Lower without christus/christianus
586,MQDQ-368,NA,0.9588618131088056,0.950049420302123,-0.008812392806682473,0.008812392806682473,0.022702655849957232,0.012055185611896752,2,2,81,apotheosis,"sum uerus seco ? tu , magister , consulo . Rectamnis seruo fides an uiperinus non cauo dogma et nescio labor ? artus salus uix uia discerno sum inter reflecto semita tam multus surgo perfidus compitum torqueo polio error . obliquo sui conse",Lower without christus/christianus
712,MQDQ-416,christian,0.95729176941306,0.9487222860676916,-0.008569483345368417,0.008569483345368417,0.031926709216656746,0.012301677517140536,2,2,0,tristicha,"Euus uipereus uetitus decerpo pomum inuidus ars paro , tantus qui nescius fraus credo infelix , socius pereo maritus . Angelus illaesus Maria per somnium Ioseph connubium seruo moneo : hic dos recipio spiritus hic quod sum flagrans saluo ho",Lower without christus/christianus
577,IT-LAT0015,NA,0.9497698161768107,0.9413796964998848,-0.008390119676925767,0.008390119676925767,0.03154686918915284,0.016571041360346428,2,2,2,Confessiones,"Magnus sum , dominus , et laudabilis ualde : magnus uirtus tuus , et sapientia tuus non sum numerus . et laudo tu uolo homo , aliquis portio creatura tuus , et homo circumfero mortalis suus , circumfero testimonium peccatum suus et testimon",Lower without christus/christianus
623,MQDQ-381,christian,0.9594481553774049,0.9513045145333661,-0.008143640844038902,0.008143640844038902,0.024135274633832804,0.011968053729779382,2,2,0,de Iona,"post Sodomus et Gomus uiuo funus in aeuum et cinis senium signo incendium poena , et frustra solus oculus nascentia pomum , et pariter factum mors mas et sal illic : si qui homo sum poena muto corpus seruo : paene alius ignis supeor decusso",Lower without christus/christianus
683,MQDQ-383,NA,0.9469347504450423,0.9388350430639252,-0.00809970738111701,0.00809970738111701,0.046188134547526793,0.018155546505675163,2,2,1,de resurrectione mortuorum,"qui ego ruricola opto carmen musa et uerna roseus titulauis flos aura aestiuo que grauis maturo messis arista , succido tumidus autumnus uitis uua et hiems placidus laudo semper oliua ad que modulor excludo fons unda frondeo que uago cano d",Lower without christus/christianus
743,IT-LAT0990_9,NA,0.9586492704855891,0.9506685374156949,-0.00798073306989422,0.00798073306989422,0.027947251404991658,0.012793630180418625,2,2,7,Capitula ex orientalium patrum synodis,domnus beatissimus atque apostolicus sedes honor suscipiendus in Christus frater Nitigisio episcopus uel uniuersus concilium Lucensis ecclesia Martinus episcopus . Sanctus canon qui in pars orior ab antiquus pater constitutum sum Graeci pri,Lower without christus/christianus
453,MQDQ-39,christian,0.9590198691220311,0.9510775445296304,-0.007942324592400657,0.007942324592400657,0.022125268087670014,0.011630028821798338,2,2,20,instructiones 1,"primus praefatio noster uia erro demonstro respectus que bonum , cum uenio saeculum meta , aeternus facio , qui discredo inscius cor . ego similiter erro tempus multus fanum prosequor parens inscius ipse ; aufero ego tandem inde legendus de",Lower without christus/christianus
744,IT-LAT0990_2,NA,0.9613588768447131,0.9534799130383574,-0.007878963806355666,0.007878963806355666,0.024712795523566644,0.010016438156334129,2,2,19,De correctione rusticorum,"Dominus beatissimus atque ego desiderantissimus in Christus frater Polemius episcopus Martinus episcopus . epistola tuus sanctus caritas accipio , in qui scribo ad ego ut pro castigatio rusticus , qui adhuc pristinus paganus superstitio det",Lower without christus/christianus
648,LC-16_1,NA,0.9449204503124922,0.9371733094012132,-0.007747140911278955,0.007747140911278955,0.036294926295661,0.012156434345762052,2,2,11,Eucharisticon Deo sub ephemeridis meae textu,scio quidam inlustris uir pro suus splendor uirtus ad perpetuo suus gloria dignitas ephemeris gero suus proprius sermo conscribo memoria trado . ab qui ego praestantissimus meritum tam longe prŏfectus quam ipse tempus antiquitas discretum n,Lower without christus/christianus
589,MQDQ-374,NA,0.9556782542337754,0.9484591378242627,-0.007219116409512671,0.007219116409512671,0.03401336211988926,0.01226516365948116,2,2,18,dittochaeon,"Eua columba sum tunc candidus , niger deinde facio per anguinus malesuada fraus uenenum tingo et innocuum macula sordeo Adam do nudus ficulnum draco mox tegmen uictor . frater sacer deus nutus disto duo aestimo accipio uiuus et terrenus ref",Lower without christus/christianus
736,MQDQ-209,NA,0.9495708061506637,0.942490089355995,-0.007080716794668707,0.007080716794668707,0.010956727775242259,0.008369260251670785,3,1,4,uersus in basilica,"post euangelicus bissenus dogma senatus , qui regnum Christus totus iam persono orbis , post que sacer Paulus stilus , qui curia mundus uinco suus tandem stupeo sileo sophistes , Arctous , Martinus , tu in extremus recessus pando in que uia",Lower without christus/christianus
548,IT-LAT0726,NA,0.9493231065675337,0.9433123490948468,-0.006010757472686895,0.006010757472686895,0.042314798736007964,0.015764884811930585,2,2,6,Vita Malchi monachi captivi,"Hieronymus historia ecclesiasticus scribo uolo . qui naualis praelium dimicatuor sum , ante in portus et in tranquillo mare flecto gubernaculum , remus traho , ferreus manus , et uncus praeparo , dispositum que per tabulatum miles , pendeo",Lower without christus/christianus
718,IT-LAT0791,NA,0.9527725569187055,0.9470799491482164,-0.005692607770489133,0.005692607770489133,0.03860894244675461,0.014148706816659251,2,2,25,Chronicon,"post mirandus opus qui ab mundus fabrica usque in Constantinus princeps Eusebius Caesariensis , hjc saeculum origo , tempus , annus , regnum , uirtus que mortalis , et uarius ars repertor , omnis que penis prouincia monumentum commemoro , G",Lower without christus/christianus
594,MQDQ-372,christian,0.9570295996203028,0.9513808480114279,-0.005648751608874986,0.005648751608874986,0.029576964984613263,0.00954582389931044,2,2,27,contra Symmachum,"credo uitium aeger gentilis urbs Iam satis antiquus pello periculum morbum neque quisquam resto malus postquam medicina Princeps immodicus sedo in arx dolor . sed , quoniam renouo luus turbo salus tempto Romulidus , pater imploro medella su",Lower without christus/christianus
755,IT-LAT0990_4,christian,0.9601540040097498,0.9547945901840783,-0.005359413825671566,0.005359413825671566,0.014947584015646775,0.009114599363193365,2,2,7,De Pascha,"plerique mysterium Pascha enarro uolo simul que digero ex ratio suppulatio in mensis et luna et dies ; sed siue scientia siue sermo impossibilitas obscurior is relinquero , quasi nihil inde dico . scio enim multus scrupulose interrogo soleo",Lower without christus/christianus
434,IT-LAT0736,NA,0.9572221833694363,0.9518926978712294,-0.005329485498206776,0.005329485498206776,0.03237239283161364,0.012433050127738432,2,2,14,De virginibus velandis,"proprius iam negotium passus meus opinio latine quoque ostendo uirgo noster uelo oportet , ex qui transeo aetas suus ; hic exigo ueritas , qui nemo praescribo possum , non spatium tempus , non patrocinium persona , non priuilegium regio ; e",Lower without christus/christianus
591,MQDQ-369,NA,0.95609915044563,0.9509927490514686,-0.005106401394161408,0.005106401394161408,0.030999292788303823,0.012029825739576283,2,2,10,hamartigenia,"frater ephebis fossor et pastor duo , qui femina primus primus procreo , sisto ad ara de labor fructus Deus sacro munus primordium . hic terrulens , ille uiuis fungor . certo uoueo discrepo inmolo fetus bidens alter ast alter scrobis . Deus",Lower without christus/christianus
393,IT-LAT0062,christian,0.9590006775785328,0.9540417160525883,-0.004958961525944605,0.004958961525944605,0.02458255432367662,0.0087014120987959909,2,2,4,Ad martyres,"inter caro alimentum , benedictus martyr designo , qui uos et domina mater ecclesia de uber suus et singulus frater de ops suus proprius in carcer subministro , caput aliquis et ab nos qui facio ad spiritus quoque educo . caro enim sagino e",Lower without christus/christianus
470,IT-LAT0268,christian,0.959613621091964,0.9548865685834153,-0.0047270525085487125,0.0047270525085487125,0.0170527056568186,0.00858942322502021,2,2,29,De mortibus persecutorum,"audio dominus oratio tuus , dono carissimus , qui in conspectus is per omnis hora ; cottidie fundo , ceterus que ; frater noster , qui gloriosus confessio sempiternus sui corona pro fides mereo quaero . ecce , deleo omnis aduersarius , rest",Lower without christus/christianus
601,MQDQ-278,christian,0.9593918564530577,0.954717033575888,-0.004674822877169665,0.004674822877169665,0.023168438627855448,0.008468717262740039,2,2,3,epigramma,"si dominus templum supplex peccator adeo , immo et custos templum populus que magister , quot sum hic homo , tot Christus altarium uiso : sed si conlatus iuuo indulgeo loquella , hic habito tuus ille hospes , meus uiscus , Thesbon , qui fra",Lower without christus/christianus
711,MQDQ-415,christian,0.9602986225360894,0.9556323028353773,-0.004666319700712157,0.004666319700712157,0.01808160571108597,0.008397318493063827,2,2,0,de Christi beneficiis,"conditor omnipotens res , mens unicus summus et proles aeternus Deus , qui gloria pater atque uerbum fecundus honor , qui caerulus pons diffundo , solido humus , suspendo Olympus , qui locus iussus teneo ( etiam discordia fido conseruo elem",Lower without christus/christianus
471,MQDQ-1,christian,0.9587746511740207,0.9541896979404377,-0.0045849532335830445,0.0045849532335830445,0.02423768175947294,0.008359945966858018,2,2,1,laudes Domini,"qui queror ser uirtus dos iuuo , qui promissum deus lento procedo passus ? qui finis humanus meto iudex urna perpetuus tardus que puto , quod saeculum debeo ? accelero dies , mereo qui praemium reddo , nobilis ingens testor gloria facio . n",Lower without christus/christianus
516,MQDQ-56,NA,0.958856764717489,0.9543330515499715,-0.004523713167517457,0.004523713167517457,0.022273324259924787,0.007394009930041939,2,2,64,epigrammata,"nunc Damasi moneo auris praebeo benignus . quisque sitio uenio cupio haurio fluentum , inuenio latex seruo qui dulcia mellum : sordes expono purgo penetralis cor pectus cum renouo Christus seruio paro . propheta Christus sanctus cognosco de",Lower without christus/christianus
779,MQDQ-533,NA,0.9584168672230738,0.9539014548406607,-0.004515412382413153,0.004515412382413153,0.014452688210534026,0.009382596721908554,2,2,18,carminum libri 10,"quisquis ad hic propero uenerandus limen templum donum precor qui do amor deus : hic in honor sacer Gabrielis cultus corusco , qui pius iussus deus rite minister ago , Zacharia uenio qui nuntia defero astrum , Elisabeth do sum quando prophe",Lower without christus/christianus
750,MQDQ-526,NA,0.9513873580248415,0.9469904691299631,-0.0043968888948783535,0.0043968888948783535,0.028588165259761045,0.011961093695461805,2,2,15,carminum libri  3,"quamuis piger ego iaceo sine fomes lingua neque ualeo dignus reddo dignus uir , attamen , almus pater , Christus uenero sacerdos Eufronus , cupio soluo paruus tu . debeo multus quidem , sed suscipio paucus libenter : sum uenialis precor quo",Lower without christus/christianus
396,IT-LAT0737,NA,0.9614967617589611,0.9572709700677228,-0.004225791691238406,0.004225791691238406,0.017992711615990586,0.006333570689207785,2,2,120,Adversus Iudaeos,"I proxime accido : disputatio habeo sum Christianus et proselytus Iudaei . Alternisvix contentiosus funis uterque dies in uespera traho . obstrepentibusquibusdam ex pars singulus nubilus quidam ueritas obumbro . placuitergo , [ ut ] quod pe",Lower without christus/christianus
638,MQDQ-66,christian,0.9595106521310879,0.9553582151125947,-0.004152437018493299,0.004152437018493299,0.02167999414472288,0.007895347798374558,2,2,3,uersus de fide,inter Christicola celeber qui fama frequento illustris mereo uenerandus laus auitus Excelsus dominus famulus Agrestius inquam aeternus in Christus mundus creator salus . sanctus salutifer per tu ego trado uerbum instituo cupio suscipio seme,Lower without christus/christianus
517,IT-LAT0719,NA,0.9585753090392002,0.9544593816969562,-0.004115927342244002,0.004115927342244002,0.025347510342984547,0.009192193830479506,2,2,12,Itinerarium peregrinatio,"pars primus : peregrinatio AD LOCA sANTA [ desum ] ... ostendo iuxta scribo . interea ambulo peruenio ad quidam locus , ubi sui tamen mons ille , inter qui eo , aperio et facio uallis infinitus , ingens , planissimus et ualde pulcher , et t",Lower without christus/christianus
587,MQDQ-367,NA,0.960877430859483,0.9570468978213695,-0.003830533038113454,0.003830533038113454,0.018023867557976803,0.007799026387107583,2,2,44,cathemerinon,"Alis dies nuntius lux propinquus praecino , nos excito mens iam Christus ad uita uoco . "" aufero "" clamo "" lectulus aeger soporus desido , Castus que rectus atque sobrius uigilo ; iam sum proximus . "" post solus ortus fulgidus Seres sum cub",Lower without christus/christianus
597,MQDQ-280,christian,0.9591035204728798,0.955347121713052,-0.0037563987598278614,0.0037563987598278614,0.021841715569572817,0.007447752852926426,2,2,13,carminum appendix,"ago , iam precor , meus comes inremoueo res , trepidus breuis que uita dominus deus dico . celer uideo roto rapidus dies meo fragilis que membrum mundus minuo pereo labor . fluo omnis qui teneo neque fluxus habeo recurro , cupidus uago que",Lower without christus/christianus
762,MQDQ-531,NA,0.9505146738558699,0.9468136436694394,-0.0037010301864304207,0.0037010301864304207,0.03629335706172798,0.01444564834443357,1,3,16,carminum libri  8,"Aoniae auidus qui lambo os Camena Castalius que qui , sumo auris liquor , qui bene frux suus Demosthenes horreum dito , largus et irriguus impleo Homerus aqua ; ferculum siue qui fero diues , uterque minister : Tullius os cibus , poculum fo",Lower without christus/christianus
584,IT-LAT0612,christian,0.9601941255978342,0.9566004053147861,-0.0035937202830481074,0.0035937202830481074,0.015876068960701373,0.007272428141654352,2,2,33,Chronica,"primus res ad mundus exordium sacer littera edo breuiter constringo et cum distinctio tempus usque ad noster memoria carptim dico aggriteor sum , multus is ab ego et studiosus efflagito , qui diuinus compendiosus lectio cognosco propero , q",Lower without christus/christianus
634,MQDQ-422,NA,0.961235985048185,0.9578395861234688,-0.003396398924716243,0.003396398924716243,0.01425920104838474,0.006327786887802417,2,2,69,carmen paschale,"paschalis quicumque daps conuiua requiro , digno noster accubito torus , pono supercilium si tu cognosco amicus , nec quaero opus hic codex artifex : sed modicus contentus adeo sollemnis mensa plus que libens animus quam satio cibus . aut s",Lower without christus/christianus
657,MQDQ-445,christian,0.9595654041995165,0.9562852228607616,-0.003280181338754906,0.003280181338754906,0.014182054228139118,0.00713635164448867,2,2,5,"epistulae, uersus inserti","scribo ego satira qui culpo , magis princeps , hic rogo decerno aut probo aut timeo . occasus celer fero que rapio gnatus quinque pater que coniunx que hic fleo patria manus loco matrona Philomathia sepulchrum . o splendor genus , decus mar",Lower without christus/christianus
394,IT-LAT0246,christian,0.9596946836291527,0.9564413920375503,-0.003253291591602425,0.003253291591602425,0.01891679268112667,0.0069946009286436794,2,2,156,Apologeticum,"si non licet uos , Romanus imperium antistes , in apertus et edo , in ipse fere uertex ciuitas praesideo ad iudico pala dispicio et coram examino , quis sum liquidus in causa Christianus , si ad hic solus species auctoritas uester de iustit",Lower without christus/christianus
751,MQDQ-527,NA,0.9563155101996067,0.9530727142047726,-0.0032427959948341245,0.0032427959948341245,0.023342921854727305,0.008428664932529528,1,3,13,carminum libri  4,"quamuis cunctus auidus rapio ab orbis uolatus , attamen extendo uita beatus dies , neque damnum de finis capio qui , gloria , uiuus , aeternus que locus mitto ad astrum teneo . hic igitur tumulus requiesco Eumerius almus , per qui pontifex",Lower without christus/christianus
431,IT-LAT0606,NA,0.9620347678585855,0.9589178310240878,-0.0031169368344977355,0.0031169368344977355,0.011966434328618214,0.005439701288534188,2,2,120,De resurrectione carnis liber,"fiducia Christianus resurrectio mortuus : ille credo hic sum . hic credo ueritas cogo : ueritas deus aperio . sed uulgus inrideo , existimo nihil supersum post mors : et tamen defunctus parento , et quidem impensus officium pro mos is , pro",Lower without christus/christianus
439,IT-LAT0471,christian,0.9607487230787133,0.9576332610930661,-0.003115461985647161,0.003115461985647161,0.015909430526895862,0.006824357889744448,2,2,7,Passio Sanctarum Perpetuae et Felicitatis,"si uetus fides exemplum et Deus gratia testificor et aedificatio homo operor propterea in littera sum digero ut lectio is quasi repraesentatio res et Deus honoro et homo conforto , cur non et nouus documentum aeque uterque causa conveniens",Lower without christus/christianus
721,MQDQ-353,NA,0.9614296161829856,0.9583380392475965,-0.00309157693538914,0.00309157693538914,0.012915395507200778,0.005709774959899827,2,2,62,de actibus apostolorum,"ut scelus Iudaea suus polluo cruor , audeo nefas , compleo opus res que Creator hic qui ab humanus sumo sine semen membrum humanus pro stirpes do , digno ut imus tango infernus , non linquo arduus caelum , soleo ab aeternus damno nox tenebr",Lower without christus/christianus
778,MQDQ-536,NA,0.9596641672613091,0.956686925010878,-0.0029772422504309726,0.0029772422504309726,0.014684511825905355,0.006413554128000182,2,2,15,spuriorum appendix,"lingua propheta cano de uirgo partus : nuntia fero terra angelus iste polus . consonus uox homo memoro hic fero puella , quod do absque uir germen uirgo uir . hic euangelium concordo pando Esaias : qui deus inspiro , hic cano ipse tuba eloq",Lower without christus/christianus
437,IT-LAT0788,NA,0.962116902740284,0.9593414476873381,-0.002775455052945963,0.002775455052945963,0.0102903673817204,0.005047274303937865,2,2,92,Adversus Praxean,"uarius diabolus aemulaior sum ueritas . adfecto ille aliquando defendendus concuto . unicus dominus uindico , omnipotens mundus conditor , ut et de unicus haeresis facio . ipse dico pater descendo in uirgo , ipse ex is nascor , ipse passus",Lower without christus/christianus
702,MQDQ-623,christian,0.9595243284542229,0.9567723445159106,-0.0027519839383121636,0.0027519839383121636,0.015866713641776276,0.006509843560807749,2,2,7,carminum appendix,"sceptrum columen , terra decus et iubar orbis , hic artus tumulus uolo CARETENE tego . qui famula tu , Christus , tuus res que possum de mundus regnum ad tuus regnum uoco thesaurus dis felix finis sequor , foueo pauper qui do ille deus . ia",Lower without christus/christianus
563,MQDQ-492,NA,0.9621231282179027,0.9594015761839039,-0.0027215520339988197,0.0027215520339988197,0.009676154350308552,0.004655274133890108,2,2,53,*carmen aduersus Marcionem,"impietas profundus malus , mens inuidus uita , seduco homo spes postquam capio inanis , nudo , suadeo nefas , sui credo falsum . non impune quidem ; factum nam protinus ille , ut reus et tantus scelus temerarius auctor , accipio maledictum",Lower without christus/christianus
764,IT-LAT0783,christian,0.9613034358291663,0.9586458585505055,-0.002657577278660811,0.002657577278660811,0.012782175602726986,0.005856426337882109,2,2,180,Historiae,"praefatio primus incipio decedo atque immo potior pereo ab urbs Gallicanus liberalis cultura littera , cum nonnullus res gero uel rectus uel inprobus , atque fereta gens desaeuio , rex furor acuo , eclesia impugno ab hereticus , ab catholic",Lower without christus/christianus
614,MQDQ-49,christian,0.9611837662204952,0.9585294597768004,-0.0026543064436947983,0.0026543064436947983,0.010510631152936156,0.006387623117893371,2,2,1,exodus,"interea uarius agito dum tempus cursus et nouus succiduus surgo de germen proles , Iosepus qui obeo natis proles que sequentum , diuersus que nouo tellus Memphiticus rex . notio cunctus pereo neque uates nomen prosum eximius diligo prior .",Lower without christus/christianus
542,MQDQ-180,christian,0.9615604417528096,0.959028548116012,-0.002531893636797622,0.002531893636797622,0.008161260092014788,0.00545045794506599,2,2,16,hymni,"aeternus res conditor , nox dies que qui rex , et tempus do tempus , ut alleuo fastidium ; praeco dies iam sono , nox profundus peruigil , nocturnus lux uio , ab nox nox segrego . hic excito lucifer soleo polus caligo , hic omnis error chor",Lower without christus/christianus
592,MQDQ-373,NA,0.9576401785188179,0.9551403328492892,-0.0024998456695286275,0.0024998456695286275,0.019401542926570592,0.008109049431232668,2,2,133,peristephanon,"Scribo sum caelum duo martyr uocabulum , aureus qui Christus illic adnoto littera , sanguis nosco idem scribo terra trado . polleo hic felix per orbis terra Hiberus stemma , hic locus dignus tenendus os uisus deus qui beatus pudicus sum hos",Lower without christus/christianus
397,IT-LAT0058,christian,0.961005078406434,0.958608809096039,-0.002396269310395077,0.002396269310395077,0.011375611474989222,0.006105364883614323,2,2,17,De spectaculis,"qui status fides , qui ratio ueritas , qui praescribo disciplina inter ceterus saecularis error etiam spectaculum uoluptas adimo , deus seruus , cognosco , qui cum magne ad deus accedo , recognosco , qui iam accedo uos testificor et confite",Lower without christus/christianus
598,MQDQ-279,NA,0.9606842437983204,0.9584401336095068,-0.0022441101888135973,0.0022441101888135973,0.013991120523131562,0.005439672142397378,2,2,421,carmina,"sumo igitur pasta dumosus in rus uolucer , qui latito filix sub tegmen callidus auceps , dum similis mentior auis fallo que susurro , agmen uiscao suspendo credulus uirga . tunc refero tenuis non paruus munus praeda digero aucupium tabula ;",Lower without christus/christianus
646,IT-LAT0610,NA,0.9620653385201917,0.9598894499416826,-0.0021758885785091997,0.0021758885785091997,0.009448119726988002,0.004829714237078786,2,2,75,Liber sententiarum,"innocentia uerus sum , qui neque sui , neque alter noceo , quoniam . et nemo non prior in sui quam in alter pecco . sic diligo sum homo , ut is non diligo error , quia alius sum amarus quod factum sum , alius odi qui facio . aeternitas et u",Lower without christus/christianus
593,MQDQ-366,christian,0.9609683408430325,0.9588307471959387,-0.0021375936470937884,0.0021375936470937884,0.010322706397404402,0.005902214747167983,2,2,1,praefationes,"per quinquennium iam decem , Ni fallo , sum ; septimus insuper annus cardo roto , dum fruor sol uolubilis . insto terminus et dies uicinus senium iam deus applico . quis nos utilis tantus spatium tempus ago ? aetas primus crepo fleo sub fer",Lower without christus/christianus
429,IT-LAT0350,NA,0.9621082451932089,0.9600315049867812,-0.0020767402064276463,0.0020767402064276463,0.010121532172942205,0.00448778946154374,2,2,16,De oratione,"Deus spiritus et Deus sermo et Deus ratio , sermo ratio et ratio sermo et spiritus uterque , Iesus Christus Dominus noster , nouus discipulus nosco testamentum nouus oratio forma determino . Oportet enim in hic quoque species nouus uinum no",Lower without christus/christianus
553,IT-LAT0403,christian,0.962313036298396,0.9602596822744414,-0.002053354023954651,0.002053354023954651,0.00892408734647554,0.004546779130029516,2,2,106,De cathechizandis rudibus,"peto ego , frater Deogratiae , ut aliquis ad tu de catechizo rudis , quod tu usus sum , scribo . dico enim qui saepe apud Cathagi , ubi diaconus sum , ad tu adduco , qui Fides Christianus primitus imbuo sum , is quod existimo habeo catechiz",Lower without christus/christianus
773,MQDQ-95,christian,0.9616083415643799,0.9595703144504091,-0.0020380271139707196,0.0020380271139707196,0.011910663597572868,0.00580194213978541,2,2,0,hymnus,"Tellus atque aethra iubilo in magnus cena princeps , qui protoplasto pectus uita purgo ferculum . hic nox factor omnis possum sat mysterium caro suus cum sanguis in esca transfero anima . ab celsus surgo daps praebeo forma mortalis , humili",Lower without christus/christianus
748,MQDQ-524,NA,0.9585304792244327,0.9565365904236303,-0.001993888800802479,0.001993888800802479,0.012793348180830999,0.007999029770868249,2,2,10,carminum libri  1,"antistes dominus , mereo in saeculum uiuo , gaudium qui Christus de grex pastor habeo : cum tu uitalis uolo uocito uetusta , nosco aeternus tu mereo dies ; dignus apostolicus praefulgeo mens sacerdos , qui sacer Andreas tam pius templum loc",Lower without christus/christianus
620,MQDQ-51,NA,0.9594843727227332,0.9576075542051491,-0.0018768185175841445,0.0018768185175841445,0.011050203530441949,0.007575549583761387,2,2,1,numeri,"uerto interea solitus recursus annus , mensis explicitus suus per uestigium curro . postquam lego deus pubes Niloticus linquo litus et ex Pharia tandem migro harena ; cum deus astriger fulgeo de sedes loquor impero , ut uates tribus mandatu",Lower without christus/christianus
602,MQDQ-365,christian,0.9614530543838081,0.9596049996444862,-0.0018480547393220081,0.0018480547393220081,0.009137876009583601,0.0054957179350065555,2,2,24,*carmen de prouidentia,"maximus pars labor abeo iam mensis annus , qui scribo sum uersus pagina nullus tuus . Qui tam longus tu pario silentium causa ? quisue dolor maestus comprimo ingenium ? quamquam et iam grauis non absum carmen cura , et proprius habeo tristi",Lower without christus/christianus
430,IT-LAT0750,christian,0.9615889251210589,0.9597473323611809,-0.0018415927598779414,0.0018415927598779414,0.010499138806689623,0.005534385967549071,2,2,20,De cultu feminarum libri duo,"I habitus muliebris si tantus in terra moror fides quantus merces is expecto in caelum , nullus omnino tu , soror dilectus , ex qui Deus uiuum cognosco et de suus , is sum de femina condicio , disco , laetior habitus , ne dica gloriosior ,",Lower without christus/christianus
738,IT-LAT0482,christian,0.9612662016123535,0.9594393830690114,-0.0018268185433421569,0.0018268185433421569,0.011326210983806595,0.00550735785833123,2,2,34,Institutiones divinarum et saecularium litterarum,"cum studium saecularis littera magnus desiderium ferueo cognosco , ita ut multus pars homo per ipse sui mundus prudentia credo adipiscor , grauissimus sum , fateor , dolor permoueo ut scripturis diuinus magister publicus desum , cum mundanu",Lower without christus/christianus
747,MQDQ-523,christian,0.9612069249786341,0.9593859859488848,-0.001820939029749391,0.001820939029749391,0.00984303413667642,0.005590961770053582,2,2,42,uita Martini,"nauta rudis tumido cum uolo do uela profundus atque procellosus nescius intro aqua , raucisonus latro salum cum perstrepo aequor et uago terrifico murmuro unda fretum , exsilio pelagus collis ubi uolo aquosus planus que dorsum malus mobilis",Lower without christus/christianus
733,IT-LAT0990_6,christian,0.9604841783545014,0.9586748543711058,-0.0018093239833956443,0.0018093239833956443,0.01121361898510198,0.00552258498051264,2,2,1,De Trina Mersione,"Dominus beatissimus atque reuerentissimus et apostolicus caritas perfectio colendus , dominus et in Christus , pater Bonifacius episcopus , Martinus episcopus . Geminus ego sanctus illustratio munus optabilis uos apostolatus pagina cumulo ,",Lower without christus/christianus
723,MQDQ-183,christian,0.9608962912713626,0.9591207781402739,-0.001775513131088674,0.001775513131088674,0.011008021036890026,0.005491354178709856,2,2,4,disticha de uetere nouoque Testamento,"maiestas suus rutilo sapientia uibro Discipuli que Deus , si possum cerno , monstro . aspicio Iohannes recubo in pectus Christus , unde Deus uerbum assumo pietas fateor . Angelus affor Maria , qui parcus loquor ora uerecundus soleo suffundo",Lower without christus/christianus
622,MQDQ-242,christian,0.9605437771905426,0.9587693620676581,-0.0017744151228846483,0.0017744151228846483,0.009662608588400623,0.005498739106976264,2,2,19,commonitorium,"quisquis ad aeternus festinus praemium uita , perpetuo magis quam pereo cupio , qui caelum resero , mors fugo , asper uito , felix curro trames , disco uia . nam nos , et caro uitium et tempus uictus , terrenus gradior siue dolor iter : sol",Lower without christus/christianus
633,MQDQ-189,christian,0.9615039939096482,0.9599126946651748,-0.0015912992444733765,0.0015912992444733765,0.008455797920399188,0.005338711972421029,2,2,4,alethia,"summus et sanctus deus , cunctus uirtus origo , omnipotens , qui neque subtilis indago res mens humanus sensus comprendeo fas sum et nescio nefas ; nam tu ratio profundus in tres sum deus , sed tres sic credo unus , ut proprius genus specie",Lower without christus/christianus
703,MQDQ-622,christian,0.9615647371583546,0.9600092604423445,-0.0015554767160100846,0.0015554767160100846,0.00842392264484837,0.005235844869263984,2,2,25,poematum libri,"quidquid ago uarius humanus in gens labor , unde breuis carpo mortalis tempus uita , uel quod polluo uitio origo mos , qui alienus premo priscus facio parens . addo quamquam noster de pars reatus , qui tamen amitto dudum pecco honor , ascri",Lower without christus/christianus
544,IT-LAT0843,christian,0.9622709031855369,0.9607339938778584,-0.0015369093076785245,0.0015369093076785245,0.007183454137875356,0.004174936820093511,2,2,31,Contra Ioannem Hierosolymitanum Episcopum ad Pammachium,"si iuxta Paulus apostolus , qui sentio oro non possum atque proprius mens cogitatio sermo non explico ; quanto magis periculosus sum de alter animus iudico , et singulus dicio atque uerbum investigo atque profero ratio ? natura homo pronus",Lower without christus/christianus
631,MQDQ-361,christian,0.9619694747766535,0.9604657629083923,-0.0015037118682612871,0.0015037118682612871,0.007664819450986182,0.00456836009370401,2,2,39,carmen de ingratis,"unde uoluntas sanctus subsisto origo , unde animus pietas insum , et unde fides : aduersum ingratus falsus et uirtus superbus , centenus decies uersus excolo . qui si tranquillo studeo cognosco cura , tutus ab aduersus turbo , lector , sum",Lower without christus/christianus
658,MQDQ-120,christian,0.9606154845725805,0.959129951865224,-0.0014855327073566016,0.0014855327073566016,0.01052871098764796,0.005267700664993796,2,2,4,*de euangelio,Christus hic flos sum decor hic sum fons que perennis . hic postquam uerbum conceptus numen altus plenus deus uirgo uterus sum enitor pudicus effulgeo que nouus terra gaudeo infans . protinus impleo totus lux clarus orbis . desuper astrum p,Lower without christus/christianus
636,IT-LAT0904,christian,0.9610961253333784,0.9596365493048746,-0.0014595760285037729,0.0014595760285037729,0.010202280661480434,0.00508709028894605,2,2,67,Adversus profanas omnium novitates haereticorum commonito...,"dico scriptura et moneo , , et item , , et item , , uideo ego minimus omnis seruus Deus peregrinus quod res non minimus utilitas , Dominus adiuuans , sum sum , si is qui fideliter ab sanctus pater accipio littera comprehendo , infirmitas ce",Lower without christus/christianus
440,IT-LAT0746,christian,0.961269763629855,0.9598443192607138,-0.00142544436914116,0.00142544436914116,0.00941290718849086,0.005125893149322547,2,2,40,De anima liber,"Q. sEPTIMII floreo tERTVLLIANI ANIMA . immortalitas ANIMAEus . si substantia anima , et an corporalis , et an effigiatus , unus sum anima et spiritus , non separo anima et animus , an sum , ubi sum quod dico egemonicon , de quinque sensus c",Lower without christus/christianus
629,IT-LAT0608,NA,0.960527938979238,0.9591130939190654,-0.0014148450601726426,0.0014148450601726426,0.012543181519292346,0.006540942331096533,2,2,10,De laude eremi,"Magnus tu quidem animus egredior dudum de domus tuus et de cognatio tuus usque in mare magnus recedo penetro , maior tamen uirtus eremus ab tu repeto sum . siquidem , cum hic primum hospes ingressus sum , [ habeo ] dux et uelut iter tu prae",Lower without christus/christianus
510,IT-LAT0878,NA,0.9567629189075085,0.9581565930248015,0.0013936741172929645,0.0013936741172929645,0.017003166721337504,0.008396452700377866,2,2,14,Vita Pauli,"inter multus saepe dubito sum , ab qui potissimum monachus eremus habito sum . quidam enim alte repeto ab beatus Elias et Iohannes principium sumo . qui et Elias plus nos uideo sum quam monachus et Iohannes ante propheto coepio quam nascor",Higher without christus/christianus
575,IT-LAT1004,NA,0.9556898543839277,0.957068823429409,0.0013789690454812653,0.0013789690454812653,0.01916687612933876,0.009493012476190194,2,2,7,Regula ad monachos,"miles ergo Christus sic taliter suus debeo compono gressus , charitas in sui perfectissimus contineo , ; Deus ex totus anima diligo , et ex totus cor , et ex totus uirtus suus . ; [ Marcus . Inuicem inter sui perfectissimus sector , pacific",Higher without christus/christianus
742,IT-LAT0990_1,NA,0.9608449763712122,0.9622015419231698,0.001356565551957567,0.001356565551957567,0.009096014553854448,0.004479985181971735,2,2,1,"Concilium Bracarense secundum duodecim episcoporum, habit...","cum Gallicia prouincia episcopus , tam ex Bracarensis quam ex Lucensis synodus , cum suus metropolitanus , praeceptum praefor rex simul in metropolitanus Bracarensis ecclesia conuenio , is sum Martinus , Nitigisius , Remisol , Andreas , Luc",Higher without christus/christianus
530,IT-LAT0397,NA,0.9623907444078585,0.9610817442454385,-0.0013090001624201097,0.0013090001624201097,0.005243816506380838,0.0038501474466673125,2,2,25,De fide et symbolo,"qui causa et scopus opus praesens . quoniam scribo sum et apostolicus disciplina robustissimus auctoritas firmo , quia iustus ex fides uiuo ; is que fides officium ab nos exigo et cor et lingua ; aio enim apostolus , cor credo ad iustitia ,",Lower without christus/christianus
749,MQDQ-525,NA,0.958917876990577,0.9576334309494187,-0.0012844460411583214,0.0012844460411583214,0.01404278011055693,0.005736944014120143,1,3,18,carminum libri  2,"crux benedico niteo , dominus qui caro pendo , atque cruor suus uulnus noster lauo , mitis amor pius pro nos uictima facio traho ab os lupus qui sacer agnus ouis , transfigo palma ubi mundus ab clades redimo atque suus claudo funus mors ite",Lower without christus/christianus
427,IT-LAT0749,NA,0.9602860003714827,0.9590596729140968,-0.0012263274573859062,0.0012263274573859062,0.011410466429610744,0.006931732835899179,2,2,9,Ad uxorem libri duo,"Dignus duco , dilectissimus ego in Dominus conseruo , quis tu sum post discessus de saeculum meus , si prior tu sum uoco , iam hinc prouideo , ut prouideo obseruo , mando fides tuus . nam saecularis satis ago sum et uterque noster consultum",Lower without christus/christianus
452,MQDQ-41,christian,0.9616953689951383,0.9605251144992919,-0.0011702544958464567,0.0011702544958464567,0.007668000255312779,0.003646930512215152,2,2,24,carmen de duobus populis,"quis possum unus proprie Deus nosco caelum , nisi qui is tulo ab error nefandus ? erro ignarus spatior spes capio inanis , dum furor aetas primus ego porto in aura . plus sum quam palea leuus ; quasi centum insum in umerus caput , sic praec",Lower without christus/christianus
454,MQDQ-40,christian,0.9615915991166126,0.9604927403780422,-0.001098858738570463,0.001098858738570463,0.005978698940876437,0.004745816005786552,2,2,21,instructiones 2,"credo in Christus derelinquo idolum omnis admoneo paucus propter salutaris uester . tempus primus per error si qui gero , erogo enim Christus tu cunctus relinquo , cumque Deus nosco , sum bonus tiro , probo , uirgineus que pudor tu cum uers",Lower without christus/christianus
520,IT-LAT0263,NA,0.9587690248663686,0.9597900169497475,0.0010209920833788577,0.0010209920833788577,0.012311395316101592,0.0064232490316740165,2,2,9,Epistula ad Marcellinam sororem,"quoniam in omnis fere epistula sollicitus quaero de ecclesia , accipio , quis ago . postridie quam accipio littera tuus , qui significo , quod tu exagito somnium tuus , moles inquietudo grauis coepio moueo . neque iam porciana , hic sum ext",Higher without christus/christianus
605,IT-LAT0880,christian,0.9612236270386494,0.9602334802707531,-9.90146767896244e-4,9.90146767896244e-4,0.00826252105502645,0.004727993128813085,2,2,18,Epistulae,": ad Innocentius presbyter de septiens percutio saepe ab ego , innocens carissimus , postulo , ut de is miraculum res , qui in noster aetas incido , non taceo . cumque ego is uerecundus et uere , ut nunc experior , nego ego que adsequor pos",Lower without christus/christianus
488,MQDQ-617,NA,0.9616306021368626,0.9606731205478588,-9.574815890038002e-4,9.574815890038002e-4,0.006055448439231115,0.004945786560164672,2,2,37,hymni,"hymnus de trinitas adsum , lumen uerus , pater omnipotens deus . adsum , lumen lumen , mysterium et uirtus deus . adsum , sanctus spiritus , pater et filius copula . tu cum quiesco , pater sum , cum procedo , filius , in unus qui cunctus ne",Lower without christus/christianus
745,IT-LAT0011,christian,0.9617097827074722,0.9608677752411579,-8.42007466314354e-4,8.42007466314354e-4,0.007224016175664372,0.00449190143832684,2,2,21,S. Benedicti Regula,"obsculta , o filum , praeceptum magister , et inclino auris cor tu , et admonitio pius pater libenter excipio et efficaciter compleo , ut ad is per oboedientia labor redeo , ab qui per inoboedientia desidia recedo . ad tu ergo nunc ego serm",Lower without christus/christianus
720,IT-LAT0250,NA,0.9609121469189862,0.9601629743035771,-7.491726154090494e-4,7.491726154090494e-4,0.007575774482632802,0.005565838434745923,2,2,6,De Anima,"cum iam suscipio opus opto finis gaudeo , ego que duodecim uolumen iacto quietus portus excipio , ubi etsi non laudo certe libero aduenio , amicus ego suauis collegium in salum rursus cogitatio exprimo , postulo ut aliquis qui tam in liber",Lower without christus/christianus
475,MQDQ-151,christian,0.9615299394452717,0.9607839334786099,-7.460059666616892e-4,7.460059666616892e-4,0.006538267129975628,0.004395600121801291,2,2,154,euangeliorum libri,"Rex sum Herodes Iudaea in gens cruentus , sub qui seruator iustus templum que sacerdos Zacharias , uicis qui templum cura tueor digero insto lectus ex ordo uates . hic inhaereo thalamus dignissimus coniunx . curo hic ambo parilis moderaminu",Lower without christus/christianus
585,MQDQ-282,NA,0.9620764744107214,0.9613650495514752,-7.114248592462458e-4,7.114248592462458e-4,0.004688634212432041,0.0030291385184822994,2,2,18,carmina epist. 32 inserta,"abluo quicumque anima et membrum lauacrum , cerno propono ad bonus facio uia . asto perfectus Martinus regula uita , Paulinus uenia qui mereo doceo . hic peccator , ille specto beatus ; exemplar sanctus ille sum , iste rea . diues ops Chris",Lower without christus/christianus
775,MQDQ-191,NA,0.9559845901091539,0.9566751482385015,6.905581293475405e-4,6.905581293475405e-4,0.016370981294843157,0.008783475975076116,2,2,46,in Euangelia,"procedo Christus que fidus sub mens saluto , facio deus uerbum que homo qui amplus doceo credo caelestis reparo tempus clarus . mulier hic urbs primum deleo , iste Femina post iste reparo mens modestus . sic mundus princeps Eua damno is que",Higher without christus/christianus
446,IT-LAT0865,christian,0.9624056959823528,0.961718485099154,-6.872108831987578e-4,6.872108831987578e-4,0.004488790795674769,0.003432520714050341,2,2,266,De Trinitate,"regula exigo ueritas ut primo omnis credo in Deus pater et Dominus omnipotens , is sum res omnis perfectus conditor , qui caelum alo sublimitas suspendo , terra deiectus mol solido , mare solutus liquor diffudeo et hic omnis proprius et con",Lower without christus/christianus
543,IT-LAT0847,NA,0.9627409677208164,0.9620655607243869,-6.754069964295673e-4,6.754069964295673e-4,0.0050868627205977734,0.00289745147644474,2,2,41,De Mysteriis,"caput PRIMUM . tractatus , qui ante de mos sanctus habeo , subjecio sui mysterium expositio spondeo . Deinde cur is non prior pateficio , declaro , mysticus aggredior apertio , qui ab Christus ipse olim celebro demonstro . de moralis quotid",Lower without christus/christianus
621,MQDQ-243,NA,0.9622844677733353,0.9616487424210161,-6.357253523193163e-4,6.357253523193163e-4,0.004499228243516784,0.002854510758516171,2,2,14,carmina minora,"splendidior lux lux mico , magnus que dies fulgeo clarus dies , totus festiuis annus , natalis qui lego deus . qui nascor ille , cum pater qui semper caelum in consors regno , uirtus magnus pater , caro primordium noster , mox homo in caelu",Lower without christus/christianus
765,MQDQ-619,christian,0.9617201601068218,0.9610890288021006,-6.311313047212552e-4,6.311313047212552e-4,0.005156308445035118,0.004337233259916917,2,2,18,hymni,"quis possum Deus placeo nouissimus in tempus uario insignis ueritas ordo excipio contemptor Mundus praesens iste ? Altus prosator , uetustus dies et ingigno sum absque origo primordius et crepido , sum et sum in saeculum saeculum infinitus",Lower without christus/christianus
540,IT-LAT0410,christian,0.9616117583056396,0.9610416679642908,-5.700903413488612e-4,5.700903413488612e-4,0.005613401600024215,0.004212282976821247,2,2,17,Vita Sancti Martini episcopi et confessoris,"seuerus desiderium frater carissimus . ego quidem , frater unanimis , libellus qui de uita sanctus Martinus scribo , scheda suus premo et intra domesticus paries cohibeo decerno , quia , ut sum natura , iudicium humanus uito , ne , qui sum",Lower without christus/christianus
752,MQDQ-528,NA,0.9596865172698472,0.9602324014241521,5.458841543048709e-4,5.458841543048709e-4,0.0060812543825448095,0.003783286493969612,2,2,8,carminum libri  5,"Martinus meritum cum nomen nobilis heres , pro Fortunatus , quaeso , preco deus . lumen apostolicus cum spargo unus trias excipio que nouus mundus honor dies , ut tenebra anima lux sementiuus fugo et clarus haurio mens oculatus fides , redd",Higher without christus/christianus
428,IT-LAT0256,christian,0.962553598337035,0.9620613222331262,-4.922761039087009e-4,4.922761039087009e-4,0.0036714792998076007,0.0030289661013082336,2,2,20,De Baptismo,"de Sacramentum aqua noster qui abluo delictus pristinus caecitas in uita aeternus libero non sum otiosus digeso iste , instruo tam is qui cum magis formo quam et ille qui simpliciter credo contineo , non exploro ratio traditio , temptabilis",Lower without christus/christianus
760,IT-LAT0435,christian,0.9619170997304879,0.9614293692127363,-4.8773051775166665e-4,4.8773051775166665e-4,0.005310968277911776,0.004142866685007213,2,2,1,Sententiae patrum Aegyptiorum,"abbas Iohannes dico frater : pater manduco panis tantum et sal fortis factum sum in opus Deus , dum angusto sui ipse . constringo ergo nos in ipse panis et sal . oportet enim seruio Deus in iste coarto , quia ipse Dominus dico . interrogo f",Lower without christus/christianus
652,MQDQ-285,christian,0.9615985750574603,0.9611150350386628,-4.835400187974126e-4,4.835400187974126e-4,0.00554382654231278,0.0041971145025963,2,2,69,de uita Martini,"spargo in totus lumen uenerabilis mundus Christus , euangelicus resero mysterium regnum . sed quia non omnis uirtus operatio gens moueo , et fragilis dubito credo sensus quidquid ab externus uulgo nuntius os ( nam uerbum comperio moueo , pr",Lower without christus/christianus
447,IT-LAT0059,christian,0.9624766132044211,0.9620011725000249,-4.754407043961184e-4,4.754407043961184e-4,0.0033364906223696256,0.002850343139669226,2,2,58,De unitate ecclesiae,"I. cum moneo Dominus et dico : uos sum sal terra ( Matthaeus . u , 13 ) , cumque sum nos iubeo ad innocentia simplex , et tamen cum simplicitas prudens ( ib . X , 16 ) , quis alius , frater dilectus , qui prouideo nos conuenio , et sollicis",Lower without christus/christianus
780,MQDQ-534,NA,0.9519106679587017,0.9515192791168764,-3.9138884182535194e-4,3.9138884182535194e-4,0.01568750035911526,0.00952368247838506,2,2,5,carminum libri 11,"qui sine ego meus lux oculus sui erro abdo neque patior uisus sui resero meus omnis conspicio simul : aether flumen terra ; cum tu non uideo , sum ego cunctus parum . quamuis sum caelum nebula fugio serenus , tu celo ego sto sine sol dies .",Lower without christus/christianus
435,IT-LAT0747,christian,0.9617132918738455,0.9613275808426014,-3.8571103124410144e-4,3.8571103124410144e-4,0.00567743910728602,0.004024866874653893,2,2,30,Liber de fuga in persecutione,"quaero prope , Fabius frater , fugio necne sum in persecutio , quod nescio quis annuntio . ibidem ego obloquor aliquis pro locus atque tempus et quidam persona importunitas semitractata materia aufero ego cum , plenior in is de stilus nunc",Lower without christus/christianus
758,IT-LAT0990_7,NA,0.9603545011641753,0.9607120345316779,3.575333675025216e-4,3.575333675025216e-4,0.010085100970681826,0.00597356057484047,2,2,3,Exhortatio humilitatis,"quisquis nutus Deus quilibet officium dignitas praecello atque gubernatio utilitas ceterus praecedo homo , hic exhortatiuncula meus dignanter , quaeso , recipio , neque pomposus in is spuma rhetor quaero , quia humilitas uirtus non uerbum e",Higher without christus/christianus
643,MQDQ-423,christian,0.9623696760382303,0.9621861428003947,-1.835332378356258e-4,1.835332378356258e-4,0.005750999252999378,0.0031853168177315705,2,2,27,hymni,"canto , socius , Dominus , canto honor , dulcis amor Christus persono os pius . primus ad imus ruo magnus de lux superbus : sic homo , cum tumesco , primus ad imus ruo . Unius ob meritum cunctus pereo minor : saluo cunctus unus ob meritum .",Lower without christus/christianus
626,IT-LAT0016,NA,0.9538988919571217,0.953741694793324,-1.5719716379775095e-4,1.5719716379775095e-4,0.015118331082618397,0.009004906162109028,2,2,1,Regula,"praefatioAnte omnis , frater carus , diligo Deus , deinde et proximus , quia iste sum praeceptum principaliter nos datum . hic sum qui ut obseruo , praecipio in monasterium constitutum . primus , propter qui in unus sum congrego , ut unanim",Lower without christus/christianus
655,MQDQ-608,christian,0.9608402705652948,0.960691884871118,-1.483856941767725e-4,1.483856941767725e-4,0.004995649964893212,0.0039347541336254566,2,2,2,epistula ad Arbogastem,"praecelsum et spectabilis hic Arbogastus comes Auspicius , qui diligo , salutes dico plurimus . Magnus caelestis dominus repo cor gratia , qui tu Tullensis prope Magnus in urbs uideo . multus ego tuus actus laetifico antea ; sed nunc facio",Lower without christus/christianus
739,IT-LAT0990,christian,0.9619112824245312,0.9617714994179103,-1.3978300662087495e-4,1.3978300662087495e-4,0.00465817344122299,0.0037574131842344483,2,2,2,"Concilium Bracarense primum octo episcoporum, habitum aer...","cum Gallicia prouincia episcopus , Lucretius , Andreas , Martinus , Cottus , ildericus , Lucetius , Timotheus , maliosus , ex praeceptum praefatus gloriosus Ariamirius rex in metropolitanus idem prouincia Bracarensus ecclesia conuenio , con",Lower without christus/christianus
647,MQDQ-363,NA,0.9615004411387474,0.961488109715989,-1.2331422758471433e-5,1.2331422758471433e-5,0.004725376740305043,0.003663563249913071,2,2,27,epigrammata,"dum sacer mens placeo exerceo loquela , caelestis que animus pasco panis iuuo : quidam , ceu pratum , libet decerpo flos , distinctus que ipse texor uersiculus . ut proprius cano epigramma singulus causa , et pars quaequi suus congruo titul",Lower without christus/christianus
