score,model,mean,lower,upper,prob_positive,y_sd,mean_std,lower_std,upper_std,score_label,main_model,main_model_pretty
score_nb_logit,date_rw2_creator_source,-1.8724660891904998,-4.242911663213295,0.49313186579532814,0.05999413745755333,27.10433416234271,-0.06908364094005315,-0.15653997024240376,0.018193838034968546,NB,date_rw2_creator_source,Source + RW2 date + creator
score_ridge_logit,date_rw2_creator_source,0.07071018683794825,-0.12090837837932339,0.2622366557264195,0.765081946876635,2.0103391574157827,0.035173262470221,-0.06014327380199204,0.13044398740335691,Elastic net,date_rw2_creator_source,Source + RW2 date + creator
score_svm_logit,date_rw2_creator_source,-0.18980291210279837,-0.5689456798578534,0.18904525863596774,0.16222907023193278,4.452305590492067,-0.04263025262868837,-0.12778675414213286,0.042460081590013805,SVM,date_rw2_creator_source,Source + RW2 date + creator
score_xgb_logit,date_rw2_creator_source,-0.3265683049117801,-0.6160239223818763,-0.03741195817310582,0.013266667758484285,3.257814569466618,-0.10024152632028015,-0.189091155818219,-0.011483759242697185,XGBoost,date_rw2_creator_source,Source + RW2 date + creator
score_lgb_logit,date_rw2_creator_source,-0.18755251868669012,-0.4480808097405846,0.0728237518636899,0.07842323371866444,2.942219811873306,-0.0637452436183807,-0.1522934513364222,0.024751295457195344,LightGBM,date_rw2_creator_source,Source + RW2 date + creator
score_bert_logit,date_rw2_creator_source,0.8874563181180309,0.523237413819972,1.251398751816568,0.9999998128036381,3.5030130851659,0.25334085158748465,0.14936781596269486,0.35723496355632445,Latin BERT,date_rw2_creator_source,Source + RW2 date + creator
