model,auc,log_loss,brier,threshold_policy_youden,accuracy_youden,balanced_accuracy_youden,precision_youden,recall_youden,specificity_youden,f1_youden,mcc_youden,tp_youden,tn_youden,fp_youden,fn_youden,threshold_policy_f1,accuracy_f1,balanced_accuracy_f1,precision_f1,recall_f1,specificity_f1,f1_f1,mcc_f1,tp_f1,tn_f1,fp_f1,fn_f1
naive_bayes,0.7406997138373491,0.6019963317659401,0.20737730378615557,nested_outer_train_only,0.7060439560439561,0.7130834794916767,0.7873563218390804,0.6618357487922706,0.7643312101910829,0.7191601049868767,0.4225356430989383,137,120,37,70,nested_outer_train_only,0.6730769230769231,0.6594818302101604,0.6946902654867256,0.7584541062801933,0.5605095541401274,0.7251732101616628,0.3255985354811342,157,88,69,50
elastic_net,0.7923782270223699,0.5623173174098505,0.1904890704885602,nested_outer_train_only,0.7115384615384616,0.7194529062432691,0.7965116279069767,0.6618357487922706,0.7770700636942676,0.7229551451187336,0.43540307654605487,137,122,35,70,nested_outer_train_only,0.6978021978021978,0.6796824517677467,0.702928870292887,0.8115942028985508,0.5477707006369427,0.7533632286995515,0.3748147752717904,168,86,71,39
svm_platt,0.8192252069294443,0.510775315015524,0.16910014746385835,nested_outer_train_only,0.7417582417582418,0.7567925166928213,0.864516129032258,0.6473429951690821,0.8662420382165605,0.7403314917127073,0.5144087722862879,134,136,21,73,nested_outer_train_only,0.7142857142857143,0.7018677497769161,0.7288888888888889,0.7922705314009661,0.6114649681528662,0.7592592592592593,0.4115601126052385,164,96,61,43
xgboost,0.7574233053324717,0.5833680035961337,0.19693322717811398,nested_outer_train_only,0.6978021978021978,0.7019908304870919,0.7679558011049724,0.6714975845410628,0.732484076433121,0.7164948453608246,0.4001582886899982,139,115,42,68,nested_outer_train_only,0.6730769230769231,0.6425582325610019,0.662962962962963,0.8647342995169082,0.42038216560509556,0.750524109014675,0.32263500700801845,179,66,91,28
lightgbm,0.766977445459861,0.5660528517093237,0.19419789003665744,nested_outer_train_only,0.7087912087912088,0.7185759561832672,0.8023952095808383,0.6473429951690821,0.7898089171974523,0.7165775401069517,0.43448624580065087,134,124,33,73,nested_outer_train_only,0.6703296703296703,0.6532200990799717,0.6851063829787234,0.7777777777777778,0.5286624203821656,0.7285067873303167,0.3172867580035183,161,83,74,46
