model,auc,log_loss,brier,threshold_policy_youden,accuracy_youden,balanced_accuracy_youden,precision_youden,recall_youden,specificity_youden,f1_youden,mcc_youden,tp_youden,tn_youden,fp_youden,fn_youden,threshold_policy_f1,accuracy_f1,balanced_accuracy_f1,precision_f1,recall_f1,specificity_f1,f1_f1,mcc_f1,tp_f1,tn_f1,fp_f1,fn_f1
ridge,0.9512752188808522,0.32867490754173123,0.09677915255057835,nested_outer_train_only,0.8758620689655172,0.8755234107346783,0.8840579710144928,0.8591549295774648,0.8918918918918919,0.8714285714285713,0.7517625814921537,61,66,8,10,nested_outer_train_only,0.8758620689655172,0.8752379139703084,0.8955223880597015,0.8450704225352113,0.9054054054054054,0.8695652173913043,0.7524836017541436,60,67,7,11
