model,auc,log_loss,brier,threshold_youden,accuracy_youden,precision_youden,recall_youden,f1_youden,threshold_f1,accuracy_f1,precision_f1,recall_f1,f1_f1
bert,0.8357441948991244,1.4207533687492153,0.16873972726783634,0.5155598981184533,0.8137931034482758,0.8055555555555556,0.8169014084507042,0.8111888111888113,0.5155598981184533,0.8137931034482758,0.8055555555555556,0.8169014084507042,0.8111888111888113
