model,n_splits,mean_auc,mean_log_loss,mean_brier,mean_bal_acc_youden,mean_f1_youden,mean_mcc_youden
elastic_net,3,0.9998887405429462,0.12030833860186753,0.02676027310071638,0.9837484462041343,0.7159090909090909,0.7516716213643211
lightgbm,3,0.9993324432576769,0.12690145805897735,0.025018715307565585,0.9442454097626511,0.8576923076923076,0.8461365056629486
svm_platt,3,0.9992211838006231,0.19860950628903973,0.06044621803046643,0.9479727759618188,0.5643307757885764,0.600707080460019
xgboost,3,0.993890844358134,0.12857526886755727,0.028283535532787715,0.9514399554683151,0.7323232323232323,0.7295407530100553
naive_bayes,3,0.9362368215091387,0.3385999574680227,0.10517331688476224,0.9259434034651566,0.5125272331154684,0.543109170836606
