model,n_splits,mean_auc,mean_log_loss,mean_brier,mean_bal_acc_youden,mean_f1_youden,mean_mcc_youden
elastic_net,1,0.8737244897959182,0.9555257007911944,0.34454944661805553,0.7735969387755102,0.7912087912087913,0.5353740416115511
svm_platt,1,0.8724489795918366,0.7857585685488544,0.23470711733809624,0.7994260204081632,0.8131868131868131,0.5859163462392151
xgboost,1,0.8233418367346939,1.3642332482474533,0.2770884720086721,0.7382015306122449,0.7294117647058823,0.4686947246320991
naive_bayes,1,0.7927295918367344,1.3952552078748202,0.2795522147243915,0.7904974489795918,0.75,0.5843586790942569
lightgbm,1,0.7818877551020412,1.543269178519391,0.28258660772331784,0.721938775510204,0.7472527472527472,0.43428943235622325
