split_type,train_period,test_period,model,tuned_alpha,tuned_lambda,tuned_lambda_rule,tuned_cv_auc,tuned_cv_log_loss,tuned_cv_brier,train_n,train_pos,train_neg,test_n,test_pos,test_neg,auc,log_loss,brier,accuracy_youden,balanced_accuracy_youden,precision_youden,recall_youden,specificity_youden,f1_youden,mcc_youden,accuracy_f1,balanced_accuracy_f1,precision_f1,recall_f1,specificity_f1,f1_f1,mcc_f1
rolling_future_block,<=_3c_BCE__to__4c_CE,5c_CE__to__6c_CE,naive_bayes,NA,NA,NA,NA,NA,NA,281,27,254,81,49,32,0.7927295918367344,1.3952552078748202,0.2795522147243915,0.7530864197530864,0.7904974489795918,0.967741935483871,0.6122448979591837,0.96875,0.75,0.5843586790942569,0.7407407407407407,0.7802933673469388,0.9666666666666667,0.5918367346938775,0.96875,0.7341772151898733,0.5675055726863059
rolling_future_block,<=_3c_BCE__to__4c_CE,5c_CE__to__6c_CE,elastic_net,0.1,2.517992662531912,lambda.min,0.9967920676582093,0.6154270888375523,0.21125391804891844,281,27,254,81,49,32,0.8737244897959182,0.9555257007911944,0.34454944661805553,0.7654320987654321,0.7735969387755102,0.8571428571428571,0.7346938775510204,0.8125,0.7912087912087913,0.5353740416115511,0.7777777777777778,0.7892219387755102,0.8780487804878049,0.7346938775510204,0.84375,0.8,0.5656038198776852
rolling_future_block,<=_3c_BCE__to__4c_CE,5c_CE__to__6c_CE,svm_platt,NA,NA,NA,NA,NA,NA,281,27,254,81,49,32,0.8724489795918366,0.7857585685488544,0.23470711733809624,0.7901234567901234,0.7994260204081632,0.8809523809523809,0.7551020408163265,0.84375,0.8131868131868131,0.5859163462392151,0.7654320987654321,0.7898596938775511,0.9166666666666666,0.673469387755102,0.90625,0.7764705882352941,0.5703393637089399
rolling_future_block,<=_3c_BCE__to__4c_CE,5c_CE__to__6c_CE,xgboost,NA,NA,NA,NA,NA,NA,281,27,254,81,49,32,0.8233418367346939,1.3642332482474533,0.2770884720086721,0.7160493827160493,0.7382015306122449,0.8611111111111112,0.6326530612244898,0.84375,0.7294117647058823,0.4686947246320991,0.7037037037037037,0.7279974489795918,0.8571428571428571,0.6122448979591837,0.84375,0.7142857142857143,0.4500078343285023
rolling_future_block,<=_3c_BCE__to__4c_CE,5c_CE__to__6c_CE,lightgbm,NA,NA,NA,NA,NA,NA,281,27,254,81,49,32,0.7818877551020412,1.543269178519391,0.28258660772331784,0.7160493827160493,0.721938775510204,0.8095238095238095,0.6938775510204082,0.75,0.7472527472527472,0.43428943235622325,0.7160493827160493,0.7327806122448979,0.8421052631578947,0.6530612244897959,0.8125,0.735632183908046,0.4560619132456815
