model,auc,log_loss,brier,accuracy_youden,balanced_accuracy_youden,precision_youden,recall_youden,specificity_youden,f1_youden,mcc_youden,tp_youden,tn_youden,fp_youden,fn_youden,accuracy_f1,balanced_accuracy_f1,precision_f1,recall_f1,specificity_f1,f1_f1,mcc_f1,tp_f1,tn_f1,fp_f1,fn_f1
naive_bayes,0.9443089804931916,0.1773228989866911,0.039773553435104664,0.9558011049723757,0.9478744939271255,0.8658536585365854,0.9342105263157895,0.9615384615384616,0.8987341772151899,0.8715457650770796,71,275,11,5,0.9613259668508287,0.9465403018034597,0.8974358974358975,0.9210526315789473,0.972027972027972,0.9090909090909091,0.8846551265348357,70,278,8,6
enet,0.9773647405226306,0.14019094941325302,0.03887587797268498,0.9530386740331491,0.950956937799043,0.8470588235294118,0.9473684210526315,0.9545454545454546,0.8944099378881987,0.8665737587213902,72,273,13,4,0.9502762430939227,0.9153938167096062,0.9027777777777778,0.8552631578947368,0.9755244755244755,0.8783783783783783,0.8476461402804721,65,279,7,11
svm_platt,0.9808612440191335,0.19931175053466021,0.05939806069102129,0.9613259668508287,0.9658630842841369,0.8604651162790697,0.9736842105263158,0.958041958041958,0.9135802469135803,0.8916087858891271,74,274,12,2,0.9585635359116023,0.9592841369157159,0.8588235294117647,0.9605263157894737,0.958041958041958,0.906832298136646,0.8825755798118382,73,274,12,3
xgboost,0.9539013617961,0.17207507359809915,0.04547460803612194,0.930939226519337,0.9128174457121825,0.8072289156626506,0.881578947368421,0.9440559440559441,0.8427672955974843,0.7999018530691163,67,270,16,9,0.93646408839779,0.9066525579683474,0.8441558441558441,0.8552631578947368,0.958041958041958,0.8496732026143792,0.8094229691124488,65,274,12,11
lightgbm,0.9643908722856109,0.15820703275173095,0.04248493104328392,0.9392265193370166,0.9277235921972764,0.8214285714285714,0.9078947368421053,0.9475524475524476,0.8625,0.825317345990427,69,271,15,7,0.9502762430939227,0.9202245123297754,0.8918918918918919,0.868421052631579,0.972027972027972,0.88,0.8487681737916564,66,278,8,10
