model_label,n_docs,auc,average_precision,log_loss,brier,ece,calibration_intercept,calibration_slope,mean_prob_christian,mean_prob_non_christian,separation
SVM + Platt,362,0.9808612440191335,0.9538392799996779,0.19931175053466021,0.05939806069102129,0.0763097444548925,0.45523358458831553,1.154899998759129,0.6900630275047809,0.0650409102741652,0.6250221172306156
Elastic net,362,0.9773647405226306,0.9519606339166163,0.14019094941325302,0.03887587797268498,0.029759525634130014,0.19178567970544408,1.122309788913104,0.8036533160497927,0.05090351236306376,0.752749803686729
LightGBM,362,0.9643908722856109,0.9335886931530774,0.15820703275173095,0.04248493104328392,0.026308030620131755,0.11050505831170963,0.9874907599729211,0.7925481381519985,0.048705910654966246,0.7438422274970323
XGBoost,362,0.9539013617961,0.9164044891928864,0.17207507359809915,0.04547460803612194,0.03531314844684028,-0.1399932202794103,0.8676197108392053,0.8043939874449465,0.051062098861230934,0.7533318885837156
Naive Bayes,362,0.9443089804931916,0.8649943696111118,0.17732289898669115,0.039773553435104664,0.024426489736677912,0.11524627542990032,1.0017727685395355,0.7751665793140298,0.05262348452250438,0.7225430947915253
