dominant_type,n_authors,median_loss,mean_loss,q75_loss,mean_christian_share
poetry,140,0.04396180884815864,0.2016679153476809,0.08360934214733673,0.21225649350649303
prose,49,0.04278930375160347,0.14071355096258092,0.09792089882709658,0.26870748299319713
