christian_share_bin,n_authors,median_loss,mean_loss,q75_loss
"mixed, mostly Christian",1,0.5640440481232584,0.5640440481232584,0.5640440481232584
"mixed, mostly non-Christian",2,0.39198721504376394,0.39198721504376394,0.5695705437513018
100% Christian,40,0.2571695837621466,0.579821026500031,0.6193170998329726
balanced,4,0.10793306698828233,0.3247065337609762,0.36377588383259685
0% Christian,142,0.032947908056458766,0.0654139892435624,0.0582345751424416
